{"type": "FeatureCollection", "features": [{"type": "Feature", "geometry": {"type": "Polygon", "coordinates": [[[-96.84914344852362, 32.807580561404464], [-96.84914890317026, 32.80727844128283], [-96.84893710817238, 32.80728068985083], [-96.84860574530197, 32.80616284471636], [-96.84830262213158, 32.80541036303581], [-96.84741136074003, 32.80480640725724], [-96.84679813725324, 32.80444977959189], [-96.84680554986173, 32.80405200546491], [-96.84727369606124, 32.80419461080997], [-96.84728004053655, 32.80282228739753], [-96.84681073473192, 32.80282099066975], [-96.84680673893085, 32.80064093146504], [-96.84855426927163, 32.80149713508917], [-96.84851839389255, 32.801558152655204], [-96.84905226256231, 32.80177203168812], [-96.85043394077724, 32.802211714869664], [-96.85161655178455, 32.80246352154386], [-96.85160180035304, 32.80489699757328], [-96.85121908647518, 32.804895416393094], [-96.85120637608874, 32.80552841696543], [-96.85159676192094, 32.805532802152435], [-96.85159115348445, 32.80723015361903], [-96.85101962927642, 32.807231819332905], [-96.85102217038299, 32.80765069655752], [-96.85064514262275, 32.80795719448552], [-96.8501852935324, 32.80795277860047], [-96.84971497419541, 32.80782436567589], [-96.84914344852362, 32.807580561404464]], [[-96.84915247404909, 32.80640154464982], [-96.84915650820338, 32.80530216935747], [-96.84844881474524, 32.805345042800404], [-96.84885801192465, 32.80644748504735], [-96.84915247404909, 32.80640154464982]], [[-96.85064485487979, 32.80585345000236], [-96.8506437809352, 32.806265758587685], [-96.85103435849652, 32.80626648353407], [-96.85103543062593, 32.805854174945395], [-96.85064485487979, 32.80585345000236]], [[-96.84971256928354, 32.805992053497945], [-96.84971248363519, 32.805853169513384], [-96.84933120541683, 32.805854680581874], [-96.84933143228503, 32.80612939783894], [-96.84971264301669, 32.806128078293405], [-96.84971256928354, 32.805992053497945]], [[-96.84877535312926, 32.80366121702245], [-96.84877853674037, 32.80324891701017], [-96.84838797938366, 32.80324676517899], [-96.84838479395766, 32.8036590651813], [-96.84877535312926, 32.80366121702245]], [[-96.8506717567185, 32.803524047029214], [-96.85066943965417, 32.80365813227854], [-96.85105996559655, 32.80366294309999], [-96.85106471280773, 32.803388099366146], [-96.85067418807486, 32.803383288559516], [-96.8506717567185, 32.803524047029214]], [[-96.84917029035338, 32.803118560567896], [-96.84917251947873, 32.8028436943917], [-96.84878196594245, 32.802841433861886], [-96.84877973398008, 32.80311630000947], [-96.84917029035338, 32.803118560567896]], [[-96.850677447321, 32.8027729729395], [-96.85067676177731, 32.80311546323026], [-96.85106635379415, 32.80311601437133], [-96.85106781689814, 32.80286505771432], [-96.850677447321, 32.8027729729395]], [[-96.84920004853092, 32.80197556192374], [-96.8491141274543, 32.80214472903063], [-96.84943318602033, 32.80223669307235], [-96.84950462534609, 32.80209636373923], [-96.84920004853092, 32.80197556192374]], [[-96.84784128322332, 32.80214812456377], [-96.84784033993189, 32.801765478829786], [-96.84744931664552, 32.80157514952792], [-96.84745072343544, 32.802148808105855], [-96.84784128322332, 32.80214812456377]]]}, "properties": {"title": "HAMPTON AND INDUSTRIAL | 9 Future Units", "description": "Dallas | Multi-Family | Total 1 | Built 1 | Future Lots 0 | Future Units 9 | 1_parcels_with_year_built_since_2024; 1_parcels_with_incomplete_official_structure_records", "feature_role": "project_boundary", "legend_category": "Other Active Residential", "rank": null, "project_id": "DCAD-SUBD-ROW10201-c8b68f6421", "subdivision_number": null, "subdivision_name": "HAMPTON AND INDUSTRIAL", "city": "Dallas", "housing_type": "Multi-Family", "total_lots": 1, "built_lots": 1, "future_lots": 0, "future_units": 9, "activity_status": "active_residential", "active_evidence": "1_parcels_with_year_built_since_2024; 1_parcels_with_incomplete_official_structure_records", "match_confidence": 1.0, "review_status": "high_confidence_spatial_subset", "source_snapshot_date": "GIS parcel 2026-07-10; subdivision 2026-06-27; appraisal retrieved 2026-08-13 (2027 current)", "stroke": "#176B66", "stroke-width": 1, "stroke-opacity": 0.7, "fill": "#2A9D8F", "fill-opacity": 0.22}}, {"type": "Feature", "geometry": {"type": "Polygon", "coordinates": [[[-96.77786162703323, 32.80214431802628], [-96.77760785825355, 32.801922276958194], [-96.77756343051728, 32.80195859997229], [-96.77744809592149, 32.801857584354224], [-96.77768981013806, 32.801610169958806], [-96.77815002412879, 32.80199894407381], [-96.77796382945841, 32.802154539798345], [-96.77790509320187, 32.8021823474356], [-96.77786162703323, 32.80214431802628]]]}, "properties": {"title": "HOLLY AVENUE | 8 Future Units", "description": "Dallas | Multi-Family | Total 8 | Built 8 | Future Lots 0 | Future Units 8 | 8_parcels_with_year_built_since_2024; 8_parcels_with_incomplete_official_structure_records", "feature_role": "project_boundary", "legend_category": "Other Active Residential", "rank": null, "project_id": "DCAD-SUBD-ROW11183-bf18433e81", "subdivision_number": null, "subdivision_name": "HOLLY AVENUE", "city": "Dallas", "housing_type": "Multi-Family", "total_lots": 8, "built_lots": 8, "future_lots": 0, "future_units": 8, "activity_status": "active_residential", "active_evidence": "8_parcels_with_year_built_since_2024; 8_parcels_with_incomplete_official_structure_records", "match_confidence": 1.0, "review_status": "high_confidence_spatial_subset", "source_snapshot_date": "GIS parcel 2026-07-10; subdivision 2026-06-27; appraisal retrieved 2026-08-13 (2027 current)", "stroke": "#176B66", "stroke-width": 1, "stroke-opacity": 0.7, "fill": "#2A9D8F", "fill-opacity": 0.22}}, {"type": "Feature", "geometry": {"type": "Polygon", "coordinates": [[[-96.86102550121387, 32.865343025464824], [-96.86147146478258, 32.865348692151635], [-96.86147182225028, 32.86580731475882], [-96.86050937966317, 32.86580784100003], [-96.86046048754419, 32.86577350055726], [-96.86028136715684, 32.86580796451427], [-96.85848448296363, 32.8658089240226], [-96.858399715703, 32.865377186311825], [-96.85844852297754, 32.865336054817725], [-96.86102550121387, 32.865343025464824]]]}, "properties": {"title": "BLUFFVIEW APARTMENTS | 70 Future Units", "description": "Dallas | Multi-Family | Total 2 | Built 2 | Future Lots 0 | Future Units 70 | 1_parcels_with_incomplete_official_structure_records", "feature_role": "project_boundary", "legend_category": "Other Active Residential", "rank": null, "project_id": "DCAD-SUBD-ROW2142-b6d5b71cac", "subdivision_number": null, "subdivision_name": "BLUFFVIEW APARTMENTS", "city": "Dallas", "housing_type": "Multi-Family", "total_lots": 2, "built_lots": 2, "future_lots": 0, "future_units": 70, "activity_status": "active_residential", "active_evidence": "1_parcels_with_incomplete_official_structure_records", "match_confidence": 0.999593, "review_status": "high_confidence_spatial_subset", "source_snapshot_date": "GIS parcel 2026-07-10; subdivision 2026-06-27; appraisal retrieved 2026-08-13 (2027 current)", "stroke": "#176B66", "stroke-width": 1, "stroke-opacity": 0.7, "fill": "#2A9D8F", "fill-opacity": 0.22}}, {"type": "Feature", "geometry": {"type": "Polygon", "coordinates": [[[-96.59697271780084, 32.89809446161309], [-96.5964121437527, 32.89666455952629], [-96.59537558800069, 32.895877414578884], [-96.59517132901543, 32.89470523642845], [-96.59540862116646, 32.89421919110638], [-96.59880843495722, 32.89412701498207], [-96.59881452517712, 32.89610634168726], [-96.60039716361955, 32.89612112149241], [-96.60032193946094, 32.89781560818119], [-96.60000931252702, 32.89779700020223], [-96.59932076282495, 32.897881658809204], [-96.59817772148921, 32.898644714254736], [-96.59721380076289, 32.89879126938726], [-96.59697271780084, 32.89809446161309]]]}, "properties": {"title": "URBANA CENTERVILLE | 301 Future Units", "description": "Garland | Multi-Family | Total 1 | Built 1 | Future Lots 0 | Future Units 301 | 1_parcels_with_year_built_since_2024; 1_parcels_with_incomplete_official_structure_records", "feature_role": "project_boundary", "legend_category": "Other Active Residential", "rank": null, "project_id": "DCAD-SUBD-61627-1c7b2aa0e3", "subdivision_number": "61627", "subdivision_name": "URBANA CENTERVILLE", "city": "Garland", "housing_type": "Multi-Family", "total_lots": 1, "built_lots": 1, "future_lots": 0, "future_units": 301, "activity_status": "active_residential", "active_evidence": "1_parcels_with_year_built_since_2024; 1_parcels_with_incomplete_official_structure_records", "match_confidence": 1.0, "review_status": "high_confidence_spatial_subset", "source_snapshot_date": "GIS parcel 2026-07-10; subdivision 2026-06-27; appraisal retrieved 2026-08-13 (2027 current)", "stroke": "#176B66", "stroke-width": 1, "stroke-opacity": 0.7, "fill": "#2A9D8F", "fill-opacity": 0.22}}, {"type": "Feature", "geometry": {"type": "Polygon", "coordinates": [[[-96.79285119253048, 32.7775513607785], [-96.79272753463863, 32.7774423437568], [-96.79294300775543, 32.777261343489535], [-96.79315707723242, 32.777443685449455], [-96.79308886954162, 32.77750043346002], [-96.79285119253048, 32.7775513607785]]]}, "properties": {"title": "JAFAR | 15 Future Units", "description": "Dallas | Multi-Family | Total 1 | Built 1 | Future Lots 0 | Future Units 15 | 1_parcels_with_incomplete_official_structure_records", "feature_role": "project_boundary", "legend_category": "Other Active Residential", "rank": null, "project_id": "DCAD-SUBD-ROW12000-b6dfb338d8", "subdivision_number": null, "subdivision_name": "JAFAR", "city": "Dallas", "housing_type": "Multi-Family", "total_lots": 1, "built_lots": 1, "future_lots": 0, "future_units": 15, "activity_status": "active_residential", "active_evidence": "1_parcels_with_incomplete_official_structure_records", "match_confidence": 1.0, "review_status": "high_confidence_spatial_subset", "source_snapshot_date": "GIS parcel 2026-07-10; subdivision 2026-06-27; appraisal retrieved 2026-08-13 (2027 current)", "stroke": "#176B66", "stroke-width": 1, "stroke-opacity": 0.7, "fill": "#2A9D8F", "fill-opacity": 0.22}}, {"type": "Feature", "geometry": {"type": "Polygon", "coordinates": [[[-96.8305287724551, 32.745192676051175], [-96.83053946842148, 32.745533001393184], [-96.83030107908287, 32.74553002068845], [-96.83029978571318, 32.74519131024856], [-96.8305287724551, 32.745192676051175]]]}, "properties": {"title": "WEST TENTH STREET TRIPLEX | 3 Future Units", "description": "Dallas | Multi-Family | Total 1 | Built 1 | Future Lots 0 | Future Units 3 | 1_parcels_with_year_built_since_2024; 1_parcels_with_incomplete_official_structure_records", "feature_role": "project_boundary", "legend_category": "Other Active Residential", "rank": null, "project_id": "DCAD-SUBD-ROW27722-a6abdfd533", "subdivision_number": null, "subdivision_name": "WEST TENTH STREET TRIPLEX", "city": "Dallas", "housing_type": "Multi-Family", "total_lots": 1, "built_lots": 1, "future_lots": 0, "future_units": 3, "activity_status": "active_residential", "active_evidence": "1_parcels_with_year_built_since_2024; 1_parcels_with_incomplete_official_structure_records", "match_confidence": 1.0, "review_status": "high_confidence_spatial_subset", "source_snapshot_date": "GIS parcel 2026-07-10; subdivision 2026-06-27; appraisal retrieved 2026-08-13 (2027 current)", "stroke": "#176B66", "stroke-width": 1, "stroke-opacity": 0.7, "fill": "#2A9D8F", "fill-opacity": 0.22}}, {"type": "Feature", "geometry": {"type": "Polygon", "coordinates": [[[-96.76699609121675, 32.810672209363716], [-96.76699244449622, 32.81013643172808], [-96.76748133164746, 32.81013685715243], [-96.76748497966643, 32.810672636125226], [-96.76732155169044, 32.810673003061865], [-96.76732410088793, 32.811052323679576], [-96.76764945900365, 32.81105342847198], [-96.76699864230405, 32.8110515286593], [-96.76699609121675, 32.810672209363716]]]}, "properties": {"title": "ROSS AVENUE HEIGHTS  PT | 1 Future Units", "description": "Dallas | Multi-Family | Total 4 | Built 4 | Future Lots 0 | Future Units 1 | 1_parcels_with_year_built_since_2024; 1_parcels_with_incomplete_official_structure_records", "feature_role": "project_boundary", "legend_category": "Other Active Residential", "rank": null, "project_id": "DCAD-SUBD-ROW21144-2165f3293c", "subdivision_number": null, "subdivision_name": "ROSS AVENUE HEIGHTS  PT", "city": "Dallas", "housing_type": "Multi-Family", "total_lots": 4, "built_lots": 4, "future_lots": 0, "future_units": 1, "activity_status": "active_residential", "active_evidence": "1_parcels_with_year_built_since_2024; 1_parcels_with_incomplete_official_structure_records", "match_confidence": 0.999889, "review_status": "high_confidence_spatial_subset", "source_snapshot_date": "GIS parcel 2026-07-10; subdivision 2026-06-27; appraisal retrieved 2026-08-13 (2027 current)", "stroke": "#176B66", "stroke-width": 1, "stroke-opacity": 0.7, "fill": "#2A9D8F", "fill-opacity": 0.22}}, {"type": "Feature", "geometry": {"type": "Polygon", "coordinates": [[[-96.80980539498611, 32.8473928450775], [-96.80988680331643, 32.84739296931946], [-96.80988529073662, 32.84778466002405], [-96.80972247702965, 32.84778550016764], [-96.80972031340998, 32.847393811755076], [-96.80980539498611, 32.8473928450775]]]}, "properties": {"title": "HIGHLAND PARK HIGH SCHOOL REPLAT | 2 Future Units", "description": "University Park | Multi-Family | Total 2 | Built 2 | Future Lots 0 | Future Units 2 | 2_parcels_with_year_built_since_2024; 2_parcels_with_incomplete_official_structure_records", "feature_role": "project_boundary", "legend_category": "Other Active Residential", "rank": null, "project_id": "DCAD-SUBD-08550-b146ddce08", "subdivision_number": "08550", "subdivision_name": "HIGHLAND PARK HIGH SCHOOL REPLAT", "city": "University Park", "housing_type": "Multi-Family", "total_lots": 2, "built_lots": 2, "future_lots": 0, "future_units": 2, "activity_status": "active_residential", "active_evidence": "2_parcels_with_year_built_since_2024; 2_parcels_with_incomplete_official_structure_records", "match_confidence": 0.999313, "review_status": "high_confidence_spatial_subset", "source_snapshot_date": "GIS parcel 2026-07-10; subdivision 2026-06-27; appraisal retrieved 2026-08-13 (2027 current)", "stroke": "#176B66", "stroke-width": 1, "stroke-opacity": 0.7, "fill": "#2A9D8F", "fill-opacity": 0.22}}, {"type": "Feature", "geometry": {"type": "Polygon", "coordinates": [[[-96.9591262915318, 32.75732010338809], [-96.95919589934185, 32.75635985309379], [-96.96306466998588, 32.75639861210218], [-96.96305783434418, 32.757340713020874], [-96.9591262915318, 32.75732010338809]]]}, "properties": {"title": "BURBANK GARDENS RESERVED TRACTS REPLAT | 0 Quantified Future Supply", "description": "Grand Prairie | Single-Family | Total 16 | Built 16 | Future Lots 0 | Future Units 0 | 1_parcels_with_incomplete_official_structure_records", "feature_role": "project_boundary", "legend_category": "Other Active Residential", "rank": null, "project_id": "DCAD-SUBD-ROW2934-3e42b7f68b", "subdivision_number": null, "subdivision_name": "BURBANK GARDENS RESERVED TRACTS REPLAT", "city": "Grand Prairie", "housing_type": "Single-Family", "total_lots": 16, "built_lots": 16, "future_lots": 0, "future_units": 0, "activity_status": "active_residential", "active_evidence": "1_parcels_with_incomplete_official_structure_records", "match_confidence": 0.999954, "review_status": "high_confidence_spatial_subset", "source_snapshot_date": "GIS parcel 2026-07-10; subdivision 2026-06-27; appraisal retrieved 2026-08-13 (2027 current)", "stroke": "#176B66", "stroke-width": 1, "stroke-opacity": 0.7, "fill": "#2A9D8F", "fill-opacity": 0.22}}, {"type": "Feature", "geometry": {"type": "Polygon", "coordinates": [[[-96.79116511014256, 32.86920169626975], [-96.78967690696048, 32.86919820888918], [-96.78967097709625, 32.86822227437605], [-96.79518472237669, 32.86823656309268], [-96.79517475714874, 32.86924215298309], [-96.79513540075008, 32.869179658088306], [-96.79116511014256, 32.86920169626975]]]}, "properties": {"title": "PRESTONVILLE | 4 Future Units", "description": "Dallas | Multi-Family | Total 67 | Built 67 | Future Lots 0 | Future Units 4 | 2_parcels_with_year_built_since_2024; 2_parcels_with_incomplete_official_structure_records", "feature_role": "project_boundary", "legend_category": "Other Active Residential", "rank": null, "project_id": "DCAD-SUBD-ROW19354-8557bfc3a5", "subdivision_number": null, "subdivision_name": "PRESTONVILLE", "city": "Dallas", "housing_type": "Multi-Family", "total_lots": 67, "built_lots": 67, "future_lots": 0, "future_units": 4, "activity_status": "active_residential", "active_evidence": "2_parcels_with_year_built_since_2024; 2_parcels_with_incomplete_official_structure_records", "match_confidence": 1.0, "review_status": "high_confidence_spatial_subset", "source_snapshot_date": "GIS parcel 2026-07-10; subdivision 2026-06-27; appraisal retrieved 2026-08-13 (2027 current)", "stroke": "#176B66", "stroke-width": 1, "stroke-opacity": 0.7, "fill": "#2A9D8F", "fill-opacity": 0.22}}, {"type": "Feature", "geometry": {"type": "Polygon", "coordinates": [[[-96.8191944987898, 32.78135903633114], [-96.81969473652767, 32.78204463382466], [-96.81953923141216, 32.78211977486145], [-96.81966950545721, 32.78229477709347], [-96.81776911719584, 32.783285175289], [-96.81737195304088, 32.782741087009704], [-96.81707909828687, 32.782879466053934], [-96.81677511700794, 32.78295895284797], [-96.8153906449801, 32.78302147778076], [-96.81507877347687, 32.78227843002079], [-96.81589761846298, 32.78220096969327], [-96.81697319575034, 32.78201284167858], [-96.81769603454867, 32.781830235302735], [-96.81769322284445, 32.7817623429639], [-96.8191944987898, 32.78135903633114]]]}, "properties": {"title": "RIVERFRONT NORTH | 394 Future Units", "description": "Dallas | Multi-Family | Total 2 | Built 2 | Future Lots 0 | Future Units 394 | 1_parcels_with_year_built_since_2024; 1_parcels_with_incomplete_official_structure_records", "feature_role": "project_boundary", "legend_category": "Other Active Residential", "rank": null, "project_id": "DCAD-SUBD-ROW20832-fb17d8457a", "subdivision_number": null, "subdivision_name": "RIVERFRONT NORTH", "city": "Dallas", "housing_type": "Multi-Family", "total_lots": 2, "built_lots": 2, "future_lots": 0, "future_units": 394, "activity_status": "active_residential", "active_evidence": "1_parcels_with_year_built_since_2024; 1_parcels_with_incomplete_official_structure_records", "match_confidence": 0.999914, "review_status": "high_confidence_spatial_subset", "source_snapshot_date": "GIS parcel 2026-07-10; subdivision 2026-06-27; appraisal retrieved 2026-08-13 (2027 current)", "stroke": "#176B66", "stroke-width": 1, "stroke-opacity": 0.7, "fill": "#2A9D8F", "fill-opacity": 0.22}}, {"type": "Feature", "geometry": {"type": "Polygon", "coordinates": [[[-96.8314687421182, 32.75006810410966], [-96.83146725454885, 32.75020782018523], [-96.830992789208, 32.75021071509431], [-96.83099373825024, 32.75034191423004], [-96.83146867402051, 32.7503434516508], [-96.83145881480895, 32.75215389472643], [-96.82926347126138, 32.752153136352426], [-96.82926873407304, 32.75145350955678], [-96.83024562541983, 32.75145280742642], [-96.83025714446133, 32.74956511912082], [-96.831474218699, 32.74956905355044], [-96.8314687421182, 32.75006810410966]]]}, "properties": {"title": "L G BROWN | 2 Future Units", "description": "Dallas | Mixed-Use | Total 34 | Built 34 | Future Lots 0 | Future Units 2 | 1_parcels_with_year_built_since_2024; 1_parcels_with_incomplete_official_structure_records", "feature_role": "project_boundary", "legend_category": "Other Active Residential", "rank": null, "project_id": "DCAD-SUBD-ROW12975-e6282ddb17", "subdivision_number": null, "subdivision_name": "L G BROWN", "city": "Dallas", "housing_type": "Mixed-Use", "total_lots": 34, "built_lots": 34, "future_lots": 0, "future_units": 2, "activity_status": "active_residential", "active_evidence": "1_parcels_with_year_built_since_2024; 1_parcels_with_incomplete_official_structure_records", "match_confidence": 1.0, "review_status": "high_confidence_spatial_subset", "source_snapshot_date": "GIS parcel 2026-07-10; subdivision 2026-06-27; appraisal retrieved 2026-08-13 (2027 current)", "stroke": "#176B66", "stroke-width": 1, "stroke-opacity": 0.7, "fill": "#2A9D8F", "fill-opacity": 0.22}}, {"type": "Feature", "geometry": {"type": "Polygon", "coordinates": [[[-96.95501451843634, 32.821444871597784], [-96.95504441461541, 32.8205040137709], [-96.95683474575685, 32.82052062612579], [-96.95683742224838, 32.82146178646644], [-96.95804184059483, 32.821472948535714], [-96.95804071685383, 32.821079882493194], [-96.95738940584636, 32.82097654504607], [-96.95738812173971, 32.820525755776025], [-96.95780648298846, 32.82052963270335], [-96.95832071451898, 32.82078854767392], [-96.95829086233444, 32.821475254008924], [-96.95890185176152, 32.82148091073841], [-96.95890374286886, 32.82214061772995], [-96.95501376830917, 32.822104554455954], [-96.95501451843634, 32.821444871597784]]]}, "properties": {"title": "MOCKINGBIRD HILL | 4 Future Units", "description": "Irving | Multi-Family | Total 12 | Built 12 | Future Lots 0 | Future Units 4 | 1_parcels_with_year_built_since_2024; 1_parcels_with_incomplete_official_structure_records", "feature_role": "project_boundary", "legend_category": "Other Active Residential", "rank": null, "project_id": "DCAD-SUBD-32050-d31d07be08", "subdivision_number": "32050", "subdivision_name": "MOCKINGBIRD HILL", "city": "Irving", "housing_type": "Multi-Family", "total_lots": 12, "built_lots": 12, "future_lots": 0, "future_units": 4, "activity_status": "active_residential", "active_evidence": "1_parcels_with_year_built_since_2024; 1_parcels_with_incomplete_official_structure_records", "match_confidence": 1.0, "review_status": "high_confidence_spatial_subset", "source_snapshot_date": "GIS parcel 2026-07-10; subdivision 2026-06-27; appraisal retrieved 2026-08-13 (2027 current)", "stroke": "#176B66", "stroke-width": 1, "stroke-opacity": 0.7, "fill": "#2A9D8F", "fill-opacity": 0.22}}, {"type": "Feature", "geometry": {"type": "Polygon", "coordinates": [[[-96.77230667388058, 32.83355925993602], [-96.77231429022267, 32.83316830728963], [-96.7731683525267, 32.83317934289015], [-96.77316072656943, 32.83357098267574], [-96.77230667388058, 32.83355925993602]]]}, "properties": {"title": "CORWIN AND YOUNGBLOOD | 2 Future Units", "description": "Dallas | Mixed-Use | Total 7 | Built 7 | Future Lots 0 | Future Units 2 | 1_parcels_with_year_built_since_2024; 1_parcels_with_incomplete_official_structure_records", "feature_role": "project_boundary", "legend_category": "Other Active Residential", "rank": null, "project_id": "DCAD-SUBD-ROW5121-69c2a5f737", "subdivision_number": null, "subdivision_name": "CORWIN AND YOUNGBLOOD", "city": "Dallas", "housing_type": "Mixed-Use", "total_lots": 7, "built_lots": 7, "future_lots": 0, "future_units": 2, "activity_status": "active_residential", "active_evidence": "1_parcels_with_year_built_since_2024; 1_parcels_with_incomplete_official_structure_records", "match_confidence": 0.999609, "review_status": "high_confidence_spatial_subset", "source_snapshot_date": "GIS parcel 2026-07-10; subdivision 2026-06-27; appraisal retrieved 2026-08-13 (2027 current)", "stroke": "#176B66", "stroke-width": 1, "stroke-opacity": 0.7, "fill": "#2A9D8F", "fill-opacity": 0.22}}, {"type": "Feature", "geometry": {"type": "Polygon", "coordinates": [[[-96.68425408747197, 32.71954514440761], [-96.68319094185502, 32.71954100425856], [-96.68312599077099, 32.71948558970248], [-96.68314020169227, 32.716880605146535], [-96.68680175626189, 32.71955400860161], [-96.68576143950386, 32.71952088320477], [-96.68425408747197, 32.71954514440761]]]}, "properties": {"title": "DART BUCKNER STATION | 305 Future Units", "description": "Dallas | Multi-Family | Total 1 | Built 1 | Future Lots 0 | Future Units 305 | 1_parcels_with_year_built_since_2024; 1_parcels_with_incomplete_official_structure_records", "feature_role": "project_boundary", "legend_category": "Other Active Residential", "rank": null, "project_id": "DCAD-SUBD-ROW6184-4276faebee", "subdivision_number": null, "subdivision_name": "DART BUCKNER STATION", "city": "Dallas", "housing_type": "Multi-Family", "total_lots": 1, "built_lots": 1, "future_lots": 0, "future_units": 305, "activity_status": "active_residential", "active_evidence": "1_parcels_with_year_built_since_2024; 1_parcels_with_incomplete_official_structure_records", "match_confidence": 1.0, "review_status": "high_confidence_spatial_subset", "source_snapshot_date": "GIS parcel 2026-07-10; subdivision 2026-06-27; appraisal retrieved 2026-08-13 (2027 current)", "stroke": "#176B66", "stroke-width": 1, "stroke-opacity": 0.7, "fill": "#2A9D8F", "fill-opacity": 0.22}}, {"type": "Feature", "geometry": {"type": "Polygon", "coordinates": [[[-96.77810830809308, 32.801490210974784], [-96.77822591886758, 32.801585241088794], [-96.7779959418786, 32.80177634016639], [-96.7778815805687, 32.80167858098816], [-96.77810830809308, 32.801490210974784]]]}, "properties": {"title": "HOLLYVILLE | 2 Future Units", "description": "Dallas | Multi-Family | Total 2 | Built 2 | Future Lots 0 | Future Units 2 | 2_parcels_with_year_built_since_2024; 2_parcels_with_incomplete_official_structure_records", "feature_role": "project_boundary", "legend_category": "Other Active Residential", "rank": null, "project_id": "DCAD-SUBD-ROW11184-3eb256cb34", "subdivision_number": null, "subdivision_name": "HOLLYVILLE", "city": "Dallas", "housing_type": "Multi-Family", "total_lots": 2, "built_lots": 2, "future_lots": 0, "future_units": 2, "activity_status": "active_residential", "active_evidence": "2_parcels_with_year_built_since_2024; 2_parcels_with_incomplete_official_structure_records", "match_confidence": 1.0, "review_status": "high_confidence_spatial_subset", "source_snapshot_date": "GIS parcel 2026-07-10; subdivision 2026-06-27; appraisal retrieved 2026-08-13 (2027 current)", "stroke": "#176B66", "stroke-width": 1, "stroke-opacity": 0.7, "fill": "#2A9D8F", "fill-opacity": 0.22}}, {"type": "Feature", "geometry": {"type": "Polygon", "coordinates": [[[-96.5873164249075, 32.72694052198686], [-96.58697146336385, 32.72630310109019], [-96.58762740702534, 32.7259245290326], [-96.58788204759497, 32.726143408660555], [-96.58849404559243, 32.72575035355522], [-96.58941656518587, 32.724983442204596], [-96.58947161145558, 32.724582673235304], [-96.58935588205493, 32.72422939514073], [-96.58962309531555, 32.72417022386363], [-96.59002240291775, 32.72418773056779], [-96.5906525916729, 32.72438922529204], [-96.59166986700433, 32.72461874157904], [-96.59358366516051, 32.725486984468134], [-96.59428793891196, 32.72587856554803], [-96.59401480572241, 32.72619328477591], [-96.59436466213117, 32.726410225560436], [-96.59389871050381, 32.72706379509637], [-96.59359687562379, 32.72788608482217], [-96.59336990355366, 32.72782167085098], [-96.59272652481849, 32.72750229451953], [-96.59242687388401, 32.72744238757616], [-96.59201739105991, 32.72745659240587], [-96.59209939664531, 32.72774989181264], [-96.59181695591646, 32.728062402731126], [-96.59127932096735, 32.728394068746866], [-96.59064612126403, 32.72856745493468], [-96.58998052837053, 32.728565263219274], [-96.58959331270118, 32.72847902126534], [-96.58923238888946, 32.72833242409216], [-96.58891078945427, 32.72813076520869], [-96.58856297438903, 32.727789075244964], [-96.58823911085987, 32.72721322563127], [-96.58819889204584, 32.72702020286604], [-96.58761566385006, 32.72728367601653], [-96.5873164249075, 32.72694052198686]]]}, "properties": {"title": "THE HILLS AT TEALWOOD PHASE 3 | 1 Future Lots", "description": "Mesquite | Single-Family | Total 113 | Built 112 | Future Lots 1 | Future Units 1 | 1_parcels_with_year_built_since_2024", "feature_role": "project_boundary", "legend_category": "Other Active Residential", "rank": null, "project_id": "DCAD-SUBD-20080-6b4ab65c2a", "subdivision_number": "20080", "subdivision_name": "THE HILLS AT TEALWOOD PHASE 3", "city": "Mesquite", "housing_type": "Single-Family", "total_lots": 113, "built_lots": 112, "future_lots": 1, "future_units": 1, "activity_status": "active_residential", "active_evidence": "1_parcels_with_year_built_since_2024", "match_confidence": 1.0, "review_status": "high_confidence_spatial_subset", "source_snapshot_date": "GIS parcel 2026-07-10; subdivision 2026-06-27; appraisal retrieved 2026-08-13 (2027 current)", "stroke": "#176B66", "stroke-width": 1, "stroke-opacity": 0.7, "fill": "#2A9D8F", "fill-opacity": 0.22}}, {"type": "Feature", "geometry": {"type": "Polygon", "coordinates": [[[-96.85217736984367, 32.774970550152204], [-96.84795004397454, 32.774910997944666], [-96.84794956542639, 32.774062708332316], [-96.85217973482447, 32.774660050380135], [-96.85217736984367, 32.774970550152204]]]}, "properties": {"title": "COLLEGE PARK ANNEX | 1 Future Lots", "description": "Dallas | Single-Family | Total 19 | Built 18 | Future Lots 1 | Future Units 1 | 1_parcels_with_year_built_since_2024", "feature_role": "project_boundary", "legend_category": "Other Active Residential", "rank": null, "project_id": "DCAD-SUBD-ROW4768-6e9052072c", "subdivision_number": null, "subdivision_name": "COLLEGE PARK ANNEX", "city": "Dallas", "housing_type": "Single-Family", "total_lots": 19, "built_lots": 18, "future_lots": 1, "future_units": 1, "activity_status": "active_residential", "active_evidence": "1_parcels_with_year_built_since_2024", "match_confidence": 0.998683, "review_status": "high_confidence_spatial_subset", "source_snapshot_date": "GIS parcel 2026-07-10; subdivision 2026-06-27; appraisal retrieved 2026-08-13 (2027 current)", "stroke": "#176B66", "stroke-width": 1, "stroke-opacity": 0.7, "fill": "#2A9D8F", "fill-opacity": 0.22}}, {"type": "Feature", "geometry": {"type": "Polygon", "coordinates": [[[-96.57230120321064, 32.837740167569514], [-96.57085443490134, 32.83767263219568], [-96.57086552239998, 32.83699403901536], [-96.56890352513851, 32.83672628494214], [-96.56839080503163, 32.835991644055696], [-96.56891990573949, 32.834370659795056], [-96.56938712576365, 32.83438804094635], [-96.56984687998444, 32.83446039321977], [-96.5702901394073, 32.83458629571106], [-96.57079441953375, 32.8348078402652], [-96.57146318978033, 32.835279283766354], [-96.57260184095631, 32.83640287213914], [-96.57292943729458, 32.83662854032525], [-96.57329596387285, 32.836806494171995], [-96.57314193697161, 32.83720716247879], [-96.57302717781432, 32.83720384055399], [-96.57292818169812, 32.83728298180167], [-96.57293357147375, 32.83739525483985], [-96.57303638956982, 32.837466610887226], [-96.57287664853521, 32.837776762911055], [-96.57230120321064, 32.837740167569514]]]}, "properties": {"title": "LYONS CREST ESTATES NO 2 | 1 Future Lots", "description": "Garland | Single-Family | Total 72 | Built 71 | Future Lots 1 | Future Units 1 | 59_parcels_with_year_built_since_2024; 6_parcels_with_incomplete_official_structure_records", "feature_role": "project_boundary", "legend_category": "Other Active Residential", "rank": null, "project_id": "DCAD-SUBD-31858-2fbb1099f5", "subdivision_number": "31858", "subdivision_name": "LYONS CREST ESTATES NO 2", "city": "Garland", "housing_type": "Single-Family", "total_lots": 72, "built_lots": 71, "future_lots": 1, "future_units": 1, "activity_status": "active_residential", "active_evidence": "59_parcels_with_year_built_since_2024; 6_parcels_with_incomplete_official_structure_records", "match_confidence": 1.0, "review_status": "high_confidence_spatial_subset", "source_snapshot_date": "GIS parcel 2026-07-10; subdivision 2026-06-27; appraisal retrieved 2026-08-13 (2027 current)", "stroke": "#176B66", "stroke-width": 1, "stroke-opacity": 0.7, "fill": "#2A9D8F", "fill-opacity": 0.22}}, {"type": "Feature", "geometry": {"type": "Polygon", "coordinates": [[[-96.68690012640097, 32.5937656022653], [-96.68727584840356, 32.59359900748062], [-96.6877372536588, 32.594312626869105], [-96.6893648083755, 32.593564502853035], [-96.68983478561186, 32.594823412760725], [-96.68899891993803, 32.59521762578011], [-96.68854187459257, 32.59526769737309], [-96.68768488490541, 32.595729057879126], [-96.68704960619259, 32.59579353813678], [-96.68678361181986, 32.59573219401839], [-96.68594303375355, 32.59444759327295], [-96.68655365478082, 32.593918121553294], [-96.68690012640097, 32.5937656022653]]]}, "properties": {"title": "kissell dale | 1 Future Lots", "description": "Wilmer | Single-Family | Total 40 | Built 39 | Future Lots 1 | Future Units 1 | 3_parcels_with_year_built_since_2024", "feature_role": "project_boundary", "legend_category": "Other Active Residential", "rank": null, "project_id": "DCAD-SUBD-01150-ad05d69ab1", "subdivision_number": "01150", "subdivision_name": "kissell dale", "city": "Wilmer", "housing_type": "Single-Family", "total_lots": 40, "built_lots": 39, "future_lots": 1, "future_units": 1, "activity_status": "active_residential", "active_evidence": "3_parcels_with_year_built_since_2024", "match_confidence": 0.999277, "review_status": "high_confidence_spatial_subset", "source_snapshot_date": "GIS parcel 2026-07-10; subdivision 2026-06-27; appraisal retrieved 2026-08-13 (2027 current)", "stroke": "#176B66", "stroke-width": 1, "stroke-opacity": 0.7, "fill": "#2A9D8F", "fill-opacity": 0.22}}, {"type": "Feature", "geometry": {"type": "Polygon", "coordinates": [[[-96.79146052025024, 32.91519222498582], [-96.79148187407925, 32.913522517225374], [-96.7925241488048, 32.91351392032747], [-96.79249757611812, 32.91518181354185], [-96.79146052025024, 32.91519222498582]]]}, "properties": {"title": "SHIREMONT ADDN NO 2 | 1 Future Lots", "description": "Dallas | Single-Family | Total 10 | Built 9 | Future Lots 1 | Future Units 1 | 1_parcels_with_year_built_since_2024; 1_parcels_with_incomplete_official_structure_records", "feature_role": "project_boundary", "legend_category": "Other Active Residential", "rank": null, "project_id": "DCAD-SUBD-ROW22185-3241df1f13", "subdivision_number": null, "subdivision_name": "SHIREMONT ADDN NO 2", "city": "Dallas", "housing_type": "Single-Family", "total_lots": 10, "built_lots": 9, "future_lots": 1, "future_units": 1, "activity_status": "active_residential", "active_evidence": "1_parcels_with_year_built_since_2024; 1_parcels_with_incomplete_official_structure_records", "match_confidence": 1.0, "review_status": "high_confidence_spatial_subset", "source_snapshot_date": "GIS parcel 2026-07-10; subdivision 2026-06-27; appraisal retrieved 2026-08-13 (2027 current)", "stroke": "#176B66", "stroke-width": 1, "stroke-opacity": 0.7, "fill": "#2A9D8F", "fill-opacity": 0.22}}, {"type": "Feature", "geometry": {"type": "Polygon", "coordinates": [[[-96.83066100930505, 32.763346200826106], [-96.83065647073093, 32.761630051705886], [-96.83079385510113, 32.76155403679666], [-96.8311839845371, 32.76233450761627], [-96.83429411085861, 32.76236531744433], [-96.83408595561492, 32.76434282728027], [-96.83320771643005, 32.76465998394957], [-96.83298662139029, 32.764681074114975], [-96.83278490557589, 32.76462663155468], [-96.83260068938107, 32.76422783545397], [-96.83257675812722, 32.764464255888285], [-96.83223891719182, 32.764203289982596], [-96.83185260795979, 32.7640541908483], [-96.83152392508735, 32.76400676734626], [-96.83064444628992, 32.764003047931936], [-96.83066100930505, 32.763346200826106]]]}, "properties": {"title": "EAST KESSLER 3RD INST | 1 Future Lots", "description": "Dallas | Single-Family | Total 37 | Built 36 | Future Lots 1 | Future Units 1 | 1_parcels_with_year_built_since_2024; 1_parcels_with_incomplete_official_structure_records", "feature_role": "project_boundary", "legend_category": "Other Active Residential", "rank": null, "project_id": "DCAD-SUBD-ROW6962-a1badca8c4", "subdivision_number": null, "subdivision_name": "EAST KESSLER 3RD INST", "city": "Dallas", "housing_type": "Single-Family", "total_lots": 37, "built_lots": 36, "future_lots": 1, "future_units": 1, "activity_status": "active_residential", "active_evidence": "1_parcels_with_year_built_since_2024; 1_parcels_with_incomplete_official_structure_records", "match_confidence": 0.997659, "review_status": "high_confidence_spatial_subset", "source_snapshot_date": "GIS parcel 2026-07-10; subdivision 2026-06-27; appraisal retrieved 2026-08-13 (2027 current)", "stroke": "#176B66", "stroke-width": 1, "stroke-opacity": 0.7, "fill": "#2A9D8F", "fill-opacity": 0.22}}, {"type": "Feature", "geometry": {"type": "Polygon", "coordinates": [[[-96.79468001495054, 32.91518797039129], [-96.79362103334182, 32.91520411728231], [-96.79362185246039, 32.91354034260237], [-96.79468600625549, 32.91352198507808], [-96.79468001495054, 32.91518797039129]]]}, "properties": {"title": "M W JACKSON NO 1 | 1 Future Lots", "description": "Dallas | Single-Family | Total 10 | Built 9 | Future Lots 1 | Future Units 1 | 1_parcels_with_year_built_since_2024; 2_parcels_with_incomplete_official_structure_records", "feature_role": "project_boundary", "legend_category": "Other Active Residential", "rank": null, "project_id": "DCAD-SUBD-ROW14611-5e383550f1", "subdivision_number": null, "subdivision_name": "M W JACKSON NO 1", "city": "Dallas", "housing_type": "Single-Family", "total_lots": 10, "built_lots": 9, "future_lots": 1, "future_units": 1, "activity_status": "active_residential", "active_evidence": "1_parcels_with_year_built_since_2024; 2_parcels_with_incomplete_official_structure_records", "match_confidence": 0.999996, "review_status": "high_confidence_spatial_subset", "source_snapshot_date": "GIS parcel 2026-07-10; subdivision 2026-06-27; appraisal retrieved 2026-08-13 (2027 current)", "stroke": "#176B66", "stroke-width": 1, "stroke-opacity": 0.7, "fill": "#2A9D8F", "fill-opacity": 0.22}}, {"type": "Feature", "geometry": {"type": "Polygon", "coordinates": [[[-96.79322284864533, 32.918970424808265], [-96.79322275196729, 32.91710747440346], [-96.79459784133527, 32.917086554682356], [-96.79457639000158, 32.91894940756698], [-96.79322284864533, 32.918970424808265]]]}, "properties": {"title": "C P NEVILL NO 1 | 1 Future Lots", "description": "Dallas | Single-Family | Total 9 | Built 8 | Future Lots 1 | Future Units 1 | 1_parcels_with_year_built_since_2024", "feature_role": "project_boundary", "legend_category": "Other Active Residential", "rank": null, "project_id": "DCAD-SUBD-ROW3038-aef2cf0d30", "subdivision_number": null, "subdivision_name": "C P NEVILL NO 1", "city": "Dallas", "housing_type": "Single-Family", "total_lots": 9, "built_lots": 8, "future_lots": 1, "future_units": 1, "activity_status": "active_residential", "active_evidence": "1_parcels_with_year_built_since_2024", "match_confidence": 0.99798, "review_status": "high_confidence_spatial_subset", "source_snapshot_date": "GIS parcel 2026-07-10; subdivision 2026-06-27; appraisal retrieved 2026-08-13 (2027 current)", "stroke": "#176B66", "stroke-width": 1, "stroke-opacity": 0.7, "fill": "#2A9D8F", "fill-opacity": 0.22}}, {"type": "Feature", "geometry": {"type": "Polygon", "coordinates": [[[-96.8827012529289, 32.59697350947758], [-96.88264476131174, 32.594842899615706], [-96.88692766448767, 32.594832490094625], [-96.88693659103798, 32.596533807095014], [-96.887456125023, 32.5965309884743], [-96.88744719052401, 32.59482947222864], [-96.8894355580692, 32.59481786380426], [-96.88943855396734, 32.596529755719594], [-96.89107101821837, 32.59652093991165], [-96.89103144910378, 32.59669438732376], [-96.88974284474939, 32.596700447448164], [-96.88974843052645, 32.597304814727586], [-96.89104217896136, 32.59730031800313], [-96.89105289667364, 32.597905581861944], [-96.88975402042965, 32.597907344290455], [-96.88977194053317, 32.59910892666498], [-96.88465209855788, 32.599131979980356], [-96.88465362308682, 32.59732353328544], [-96.88400703956802, 32.59732492634927], [-96.88401026785411, 32.599135692096844], [-96.88383886251837, 32.59913447019975], [-96.88384428872413, 32.599472033478214], [-96.88270410270637, 32.59947597870042], [-96.88270008535342, 32.597813621227004], [-96.88384718369312, 32.59780913680304], [-96.88384814726012, 32.59725482550855], [-96.88270133096118, 32.597254730800934], [-96.8827012529289, 32.59697350947758]]]}, "properties": {"title": "SHAMROCK GARDENS | 1 Future Lots", "description": "DeSoto | Single-Family | Total 31 | Built 30 | Future Lots 1 | Future Units 1 | 1_parcels_with_year_built_since_2024", "feature_role": "project_boundary", "legend_category": "Other Active Residential", "rank": null, "project_id": "DCAD-SUBD-09550-cb5276283e", "subdivision_number": "09550", "subdivision_name": "SHAMROCK GARDENS", "city": "DeSoto", "housing_type": "Single-Family", "total_lots": 31, "built_lots": 30, "future_lots": 1, "future_units": 1, "activity_status": "active_residential", "active_evidence": "1_parcels_with_year_built_since_2024", "match_confidence": 0.999911, "review_status": "high_confidence_spatial_subset", "source_snapshot_date": "GIS parcel 2026-07-10; subdivision 2026-06-27; appraisal retrieved 2026-08-13 (2027 current)", "stroke": "#176B66", "stroke-width": 1, "stroke-opacity": 0.7, "fill": "#2A9D8F", "fill-opacity": 0.22}}, {"type": "Feature", "geometry": {"type": "Polygon", "coordinates": [[[-96.8060721650438, 32.883982560467174], [-96.8060682974793, 32.884575315972086], [-96.80697391909513, 32.88457732582202], [-96.80697780007581, 32.883986962239184], [-96.8076045355092, 32.88398998554413], [-96.80760345921513, 32.8845787199095], [-96.80792626057897, 32.88457941426615], [-96.80792529878273, 32.88399151405788], [-96.80881044271959, 32.883995788935714], [-96.80851935831988, 32.88651767305273], [-96.80414457207232, 32.88652163497781], [-96.80414419999164, 32.88397321974876], [-96.8060721650438, 32.883982560467174]], [[-96.80567575016856, 32.88591711168977], [-96.80600151327565, 32.88591652760333], [-96.80600248911753, 32.88530462684232], [-96.80535579923762, 32.885305282635265], [-96.80535357116416, 32.88591768872888], [-96.80567575016856, 32.88591711168977]], [[-96.80568085276573, 32.885161037434635], [-96.80600344537497, 32.885160836337484], [-96.80599698518708, 32.884559555694096], [-96.80535561746304, 32.88455819454108], [-96.80535337316043, 32.88516122615594], [-96.80568085276573, 32.885161037434635]]]}, "properties": {"title": "PRESTON MEADERS & PICKENS PLACE | 1 Future Lots", "description": "Dallas | Single-Family | Total 29 | Built 28 | Future Lots 1 | Future Units 1 | 1_parcels_with_year_built_since_2024; 1_parcels_with_incomplete_official_structure_records", "feature_role": "project_boundary", "legend_category": "Other Active Residential", "rank": null, "project_id": "DCAD-SUBD-ROW19288-e18599fa50", "subdivision_number": null, "subdivision_name": "PRESTON MEADERS & PICKENS PLACE", "city": "Dallas", "housing_type": "Single-Family", "total_lots": 29, "built_lots": 28, "future_lots": 1, "future_units": 1, "activity_status": "active_residential", "active_evidence": "1_parcels_with_year_built_since_2024; 1_parcels_with_incomplete_official_structure_records", "match_confidence": 1.0, "review_status": "high_confidence_spatial_subset", "source_snapshot_date": "GIS parcel 2026-07-10; subdivision 2026-06-27; appraisal retrieved 2026-08-13 (2027 current)", "stroke": "#176B66", "stroke-width": 1, "stroke-opacity": 0.7, "fill": "#2A9D8F", "fill-opacity": 0.22}}, {"type": "Feature", "geometry": {"type": "Polygon", "coordinates": [[[-96.6619480508946, 32.834951196957576], [-96.66590123316895, 32.834952240305626], [-96.66581966343426, 32.84040389242717], [-96.66589116857493, 32.84072033575899], [-96.6661804567221, 32.84101909533766], [-96.66269549077228, 32.844000014626886], [-96.65987040427936, 32.84160157695439], [-96.66140039188154, 32.84032022385603], [-96.66215260630102, 32.839827849219], [-96.66070814804954, 32.83797092423743], [-96.65896910852705, 32.8349203522185], [-96.6619480508946, 32.834951196957576]]]}, "properties": {"title": "COUNTRY CLUB PARK NO. 1 | 1 Future Lots", "description": "Dallas | Single-Family | Total 380 | Built 379 | Future Lots 1 | Future Units 1 | 1_parcels_with_incomplete_official_structure_records", "feature_role": "project_boundary", "legend_category": "Other Active Residential", "rank": null, "project_id": "DCAD-SUBD-ROW5271-1dc7bf61d3", "subdivision_number": null, "subdivision_name": "COUNTRY CLUB PARK NO. 1", "city": "Dallas", "housing_type": "Single-Family", "total_lots": 380, "built_lots": 379, "future_lots": 1, "future_units": 1, "activity_status": "active_residential", "active_evidence": "1_parcels_with_incomplete_official_structure_records", "match_confidence": 0.999998, "review_status": "high_confidence_spatial_subset", "source_snapshot_date": "GIS parcel 2026-07-10; subdivision 2026-06-27; appraisal retrieved 2026-08-13 (2027 current)", "stroke": "#176B66", "stroke-width": 1, "stroke-opacity": 0.7, "fill": "#2A9D8F", "fill-opacity": 0.22}}, {"type": "Feature", "geometry": {"type": "Polygon", "coordinates": [[[-96.60734460877353, 32.761091136739715], [-96.60515304052731, 32.76107436455583], [-96.60515798305148, 32.76019475859652], [-96.60967575174219, 32.7602292920951], [-96.60968907009917, 32.76110903638018], [-96.60734460877353, 32.761091136739715]]]}, "properties": {"title": "SOUTH WILDWOOD | 1 Future Lots", "description": "Mesquite | Single-Family | Total 17 | Built 16 | Future Lots 1 | Future Units 1 | 1_parcels_with_year_built_since_2024", "feature_role": "project_boundary", "legend_category": "Other Active Residential", "rank": null, "project_id": "DCAD-SUBD-19750-a200f4f2db", "subdivision_number": "19750", "subdivision_name": "SOUTH WILDWOOD", "city": "Mesquite", "housing_type": "Single-Family", "total_lots": 17, "built_lots": 16, "future_lots": 1, "future_units": 1, "activity_status": "active_residential", "active_evidence": "1_parcels_with_year_built_since_2024", "match_confidence": 1.0, "review_status": "high_confidence_spatial_subset", "source_snapshot_date": "GIS parcel 2026-07-10; subdivision 2026-06-27; appraisal retrieved 2026-08-13 (2027 current)", "stroke": "#176B66", "stroke-width": 1, "stroke-opacity": 0.7, "fill": "#2A9D8F", "fill-opacity": 0.22}}, {"type": "Feature", "geometry": {"type": "Polygon", "coordinates": [[[-96.87834684500453, 32.92007295699065], [-96.87810292139092, 32.920069780783436], [-96.8780303547188, 32.92427483962618], [-96.8767106365743, 32.92425968807195], [-96.8768190632047, 32.918341788188194], [-96.88155431241451, 32.91840501330572], [-96.88152491113448, 32.92010879788467], [-96.87834684500453, 32.92007295699065]]]}, "properties": {"title": "VALLEY VIEW ESTATES NO. 2 | 1 Future Lots", "description": "Farmers Branch | Single-Family | Total 102 | Built 101 | Future Lots 1 | Future Units 1 | 1_parcels_with_year_built_since_2024", "feature_role": "project_boundary", "legend_category": "Other Active Residential", "rank": null, "project_id": "DCAD-SUBD-18150-6a2d8e2165", "subdivision_number": "18150", "subdivision_name": "VALLEY VIEW ESTATES NO. 2", "city": "Farmers Branch", "housing_type": "Single-Family", "total_lots": 102, "built_lots": 101, "future_lots": 1, "future_units": 1, "activity_status": "active_residential", "active_evidence": "1_parcels_with_year_built_since_2024", "match_confidence": 0.999994, "review_status": "high_confidence_spatial_subset", "source_snapshot_date": "GIS parcel 2026-07-10; subdivision 2026-06-27; appraisal retrieved 2026-08-13 (2027 current)", "stroke": "#176B66", "stroke-width": 1, "stroke-opacity": 0.7, "fill": "#2A9D8F", "fill-opacity": 0.22}}, {"type": "Feature", "geometry": {"type": "Polygon", "coordinates": [[[-96.62165347114507, 32.72954323639727], [-96.61828956736124, 32.729528324495504], [-96.61829916050715, 32.72903784899098], [-96.621662434671, 32.72907864594832], [-96.62165347114507, 32.72954323639727]]]}, "properties": {"title": "WILLIAM LYLE JOHNSON SUBD | 1 Future Lots", "description": "Balch Springs | Single-Family | Total 15 | Built 14 | Future Lots 1 | Future Units 1 | 1_parcels_with_year_built_since_2024", "feature_role": "project_boundary", "legend_category": "Other Active Residential", "rank": null, "project_id": "DCAD-SUBD-ROW28195-06b1c8e0f9", "subdivision_number": null, "subdivision_name": "WILLIAM LYLE JOHNSON SUBD", "city": "Balch Springs", "housing_type": "Single-Family", "total_lots": 15, "built_lots": 14, "future_lots": 1, "future_units": 1, "activity_status": "active_residential", "active_evidence": "1_parcels_with_year_built_since_2024", "match_confidence": 1.0, "review_status": "high_confidence_spatial_subset", "source_snapshot_date": "GIS parcel 2026-07-10; subdivision 2026-06-27; appraisal retrieved 2026-08-13 (2027 current)", "stroke": "#176B66", "stroke-width": 1, "stroke-opacity": 0.7, "fill": "#2A9D8F", "fill-opacity": 0.22}}, {"type": "Feature", "geometry": {"type": "Polygon", "coordinates": [[[-96.79580008026902, 32.69495302800253], [-96.79538154420983, 32.694344152892846], [-96.79481766586304, 32.694746904555224], [-96.79442708753028, 32.69384731476962], [-96.79733404822377, 32.69294345955937], [-96.79837043260149, 32.69526159918905], [-96.79774132306967, 32.695556660711595], [-96.79732201614793, 32.69490634723831], [-96.7970002198594, 32.695026086068765], [-96.79743430656515, 32.695700655163854], [-96.79623487473337, 32.696263188823266], [-96.79606130131319, 32.695872402981905], [-96.79624442163534, 32.69560590038425], [-96.79643739071041, 32.69612168867404], [-96.79684628612823, 32.69593755299502], [-96.79613059057782, 32.69484679032392], [-96.79580008026902, 32.69495302800253]]]}, "properties": {"title": "BELLEVUE | 1 Future Lots", "description": "Dallas | Single-Family | Total 18 | Built 17 | Future Lots 1 | Future Units 1 | 1_parcels_with_year_built_since_2024", "feature_role": "project_boundary", "legend_category": "Other Active Residential", "rank": null, "project_id": "DCAD-SUBD-ROW1590-3ab81d18bf", "subdivision_number": null, "subdivision_name": "BELLEVUE", "city": "Dallas", "housing_type": "Single-Family", "total_lots": 18, "built_lots": 17, "future_lots": 1, "future_units": 1, "activity_status": "active_residential", "active_evidence": "1_parcels_with_year_built_since_2024", "match_confidence": 1.0, "review_status": "high_confidence_spatial_subset", "source_snapshot_date": "GIS parcel 2026-07-10; subdivision 2026-06-27; appraisal retrieved 2026-08-13 (2027 current)", "stroke": "#176B66", "stroke-width": 1, "stroke-opacity": 0.7, "fill": "#2A9D8F", "fill-opacity": 0.22}}, {"type": "Feature", "geometry": {"type": "Polygon", "coordinates": [[[-96.8408290125423, 32.76618200735557], [-96.84070479917114, 32.76602073676513], [-96.8407729696983, 32.765983255659705], [-96.84089501825267, 32.76614171522541], [-96.84108457864943, 32.76613746267913], [-96.8410796390364, 32.765797341201534], [-96.83920406319157, 32.766840887748494], [-96.8392419678826, 32.76585046494764], [-96.83921632295393, 32.764073089628894], [-96.84510324766002, 32.764160611685654], [-96.84496507316358, 32.764368790924365], [-96.84409097823686, 32.76454802179556], [-96.844338489652, 32.76550534573353], [-96.84489348844174, 32.76533872146177], [-96.84464951148689, 32.76749194583042], [-96.84435852730192, 32.76932665408835], [-96.84428149317033, 32.77138726263479], [-96.8392887077966, 32.77135619315076], [-96.83918256607897, 32.767757879064206], [-96.83999339008587, 32.76717812300965], [-96.84068475158917, 32.76683023380336], [-96.84067969098137, 32.76617870463968], [-96.8408290125423, 32.76618200735557]], [[-96.84130854201172, 32.77136110030907], [-96.8417968748678, 32.77136241398454], [-96.84181228056892, 32.77053789614858], [-96.84132395224914, 32.77053658253352], [-96.84130854201172, 32.77136110030907]], [[-96.84104164545523, 32.76991524125229], [-96.84104561802403, 32.770327379693384], [-96.84179102505547, 32.770332796760634], [-96.84178991792975, 32.769920887666096], [-96.84104164545523, 32.76991524125229]], [[-96.84278427309552, 32.769913793647284], [-96.84278477280701, 32.769501320473694], [-96.84201211407012, 32.769494563078744], [-96.84201623776893, 32.770329235328994], [-96.84278003768637, 32.77033525185927], [-96.84278427309552, 32.769913793647284]], [[-96.84466524630736, 32.76729240325115], [-96.84482202044191, 32.76571147000507], [-96.84477989705333, 32.765683668604424], [-96.84373919623843, 32.76604740872852], [-96.84370077085813, 32.76610242683439], [-96.84371425887133, 32.76728978886033], [-96.84376354022598, 32.76733149595701], [-96.8446123822878, 32.76733337542277], [-96.84466524630736, 32.76729240325115]]]}, "properties": {"title": "FLANDERS HEIGHTS REVISED | 1 Future Lots", "description": "Dallas | Single-Family | Total 101 | Built 100 | Future Lots 1 | Future Units 1 | 2_parcels_with_year_built_since_2024; 1_parcels_with_incomplete_official_structure_records", "feature_role": "project_boundary", "legend_category": "Other Active Residential", "rank": null, "project_id": "DCAD-SUBD-ROW8257-1289165f4f", "subdivision_number": null, "subdivision_name": "FLANDERS HEIGHTS REVISED", "city": "Dallas", "housing_type": "Single-Family", "total_lots": 101, "built_lots": 100, "future_lots": 1, "future_units": 1, "activity_status": "active_residential", "active_evidence": "2_parcels_with_year_built_since_2024; 1_parcels_with_incomplete_official_structure_records", "match_confidence": 0.999256, "review_status": "high_confidence_spatial_subset", "source_snapshot_date": "GIS parcel 2026-07-10; subdivision 2026-06-27; appraisal retrieved 2026-08-13 (2027 current)", "stroke": "#176B66", "stroke-width": 1, "stroke-opacity": 0.7, "fill": "#2A9D8F", "fill-opacity": 0.22}}, {"type": "Feature", "geometry": {"type": "Polygon", "coordinates": [[[-96.64195190948811, 32.73666272895468], [-96.64197610580821, 32.73427252073191], [-96.64346671089831, 32.73424014292887], [-96.64344902607073, 32.736827976053604], [-96.6419501585211, 32.736830319778115], [-96.64195190948811, 32.73666272895468]]]}, "properties": {"title": "FRIENDSHIP ADDN. REVISED | 1 Future Lots", "description": "Dallas | Single-Family | Total 26 | Built 25 | Future Lots 1 | Future Units 1 | 1_parcels_with_year_built_since_2024", "feature_role": "project_boundary", "legend_category": "Other Active Residential", "rank": null, "project_id": "DCAD-SUBD-ROW8722-be43880f01", "subdivision_number": null, "subdivision_name": "FRIENDSHIP ADDN. REVISED", "city": "Dallas", "housing_type": "Single-Family", "total_lots": 26, "built_lots": 25, "future_lots": 1, "future_units": 1, "activity_status": "active_residential", "active_evidence": "1_parcels_with_year_built_since_2024", "match_confidence": 1.0, "review_status": "high_confidence_spatial_subset", "source_snapshot_date": "GIS parcel 2026-07-10; subdivision 2026-06-27; appraisal retrieved 2026-08-13 (2027 current)", "stroke": "#176B66", "stroke-width": 1, "stroke-opacity": 0.7, "fill": "#2A9D8F", "fill-opacity": 0.22}}, {"type": "Feature", "geometry": {"type": "Polygon", "coordinates": [[[-96.87143330285907, 32.93312582887177], [-96.87230812764918, 32.93421487923813], [-96.87086760341927, 32.935391872003045], [-96.87086367688562, 32.93609282086209], [-96.87070069158199, 32.93609206373708], [-96.86942307031711, 32.93532348947429], [-96.86916136479624, 32.93528432626999], [-96.86867730666758, 32.93554739222326], [-96.86888328285359, 32.93586897591542], [-96.86855403581309, 32.936243644399234], [-96.8682374569908, 32.93595170285425], [-96.86804387483552, 32.935612994281115], [-96.86767954421047, 32.93417215806685], [-96.86782455667631, 32.93414659135486], [-96.8679182680215, 32.934501068536484], [-96.86828421881968, 32.93436703705206], [-96.8698348136637, 32.93345404586227], [-96.87015900146675, 32.933330458486495], [-96.87143330285907, 32.93312582887177]]]}, "properties": {"title": "BROOKHAVEN ESTATES NO 8 | 1 Future Lots", "description": "Farmers Branch | Single-Family | Total 52 | Built 51 | Future Lots 1 | Future Units 1 | 1_parcels_with_year_built_since_2024", "feature_role": "project_boundary", "legend_category": "Other Active Residential", "rank": null, "project_id": "DCAD-SUBD-02450-6278e28e2f", "subdivision_number": "02450", "subdivision_name": "BROOKHAVEN ESTATES NO 8", "city": "Farmers Branch", "housing_type": "Single-Family", "total_lots": 52, "built_lots": 51, "future_lots": 1, "future_units": 1, "activity_status": "active_residential", "active_evidence": "1_parcels_with_year_built_since_2024", "match_confidence": 1.0, "review_status": "high_confidence_spatial_subset", "source_snapshot_date": "GIS parcel 2026-07-10; subdivision 2026-06-27; appraisal retrieved 2026-08-13 (2027 current)", "stroke": "#176B66", "stroke-width": 1, "stroke-opacity": 0.7, "fill": "#2A9D8F", "fill-opacity": 0.22}}, {"type": "Feature", "geometry": {"type": "Polygon", "coordinates": [[[-96.81767544095074, 32.70231811967739], [-96.8176750705069, 32.702240091083965], [-96.82275646019221, 32.70223335360127], [-96.82277165477161, 32.70579237122112], [-96.81581233383943, 32.705830735840934], [-96.81581981186584, 32.70752793084035], [-96.81460078902107, 32.707525755250224], [-96.81461697876517, 32.70473732162968], [-96.8176694083526, 32.70473876181906], [-96.81767544095074, 32.70231811967739]]]}, "properties": {"title": "MARSALIS CLUB | 1 Future Lots", "description": "Dallas | Single-Family | Total 240 | Built 239 | Future Lots 1 | Future Units 1 | 2_parcels_with_year_built_since_2024; 1_parcels_with_incomplete_official_structure_records", "feature_role": "project_boundary", "legend_category": "Other Active Residential", "rank": null, "project_id": "DCAD-SUBD-ROW14995-d1119d092a", "subdivision_number": null, "subdivision_name": "MARSALIS CLUB", "city": "Dallas", "housing_type": "Single-Family", "total_lots": 240, "built_lots": 239, "future_lots": 1, "future_units": 1, "activity_status": "active_residential", "active_evidence": "2_parcels_with_year_built_since_2024; 1_parcels_with_incomplete_official_structure_records", "match_confidence": 0.999997, "review_status": "high_confidence_spatial_subset", "source_snapshot_date": "GIS parcel 2026-07-10; subdivision 2026-06-27; appraisal retrieved 2026-08-13 (2027 current)", "stroke": "#176B66", "stroke-width": 1, "stroke-opacity": 0.7, "fill": "#2A9D8F", "fill-opacity": 0.22}}, {"type": "Feature", "geometry": {"type": "Polygon", "coordinates": [[[-96.57416431718258, 32.73487548530578], [-96.57398478098033, 32.73443754260707], [-96.57377282574714, 32.734426174355306], [-96.5735694876583, 32.734349407902904], [-96.57366311975473, 32.73420569160975], [-96.57393829583354, 32.73427262873454], [-96.57396286243181, 32.7339095426623], [-96.57461423951062, 32.73372178646829], [-96.57603238737943, 32.733521820691166], [-96.57606655389084, 32.733877400974485], [-96.57600027096134, 32.73391368292119], [-96.57603160874211, 32.734076336688794], [-96.57611179330166, 32.73406530004554], [-96.57630666262995, 32.734633765877525], [-96.57635310121535, 32.73493705058211], [-96.57630275190925, 32.7353420438828], [-96.57612788081578, 32.73572149875468], [-96.57586541481146, 32.73602680043047], [-96.57558710743898, 32.7362318160665], [-96.57526540501927, 32.73638489232889], [-96.57458655430985, 32.7366063158265], [-96.57406072619402, 32.73692717599274], [-96.57381121381151, 32.73718068484546], [-96.57360269524551, 32.73748168281852], [-96.57337700815609, 32.73812454278679], [-96.5730319428877, 32.73845670063458], [-96.57258765775272, 32.73808556124272], [-96.57279433822615, 32.7379005969653], [-96.57325727368297, 32.735851382195186], [-96.5732619073427, 32.735135845764894], [-96.57416431718258, 32.73487548530578]]]}, "properties": {"title": "SOLTERRA PH 1B | 1 Future Lots", "description": "Mesquite | Single-Family | Total 87 | Built 86 | Future Lots 1 | Future Units 1 | 54_parcels_with_year_built_since_2024; 2_parcels_with_incomplete_official_structure_records", "feature_role": "project_boundary", "legend_category": "Other Active Residential", "rank": null, "project_id": "DCAD-SUBD-19455-9ecdd57eb9", "subdivision_number": "19455", "subdivision_name": "SOLTERRA PH 1B", "city": "Mesquite", "housing_type": "Single-Family", "total_lots": 87, "built_lots": 86, "future_lots": 1, "future_units": 1, "activity_status": "active_residential", "active_evidence": "54_parcels_with_year_built_since_2024; 2_parcels_with_incomplete_official_structure_records", "match_confidence": 1.0, "review_status": "high_confidence_spatial_subset", "source_snapshot_date": "GIS parcel 2026-07-10; subdivision 2026-06-27; appraisal retrieved 2026-08-13 (2027 current)", "stroke": "#176B66", "stroke-width": 1, "stroke-opacity": 0.7, "fill": "#2A9D8F", "fill-opacity": 0.22}}, {"type": "Feature", "geometry": {"type": "Polygon", "coordinates": [[[-96.99804020280962, 32.561604465177766], [-96.99797881574996, 32.56093923194595], [-96.99706568127164, 32.559077207709734], [-96.99585774319732, 32.5590614552876], [-96.99604413401732, 32.558793089079444], [-96.99619640628978, 32.558392348704785], [-96.99619890616555, 32.55825492692797], [-96.99591268759751, 32.55825119270319], [-96.99597072021855, 32.55830692257979], [-96.99592738196856, 32.558658191253386], [-96.99581524854257, 32.558874638303784], [-96.9956400274493, 32.559058615727224], [-96.99369350314012, 32.55903320347045], [-96.99369297824731, 32.557246290523544], [-96.99630160657459, 32.55728034328694], [-96.99682499069559, 32.55700419696636], [-96.99714447920412, 32.557980965063315], [-96.99795774752064, 32.55779019503768], [-96.9975749387628, 32.55661986641489], [-96.99778351957453, 32.55651214379234], [-96.99818475937856, 32.556584179504554], [-96.9994909882727, 32.56056210591037], [-97.00001678249939, 32.56167731352683], [-97.0004945892218, 32.562364921968054], [-97.0009142333156, 32.562844068151115], [-97.00268242373065, 32.564460745096646], [-97.00332259044153, 32.56521657870621], [-97.00046347538016, 32.5652847198011], [-97.0003693616215, 32.564554560078115], [-96.9995590641978, 32.563829398187224], [-96.99811116795479, 32.563897558515336], [-96.99884897035014, 32.56323949770758], [-96.99812280887691, 32.56249961839306], [-96.99804020280962, 32.561604465177766]]]}, "properties": {"title": "LAKE RIDGE SEC. 7 PH. 1 | 1 Future Lots", "description": "Cedar Hill | Single-Family | Total 13 | Built 12 | Future Lots 1 | Future Units 1 | 1_parcels_with_year_built_since_2024", "feature_role": "project_boundary", "legend_category": "Other Active Residential", "rank": null, "project_id": "DCAD-SUBD-02790-c53732119d", "subdivision_number": "02790", "subdivision_name": "LAKE RIDGE SEC. 7 PH. 1", "city": "Cedar Hill", "housing_type": "Single-Family", "total_lots": 13, "built_lots": 12, "future_lots": 1, "future_units": 1, "activity_status": "active_residential", "active_evidence": "1_parcels_with_year_built_since_2024", "match_confidence": 1.0, "review_status": "high_confidence_spatial_subset", "source_snapshot_date": "GIS parcel 2026-07-10; subdivision 2026-06-27; appraisal retrieved 2026-08-13 (2027 current)", "stroke": "#176B66", "stroke-width": 1, "stroke-opacity": 0.7, "fill": "#2A9D8F", "fill-opacity": 0.22}}, {"type": "Feature", "geometry": {"type": "Polygon", "coordinates": [[[-96.644487640603, 32.90550632524156], [-96.64475500110272, 32.90694344870903], [-96.64475669217853, 32.9089149820475], [-96.64277731828109, 32.90890250823188], [-96.64284758929391, 32.90550014424496], [-96.644487640603, 32.90550632524156]], [[-96.64424712756094, 32.90852848541903], [-96.64425852631024, 32.908157501024995], [-96.6438675563581, 32.90815345964225], [-96.64385615672099, 32.90852440827313], [-96.64424712756094, 32.90852848541903]]]}, "properties": {"title": "W J KELLER | 1 Future Lots", "description": "Garland | Single-Family | Total 40 | Built 39 | Future Lots 1 | Future Units 1 | 1_parcels_with_year_built_since_2024", "feature_role": "project_boundary", "legend_category": "Other Active Residential", "rank": null, "project_id": "DCAD-SUBD-29150-ea8e78fb06", "subdivision_number": "29150", "subdivision_name": "W J KELLER", "city": "Garland", "housing_type": "Single-Family", "total_lots": 40, "built_lots": 39, "future_lots": 1, "future_units": 1, "activity_status": "active_residential", "active_evidence": "1_parcels_with_year_built_since_2024", "match_confidence": 1.0, "review_status": "high_confidence_spatial_subset", "source_snapshot_date": "GIS parcel 2026-07-10; subdivision 2026-06-27; appraisal retrieved 2026-08-13 (2027 current)", "stroke": "#176B66", "stroke-width": 1, "stroke-opacity": 0.7, "fill": "#2A9D8F", "fill-opacity": 0.22}}, {"type": "Feature", "geometry": {"type": "Polygon", "coordinates": [[[-96.6774562226109, 32.685149843827894], [-96.66890783310639, 32.6851890757639], [-96.66891514465772, 32.68451390143371], [-96.67746346919314, 32.684474668995534], [-96.67746372251595, 32.6846138793582], [-96.67679572276849, 32.68461693952175], [-96.67679374147626, 32.68479560059124], [-96.67746005738998, 32.68479252121056], [-96.6774562226109, 32.685149843827894]]]}, "properties": {"title": "FOREST PLAINS | 1 Future Lots", "description": "Dallas | Single-Family | Total 10 | Built 9 | Future Lots 1 | Future Units 1 | 1_parcels_with_year_built_since_2024", "feature_role": "project_boundary", "legend_category": "Other Active Residential", "rank": null, "project_id": "DCAD-SUBD-ROW8496-bc7aded1df", "subdivision_number": null, "subdivision_name": "FOREST PLAINS", "city": "Dallas", "housing_type": "Single-Family", "total_lots": 10, "built_lots": 9, "future_lots": 1, "future_units": 1, "activity_status": "active_residential", "active_evidence": "1_parcels_with_year_built_since_2024", "match_confidence": 1.0, "review_status": "high_confidence_spatial_subset", "source_snapshot_date": "GIS parcel 2026-07-10; subdivision 2026-06-27; appraisal retrieved 2026-08-13 (2027 current)", "stroke": "#176B66", "stroke-width": 1, "stroke-opacity": 0.7, "fill": "#2A9D8F", "fill-opacity": 0.22}}, {"type": "Feature", "geometry": {"type": "Polygon", "coordinates": [[[-96.74301161889807, 32.71454957898505], [-96.74458517066736, 32.71374487976801], [-96.74596527759239, 32.71578060948175], [-96.74193382375059, 32.717845427743306], [-96.74168881579305, 32.71748719957685], [-96.74182896976325, 32.71741042014492], [-96.74149028573068, 32.71693676342367], [-96.74190554035873, 32.716726200399826], [-96.74165778764517, 32.716380455556845], [-96.74193358842636, 32.716235905006506], [-96.74159302462343, 32.71575884045088], [-96.74173264080879, 32.7156860947684], [-96.74148040745307, 32.71533360571072], [-96.74301161889807, 32.71454957898505]], [[-96.74318932839797, 32.715593764460166], [-96.74343758428175, 32.71594220747226], [-96.74371265232182, 32.715801601418036], [-96.74346554775036, 32.71545246046392], [-96.74318932839797, 32.715593764460166]]]}, "properties": {"title": "CENTRAL AVENUE 3 | 1 Future Lots", "description": "Dallas | Single-Family | Total 76 | Built 75 | Future Lots 1 | Future Units 1 | 9_parcels_with_year_built_since_2024; 3_parcels_with_incomplete_official_structure_records", "feature_role": "project_boundary", "legend_category": "Other Active Residential", "rank": null, "project_id": "DCAD-SUBD-7648-146a45d19e", "subdivision_number": "7648", "subdivision_name": "CENTRAL AVENUE 3", "city": "Dallas", "housing_type": "Single-Family", "total_lots": 76, "built_lots": 75, "future_lots": 1, "future_units": 1, "activity_status": "active_residential", "active_evidence": "9_parcels_with_year_built_since_2024; 3_parcels_with_incomplete_official_structure_records", "match_confidence": 0.999993, "review_status": "high_confidence_spatial_subset", "source_snapshot_date": "GIS parcel 2026-07-10; subdivision 2026-06-27; appraisal retrieved 2026-08-13 (2027 current)", "stroke": "#176B66", "stroke-width": 1, "stroke-opacity": 0.7, "fill": "#2A9D8F", "fill-opacity": 0.22}}, {"type": "Feature", "geometry": {"type": "Polygon", "coordinates": [[[-96.7221887712645, 32.65511152821859], [-96.72597180671035, 32.65330593018938], [-96.72664415643358, 32.654357909876715], [-96.72287463138382, 32.65612544024781], [-96.7221887712645, 32.65511152821859]]]}, "properties": {"title": "SAM AYRES ADDITION | 1 Future Lots", "description": "Hutchins | Single-Family | Total 24 | Built 23 | Future Lots 1 | Future Units 1 | 2_parcels_with_year_built_since_2024; 1_parcels_with_incomplete_official_structure_records", "feature_role": "project_boundary", "legend_category": "Other Active Residential", "rank": null, "project_id": "DCAD-SUBD-00150-8c0611e79b", "subdivision_number": "00150", "subdivision_name": "SAM AYRES ADDITION", "city": "Hutchins", "housing_type": "Single-Family", "total_lots": 24, "built_lots": 23, "future_lots": 1, "future_units": 1, "activity_status": "active_residential", "active_evidence": "2_parcels_with_year_built_since_2024; 1_parcels_with_incomplete_official_structure_records", "match_confidence": 1.0, "review_status": "high_confidence_spatial_subset", "source_snapshot_date": "GIS parcel 2026-07-10; subdivision 2026-06-27; appraisal retrieved 2026-08-13 (2027 current)", "stroke": "#176B66", "stroke-width": 1, "stroke-opacity": 0.7, "fill": "#2A9D8F", "fill-opacity": 0.22}}, {"type": "Feature", "geometry": {"type": "Polygon", "coordinates": [[[-96.83587018949828, 32.763374221375734], [-96.84008396726942, 32.76338296594006], [-96.84009032569115, 32.76344825076107], [-96.84013825569791, 32.76343988057121], [-96.84013474542066, 32.764076524708706], [-96.83921632295393, 32.764073089628894], [-96.83918786296036, 32.76410447644519], [-96.83917449468834, 32.76544395615539], [-96.83695603735521, 32.766588381474776], [-96.83643302590444, 32.76668175443593], [-96.8356919558324, 32.76657369063175], [-96.83543336451251, 32.76645619553944], [-96.83540261115783, 32.76496218311491], [-96.83558925638148, 32.76411754837807], [-96.83551286379101, 32.76409035989569], [-96.83554625102552, 32.76408552589503], [-96.83558752779406, 32.76337353576467], [-96.83587018949828, 32.763374221375734]]]}, "properties": {"title": "KESSLER LAKE ESTATES NO.2 | 1 Future Lots", "description": "Dallas | Single-Family | Total 75 | Built 74 | Future Lots 1 | Future Units 1 | 2_parcels_with_incomplete_official_structure_records", "feature_role": "project_boundary", "legend_category": "Other Active Residential", "rank": null, "project_id": "DCAD-SUBD-ROW12611-808198b19b", "subdivision_number": null, "subdivision_name": "KESSLER LAKE ESTATES NO.2", "city": "Dallas", "housing_type": "Single-Family", "total_lots": 75, "built_lots": 74, "future_lots": 1, "future_units": 1, "activity_status": "active_residential", "active_evidence": "2_parcels_with_incomplete_official_structure_records", "match_confidence": 0.999983, "review_status": "high_confidence_spatial_subset", "source_snapshot_date": "GIS parcel 2026-07-10; subdivision 2026-06-27; appraisal retrieved 2026-08-13 (2027 current)", "stroke": "#176B66", "stroke-width": 1, "stroke-opacity": 0.7, "fill": "#2A9D8F", "fill-opacity": 0.22}}, {"type": "Feature", "geometry": {"type": "Polygon", "coordinates": [[[-96.76389363001235, 32.84106874734179], [-96.76193258632313, 32.84152155580105], [-96.76195934756893, 32.83663703440133], [-96.76391695959167, 32.836661636310794], [-96.76389363001235, 32.84106874734179]]]}, "properties": {"title": "MONTEBELLO PARK | 1 Future Lots", "description": "Dallas | Single-Family | Total 88 | Built 86 | Future Lots 1 | Future Units 1 | 6_parcels_with_year_built_since_2024; 4_parcels_with_incomplete_official_structure_records", "feature_role": "project_boundary", "legend_category": "Other Active Residential", "rank": null, "project_id": "DCAD-SUBD-ROW16173-80f4833d8a", "subdivision_number": null, "subdivision_name": "MONTEBELLO PARK", "city": "Dallas", "housing_type": "Single-Family", "total_lots": 88, "built_lots": 86, "future_lots": 1, "future_units": 1, "activity_status": "active_residential", "active_evidence": "6_parcels_with_year_built_since_2024; 4_parcels_with_incomplete_official_structure_records", "match_confidence": 0.996588, "review_status": "high_confidence_spatial_subset", "source_snapshot_date": "GIS parcel 2026-07-10; subdivision 2026-06-27; appraisal retrieved 2026-08-13 (2027 current)", "stroke": "#176B66", "stroke-width": 1, "stroke-opacity": 0.7, "fill": "#2A9D8F", "fill-opacity": 0.22}}, {"type": "Feature", "geometry": {"type": "Polygon", "coordinates": [[[-96.54797807773645, 32.72109220456999], [-96.54792716764767, 32.720734678524025], [-96.54751793507224, 32.72083556894984], [-96.54711581045247, 32.72101456098168], [-96.54560232778765, 32.72225830770393], [-96.54593545976967, 32.72254656925793], [-96.54560696496983, 32.722817831768374], [-96.54457068084626, 32.72192499460493], [-96.54391468731983, 32.72145822273377], [-96.54329461324569, 32.720935909340746], [-96.54428404796982, 32.72011617065784], [-96.5442888746199, 32.7196782654786], [-96.54590342798235, 32.71834153064995], [-96.54609524723446, 32.71813815210286], [-96.54785977077208, 32.71966989184796], [-96.54822211312873, 32.72009608749249], [-96.54839635641463, 32.72048986598022], [-96.54848444064828, 32.72098904827914], [-96.54832866065226, 32.72100207290611], [-96.54832002268174, 32.7210574109746], [-96.54797807773645, 32.72109220456999]]]}, "properties": {"title": "RIDGE RANCH PH 4 | 1 Future Lots", "description": "Mesquite | Single-Family | Total 121 | Built 120 | Future Lots 1 | Future Units 1 | 30_parcels_with_year_built_since_2024", "feature_role": "project_boundary", "legend_category": "Other Active Residential", "rank": null, "project_id": "DCAD-SUBD-16159-90929508ac", "subdivision_number": "16159", "subdivision_name": "RIDGE RANCH PH 4", "city": "Mesquite", "housing_type": "Single-Family", "total_lots": 121, "built_lots": 120, "future_lots": 1, "future_units": 1, "activity_status": "active_residential", "active_evidence": "30_parcels_with_year_built_since_2024", "match_confidence": 1.0, "review_status": "high_confidence_spatial_subset", "source_snapshot_date": "GIS parcel 2026-07-10; subdivision 2026-06-27; appraisal retrieved 2026-08-13 (2027 current)", "stroke": "#176B66", "stroke-width": 1, "stroke-opacity": 0.7, "fill": "#2A9D8F", "fill-opacity": 0.22}}, {"type": "Feature", "geometry": {"type": "Polygon", "coordinates": [[[-96.56778551786758, 32.941318557588886], [-96.56812455070114, 32.9410263876371], [-96.56876934737559, 32.94149401760638], [-96.56772317916347, 32.94235405297978], [-96.56727727861553, 32.942552972829525], [-96.56666620872926, 32.94268107113336], [-96.56678839274383, 32.94319375989233], [-96.56462009314254, 32.94503920099707], [-96.5639054584622, 32.94444678142941], [-96.5636762111203, 32.94464080561964], [-96.56283043649086, 32.943901243693965], [-96.56602451984848, 32.94124705482978], [-96.56694666573573, 32.94204011189948], [-96.56713664137642, 32.94187670289923], [-96.56741453143373, 32.94232056805588], [-96.5677718667397, 32.942110499023634], [-96.56825060010677, 32.94170378441767], [-96.56778551786758, 32.941318557588886]]]}, "properties": {"title": "CASTLE PARK ESTATES | 1 Future Lots", "description": "Rowlett | Single-Family | Total 16 | Built 15 | Future Lots 1 | Future Units 1 | 1_parcels_with_year_built_since_2024; 1_parcels_with_incomplete_official_structure_records", "feature_role": "project_boundary", "legend_category": "Other Active Residential", "rank": null, "project_id": "DCAD-SUBD-00090-c9de69b071", "subdivision_number": "00090", "subdivision_name": "CASTLE PARK ESTATES", "city": "Rowlett", "housing_type": "Single-Family", "total_lots": 16, "built_lots": 15, "future_lots": 1, "future_units": 1, "activity_status": "active_residential", "active_evidence": "1_parcels_with_year_built_since_2024; 1_parcels_with_incomplete_official_structure_records", "match_confidence": 1.0, "review_status": "high_confidence_spatial_subset", "source_snapshot_date": "GIS parcel 2026-07-10; subdivision 2026-06-27; appraisal retrieved 2026-08-13 (2027 current)", "stroke": "#176B66", "stroke-width": 1, "stroke-opacity": 0.7, "fill": "#2A9D8F", "fill-opacity": 0.22}}, {"type": "Feature", "geometry": {"type": "Polygon", "coordinates": [[[-96.69574481073079, 32.77089126349838], [-96.69570434508806, 32.770801337456746], [-96.69521452900847, 32.770818662802895], [-96.69487801762217, 32.77031042075538], [-96.69448358909825, 32.76982764594312], [-96.69419594734215, 32.76866532430163], [-96.69416985357876, 32.76815506196756], [-96.69398440025172, 32.76778035019612], [-96.69397401449847, 32.76753239578658], [-96.6940588064316, 32.76736627576196], [-96.6949926020481, 32.76659698557722], [-96.6968480987287, 32.7665525036254], [-96.69693193897638, 32.76659990923936], [-96.69709519722821, 32.76656204173189], [-96.69718965290674, 32.766250600793576], [-96.69732781804976, 32.76616339629947], [-96.69815653553664, 32.76634928221043], [-96.69989737324154, 32.76632796197245], [-96.6999744178641, 32.76665823136332], [-96.69996232091998, 32.76813434469628], [-96.69819279013191, 32.76818441102547], [-96.69733454329155, 32.76830626952977], [-96.69698187848147, 32.76847121758932], [-96.69676551787379, 32.76869556155397], [-96.69627527020862, 32.76968629426258], [-96.69618063491669, 32.769757803181086], [-96.69576040720361, 32.76989139228364], [-96.69625575693951, 32.77093773812217], [-96.69574481073079, 32.77089126349838]]]}, "properties": {"title": "URBANDALE NO. 4 | 1 Future Lots", "description": "Dallas | Single-Family | Total 104 | Built 103 | Future Lots 1 | Future Units 1 | 1_parcels_with_year_built_since_2024; 1_parcels_with_incomplete_official_structure_records", "feature_role": "project_boundary", "legend_category": "Other Active Residential", "rank": null, "project_id": "DCAD-SUBD-ROW26252-2501289c32", "subdivision_number": null, "subdivision_name": "URBANDALE NO. 4", "city": "Dallas", "housing_type": "Single-Family", "total_lots": 104, "built_lots": 103, "future_lots": 1, "future_units": 1, "activity_status": "active_residential", "active_evidence": "1_parcels_with_year_built_since_2024; 1_parcels_with_incomplete_official_structure_records", "match_confidence": 0.999716, "review_status": "high_confidence_spatial_subset", "source_snapshot_date": "GIS parcel 2026-07-10; subdivision 2026-06-27; appraisal retrieved 2026-08-13 (2027 current)", "stroke": "#176B66", "stroke-width": 1, "stroke-opacity": 0.7, "fill": "#2A9D8F", "fill-opacity": 0.22}}, {"type": "Feature", "geometry": {"type": "Polygon", "coordinates": [[[-96.95995756108995, 32.66784762624939], [-96.9586226433178, 32.66772051804138], [-96.95851590097051, 32.66577339362937], [-96.95924704979406, 32.66556918324027], [-96.95953219611566, 32.666772432486994], [-96.95998072557495, 32.666886364069285], [-96.95995756108995, 32.66784762624939]]]}, "properties": {"title": "CAMP WISDOM ESTATES | 1 Future Lots", "description": "Dallas | Single-Family | Total 24 | Built 23 | Future Lots 1 | Future Units 1 | 9_parcels_with_year_built_since_2024", "feature_role": "project_boundary", "legend_category": "Other Active Residential", "rank": null, "project_id": "DCAD-SUBD-ROW3191-9c7575e3f7", "subdivision_number": null, "subdivision_name": "CAMP WISDOM ESTATES", "city": "Dallas", "housing_type": "Single-Family", "total_lots": 24, "built_lots": 23, "future_lots": 1, "future_units": 1, "activity_status": "active_residential", "active_evidence": "9_parcels_with_year_built_since_2024", "match_confidence": 0.999977, "review_status": "high_confidence_spatial_subset", "source_snapshot_date": "GIS parcel 2026-07-10; subdivision 2026-06-27; appraisal retrieved 2026-08-13 (2027 current)", "stroke": "#176B66", "stroke-width": 1, "stroke-opacity": 0.7, "fill": "#2A9D8F", "fill-opacity": 0.22}}, {"type": "Feature", "geometry": {"type": "Polygon", "coordinates": [[[-96.68512711270928, 32.7414454204057], [-96.68512671018259, 32.73978091889188], [-96.68570352607993, 32.73978343498523], [-96.68572066472855, 32.73697370877282], [-96.68390461454048, 32.73696578356521], [-96.68391055038865, 32.73500232375427], [-96.68395945776875, 32.73496098736131], [-96.6843447662583, 32.73496015366938], [-96.68443680503445, 32.734908274634634], [-96.68525153777695, 32.7349088321631], [-96.68525615513553, 32.73457345764663], [-96.68531054648737, 32.734521418633676], [-96.6955836494853, 32.73456901130824], [-96.69564354942271, 32.734621598305], [-96.69563834047811, 32.73477718781864], [-96.69552239189348, 32.735146834719785], [-96.69381224056596, 32.73800576299388], [-96.6942679766672, 32.73818992849933], [-96.69482019996464, 32.73828710578065], [-96.69996193140689, 32.738320029061704], [-96.70002274513861, 32.738368954016956], [-96.70000384908981, 32.73946125635395], [-96.69608353937602, 32.7394743029593], [-96.69596309004055, 32.739580803747394], [-96.69597878943577, 32.741440429162814], [-96.69396155269, 32.7414516014529], [-96.69395519848143, 32.741408490468125], [-96.69356648664706, 32.741489471404044], [-96.69144896333464, 32.74147851713002], [-96.691449482222, 32.74153440111876], [-96.69024109817525, 32.74153916569855], [-96.69024059039143, 32.74144399926795], [-96.68710511466038, 32.741433940169586], [-96.687105532697, 32.74151454035511], [-96.68518561804441, 32.74149229545423], [-96.68512711270928, 32.7414454204057]]]}, "properties": {"title": "BUCKNER PARK | 1 Future Lots", "description": "Dallas | Single-Family | Total 698 | Built 697 | Future Lots 1 | Future Units 1 | 1_parcels_with_year_built_since_2024", "feature_role": "project_boundary", "legend_category": "Other Active Residential", "rank": null, "project_id": "DCAD-SUBD-ROW2843-03e6f5b72a", "subdivision_number": null, "subdivision_name": "BUCKNER PARK", "city": "Dallas", "housing_type": "Single-Family", "total_lots": 698, "built_lots": 697, "future_lots": 1, "future_units": 1, "activity_status": "active_residential", "active_evidence": "1_parcels_with_year_built_since_2024", "match_confidence": 0.999669, "review_status": "high_confidence_spatial_subset", "source_snapshot_date": "GIS parcel 2026-07-10; subdivision 2026-06-27; appraisal retrieved 2026-08-13 (2027 current)", "stroke": "#176B66", "stroke-width": 1, "stroke-opacity": 0.7, "fill": "#2A9D8F", "fill-opacity": 0.22}}, {"type": "Feature", "geometry": {"type": "Polygon", "coordinates": [[[-96.7536682239286, 32.823744304528695], [-96.7567190877329, 32.82376616853043], [-96.756711657263, 32.82437056985506], [-96.75703310625242, 32.824372709480464], [-96.75704437026184, 32.823768874582086], [-96.75720257363233, 32.82377019054982], [-96.75719764850625, 32.824373521814294], [-96.75736041540796, 32.824374875377664], [-96.75736533942698, 32.8237715441068], [-96.75783932453679, 32.82377548555296], [-96.75783807712548, 32.824379610539204], [-96.75800085104089, 32.824379529706604], [-96.75799988157851, 32.82377681972039], [-96.76007609641438, 32.82375876110566], [-96.76008216608768, 32.82511239287913], [-96.75365298802056, 32.825065446932975], [-96.75365918867692, 32.82446941853518], [-96.75333461620345, 32.82446714387165], [-96.75332868080748, 32.825062818624765], [-96.75301921886235, 32.82506028796443], [-96.7530156791365, 32.82432943732962], [-96.75333555558143, 32.82433181872136], [-96.75333760194724, 32.82374183495465], [-96.7536682239286, 32.823744304528695]]]}, "properties": {"title": "LAKEVIEW HEIGHTS | 1 Future Lots", "description": "Dallas | Single-Family | Total 71 | Built 70 | Future Lots 1 | Future Units 1 | 2_parcels_with_year_built_since_2024; 1_parcels_with_incomplete_official_structure_records", "feature_role": "project_boundary", "legend_category": "Other Active Residential", "rank": null, "project_id": "DCAD-SUBD-ROW13550-70de486767", "subdivision_number": null, "subdivision_name": "LAKEVIEW HEIGHTS", "city": "Dallas", "housing_type": "Single-Family", "total_lots": 71, "built_lots": 70, "future_lots": 1, "future_units": 1, "activity_status": "active_residential", "active_evidence": "2_parcels_with_year_built_since_2024; 1_parcels_with_incomplete_official_structure_records", "match_confidence": 0.999989, "review_status": "high_confidence_spatial_subset", "source_snapshot_date": "GIS parcel 2026-07-10; subdivision 2026-06-27; appraisal retrieved 2026-08-13 (2027 current)", "stroke": "#176B66", "stroke-width": 1, "stroke-opacity": 0.7, "fill": "#2A9D8F", "fill-opacity": 0.22}}, {"type": "Feature", "geometry": {"type": "Polygon", "coordinates": [[[-96.98327223008478, 32.715890429621325], [-96.98327369148733, 32.71437862012436], [-96.98382037612443, 32.71437569364567], [-96.983822063374, 32.71416954234535], [-96.98327389076348, 32.714172464398594], [-96.98326520950381, 32.71327917453332], [-96.98381983016803, 32.71327622542717], [-96.98382109161938, 32.71341365805445], [-96.98438645590159, 32.71341667232203], [-96.98438271442208, 32.71259206146946], [-96.98381352139138, 32.71258905950591], [-96.98381225998692, 32.712451625497806], [-96.9843820911081, 32.71245462701395], [-96.98438053125302, 32.7121110381023], [-96.98373930775358, 32.71210841894323], [-96.98372294445875, 32.71048991204683], [-96.98511324446704, 32.710500891188886], [-96.98512576376767, 32.71639000799902], [-96.98433824775927, 32.71639562897954], [-96.98433766457856, 32.71632691257829], [-96.9839750383297, 32.71632973539255], [-96.9839735633671, 32.7163984184418], [-96.98319072609425, 32.7163973059984], [-96.98319164076483, 32.7163309046807], [-96.98380437925177, 32.716329519769836], [-96.98380687301574, 32.71602490115098], [-96.98327209722112, 32.71602786721653], [-96.98327223008478, 32.715890429621325]]]}, "properties": {"title": "WALDRUM CITY ADDN | 1 Future Lots", "description": "Grand Prairie | Single-Family | Total 32 | Built 31 | Future Lots 1 | Future Units 1 | 2_parcels_with_year_built_since_2024", "feature_role": "project_boundary", "legend_category": "Other Active Residential", "rank": null, "project_id": "DCAD-SUBD-23850-958d33c24c", "subdivision_number": "23850", "subdivision_name": "WALDRUM CITY ADDN", "city": "Grand Prairie", "housing_type": "Single-Family", "total_lots": 32, "built_lots": 31, "future_lots": 1, "future_units": 1, "activity_status": "active_residential", "active_evidence": "2_parcels_with_year_built_since_2024", "match_confidence": 0.999143, "review_status": "high_confidence_spatial_subset", "source_snapshot_date": "GIS parcel 2026-07-10; subdivision 2026-06-27; appraisal retrieved 2026-08-13 (2027 current)", "stroke": "#176B66", "stroke-width": 1, "stroke-opacity": 0.7, "fill": "#2A9D8F", "fill-opacity": 0.22}}, {"type": "Feature", "geometry": {"type": "Polygon", "coordinates": [[[-96.7442865924095, 32.71327289682389], [-96.74458517066736, 32.71374487976801], [-96.74187467197056, 32.71513147705266], [-96.74156774248917, 32.714706798686954], [-96.74164681052687, 32.71466471502481], [-96.74147728897813, 32.71443015741084], [-96.7416437627363, 32.714344170008005], [-96.74119651846111, 32.71366200896932], [-96.74250764572692, 32.712989634338015], [-96.74282329472786, 32.71347752904215], [-96.74404716892153, 32.71286338596236], [-96.7442865924095, 32.71327289682389]]]}, "properties": {"title": "CENTRAL AVENUE 5 | 1 Future Lots", "description": "Dallas | Single-Family | Total 35 | Built 34 | Future Lots 1 | Future Units 1 | 1_parcels_with_year_built_since_2024; 1_parcels_with_incomplete_official_structure_records", "feature_role": "project_boundary", "legend_category": "Other Active Residential", "rank": null, "project_id": "DCAD-SUBD-ROW4050-378d21114a", "subdivision_number": null, "subdivision_name": "CENTRAL AVENUE 5", "city": "Dallas", "housing_type": "Single-Family", "total_lots": 35, "built_lots": 34, "future_lots": 1, "future_units": 1, "activity_status": "active_residential", "active_evidence": "1_parcels_with_year_built_since_2024; 1_parcels_with_incomplete_official_structure_records", "match_confidence": 0.998584, "review_status": "high_confidence_spatial_subset", "source_snapshot_date": "GIS parcel 2026-07-10; subdivision 2026-06-27; appraisal retrieved 2026-08-13 (2027 current)", "stroke": "#176B66", "stroke-width": 1, "stroke-opacity": 0.7, "fill": "#2A9D8F", "fill-opacity": 0.22}}, {"type": "Feature", "geometry": {"type": "Polygon", "coordinates": [[[-96.79621642577641, 32.820309966814], [-96.79551939341668, 32.820247813571456], [-96.79651805427031, 32.818400155080376], [-96.7980714511074, 32.81908656178182], [-96.79866571607468, 32.81945548158452], [-96.79772270739142, 32.82040666366376], [-96.79719447538457, 32.82004144184129], [-96.79692232850296, 32.82034537488479], [-96.79662862244396, 32.82030172296145], [-96.79621642577641, 32.820309966814]]]}, "properties": {"title": "NORTHERN HILLS NO. 2 | 1 Future Lots", "description": "Dallas | Mixed-Use | Total 39 | Built 38 | Future Lots 1 | Future Units 5 | 3_parcels_with_year_built_since_2024; 2_parcels_with_incomplete_official_structure_records", "feature_role": "project_boundary", "legend_category": "Other Active Residential", "rank": null, "project_id": "DCAD-SUBD-ROW16990-1de5977e0c", "subdivision_number": null, "subdivision_name": "NORTHERN HILLS NO. 2", "city": "Dallas", "housing_type": "Mixed-Use", "total_lots": 39, "built_lots": 38, "future_lots": 1, "future_units": 5, "activity_status": "active_residential", "active_evidence": "3_parcels_with_year_built_since_2024; 2_parcels_with_incomplete_official_structure_records", "match_confidence": 0.996265, "review_status": "high_confidence_spatial_subset", "source_snapshot_date": "GIS parcel 2026-07-10; subdivision 2026-06-27; appraisal retrieved 2026-08-13 (2027 current)", "stroke": "#176B66", "stroke-width": 1, "stroke-opacity": 0.7, "fill": "#2A9D8F", "fill-opacity": 0.22}}, {"type": "Feature", "geometry": {"type": "Polygon", "coordinates": [[[-96.86946395714033, 32.782499711045354], [-96.8697460468707, 32.78252052245805], [-96.86974055643864, 32.78345811898079], [-96.86772572233109, 32.78344155632356], [-96.86762993037435, 32.782907882104205], [-96.86871195113146, 32.782916365634854], [-96.86876585515905, 32.78271658633255], [-96.86877461696368, 32.78188826656459], [-96.8685370837895, 32.781887220467155], [-96.86855558417913, 32.77889246715872], [-96.86976723807157, 32.77889482728241], [-96.86975874406095, 32.78034924176028], [-96.86919739633757, 32.78034677311277], [-96.86918412091482, 32.782498479887614], [-96.86946395714033, 32.782499711045354]]]}, "properties": {"title": "SINGLETON VILLAS | 1 Future Lots", "description": "Dallas | Single-Family | Total 10 | Built 9 | Future Lots 1 | Future Units 1 | 2_parcels_with_year_built_since_2024", "feature_role": "project_boundary", "legend_category": "Other Active Residential", "rank": null, "project_id": "DCAD-SUBD-ROW22316-e8ee53fbcd", "subdivision_number": null, "subdivision_name": "SINGLETON VILLAS", "city": "Dallas", "housing_type": "Single-Family", "total_lots": 10, "built_lots": 9, "future_lots": 1, "future_units": 1, "activity_status": "active_residential", "active_evidence": "2_parcels_with_year_built_since_2024", "match_confidence": 1.0, "review_status": "high_confidence_spatial_subset", "source_snapshot_date": "GIS parcel 2026-07-10; subdivision 2026-06-27; appraisal retrieved 2026-08-13 (2027 current)", "stroke": "#176B66", "stroke-width": 1, "stroke-opacity": 0.7, "fill": "#2A9D8F", "fill-opacity": 0.22}}, {"type": "Feature", "geometry": {"type": "Polygon", "coordinates": [[[-96.7709100885637, 32.85442528540949], [-96.77119082288415, 32.85289049231285], [-96.77174168133863, 32.85116119684213], [-96.77336966815882, 32.85118525983497], [-96.77333758935414, 32.85303933375798], [-96.7731144412888, 32.85441421451132], [-96.7709100885637, 32.85442528540949]]]}, "properties": {"title": "CARUTH HILLS NO 6 | 1 Future Lots", "description": "Dallas | Single-Family | Total 66 | Built 65 | Future Lots 1 | Future Units 1 | 1_parcels_with_year_built_since_2024; 1_parcels_with_incomplete_official_structure_records", "feature_role": "project_boundary", "legend_category": "Other Active Residential", "rank": null, "project_id": "DCAD-SUBD-ROW3607-5e3e08564f", "subdivision_number": null, "subdivision_name": "CARUTH HILLS NO 6", "city": "Dallas", "housing_type": "Single-Family", "total_lots": 66, "built_lots": 65, "future_lots": 1, "future_units": 1, "activity_status": "active_residential", "active_evidence": "1_parcels_with_year_built_since_2024; 1_parcels_with_incomplete_official_structure_records", "match_confidence": 1.0, "review_status": "high_confidence_spatial_subset", "source_snapshot_date": "GIS parcel 2026-07-10; subdivision 2026-06-27; appraisal retrieved 2026-08-13 (2027 current)", "stroke": "#176B66", "stroke-width": 1, "stroke-opacity": 0.7, "fill": "#2A9D8F", "fill-opacity": 0.22}}, {"type": "Feature", "geometry": {"type": "Polygon", "coordinates": [[[-96.77809463318539, 32.858694966382714], [-96.77662916793012, 32.858707065752924], [-96.77660724929535, 32.8576126845609], [-96.77937249564965, 32.85759815412042], [-96.77937947396329, 32.85804467828566], [-96.78019560741548, 32.8580393100946], [-96.78021532542834, 32.85867742602588], [-96.77809463318539, 32.858694966382714]]]}, "properties": {"title": "CARUTH HILLS NO 9 | 1 Future Lots", "description": "Dallas | Single-Family | Total 20 | Built 19 | Future Lots 1 | Future Units 1 | 2_parcels_with_year_built_since_2024", "feature_role": "project_boundary", "legend_category": "Other Active Residential", "rank": null, "project_id": "DCAD-SUBD-ROW3610-9618adf5ec", "subdivision_number": null, "subdivision_name": "CARUTH HILLS NO 9", "city": "Dallas", "housing_type": "Single-Family", "total_lots": 20, "built_lots": 19, "future_lots": 1, "future_units": 1, "activity_status": "active_residential", "active_evidence": "2_parcels_with_year_built_since_2024", "match_confidence": 1.0, "review_status": "high_confidence_spatial_subset", "source_snapshot_date": "GIS parcel 2026-07-10; subdivision 2026-06-27; appraisal retrieved 2026-08-13 (2027 current)", "stroke": "#176B66", "stroke-width": 1, "stroke-opacity": 0.7, "fill": "#2A9D8F", "fill-opacity": 0.22}}, {"type": "Feature", "geometry": {"type": "Polygon", "coordinates": [[[-96.78162764141751, 32.67732799925448], [-96.78145969930843, 32.67740638976497], [-96.78089214055093, 32.6765538136968], [-96.78191892906821, 32.676077254248604], [-96.78188492185542, 32.67602660965965], [-96.7827356540256, 32.67563065340339], [-96.78330748040732, 32.6764900702286], [-96.78227491412594, 32.676965937153], [-96.78230525466148, 32.67701165672915], [-96.78162764141751, 32.67732799925448]]]}, "properties": {"title": "FREELAND HEIGHTS ADDN | 1 Future Lots", "description": "Dallas | Single-Family | Total 14 | Built 12 | Future Lots 1 | Future Units 1 | 5_parcels_with_year_built_since_2024", "feature_role": "project_boundary", "legend_category": "Other Active Residential", "rank": null, "project_id": "DCAD-SUBD-ROW8661-51197a1108", "subdivision_number": null, "subdivision_name": "FREELAND HEIGHTS ADDN", "city": "Dallas", "housing_type": "Single-Family", "total_lots": 14, "built_lots": 12, "future_lots": 1, "future_units": 1, "activity_status": "active_residential", "active_evidence": "5_parcels_with_year_built_since_2024", "match_confidence": 0.999999, "review_status": "high_confidence_spatial_subset", "source_snapshot_date": "GIS parcel 2026-07-10; subdivision 2026-06-27; appraisal retrieved 2026-08-13 (2027 current)", "stroke": "#176B66", "stroke-width": 1, "stroke-opacity": 0.7, "fill": "#2A9D8F", "fill-opacity": 0.22}}, {"type": "Feature", "geometry": {"type": "Polygon", "coordinates": [[[-96.71473390121729, 32.74083786813946], [-96.71223145651915, 32.74078413694974], [-96.71226722676808, 32.739244726620235], [-96.71102428305163, 32.73922409190394], [-96.71066630204766, 32.73994783474012], [-96.71087006986413, 32.740098653939526], [-96.71095036524812, 32.740338923043915], [-96.71074718097823, 32.74075224962262], [-96.7094262078968, 32.74072382712934], [-96.7100566462131, 32.739838979473326], [-96.7103473326331, 32.7393261992065], [-96.71058746260574, 32.73864538738164], [-96.71068097691965, 32.738010761338096], [-96.7119201870659, 32.7380313281518], [-96.71176950742273, 32.734703305608235], [-96.71270384506757, 32.7347403882548], [-96.71327975350898, 32.73494822762021], [-96.71425129355356, 32.73580874835021], [-96.71495212677219, 32.736542268411476], [-96.71683231571006, 32.73820674909024], [-96.71639914493588, 32.73856905690581], [-96.7160587524282, 32.73894091899195], [-96.71473390121729, 32.74083786813946]]]}, "properties": {"title": "TRINITY FOREST ESTATES ADDN BLKS A-C/6235 & A/7974 | 1 Future Lots", "description": "Dallas | Single-Family | Total 126 | Built 125 | Future Lots 1 | Future Units 1 | 1_parcels_with_year_built_since_2024", "feature_role": "project_boundary", "legend_category": "Other Active Residential", "rank": null, "project_id": "DCAD-SUBD-ROW25078-60557948d8", "subdivision_number": null, "subdivision_name": "TRINITY FOREST ESTATES ADDN BLKS A-C/6235 & A/7974", "city": "Dallas", "housing_type": "Single-Family", "total_lots": 126, "built_lots": 125, "future_lots": 1, "future_units": 1, "activity_status": "active_residential", "active_evidence": "1_parcels_with_year_built_since_2024", "match_confidence": 0.999985, "review_status": "high_confidence_spatial_subset", "source_snapshot_date": "GIS parcel 2026-07-10; subdivision 2026-06-27; appraisal retrieved 2026-08-13 (2027 current)", "stroke": "#176B66", "stroke-width": 1, "stroke-opacity": 0.7, "fill": "#2A9D8F", "fill-opacity": 0.22}}, {"type": "Feature", "geometry": {"type": "Polygon", "coordinates": [[[-96.70446238097414, 32.77321276778132], [-96.70025913631497, 32.77245088564173], [-96.70023669816482, 32.770265490563574], [-96.7002991294072, 32.769409339236084], [-96.70024064801083, 32.769126288094746], [-96.70023923982764, 32.76813857351269], [-96.7002796136274, 32.767760244084855], [-96.7004552180928, 32.76733537722681], [-96.70337480078139, 32.76812872050024], [-96.70323536185226, 32.768302760259076], [-96.70316566496457, 32.7684994682581], [-96.70320603029897, 32.76993153033261], [-96.70344104828604, 32.770176242995404], [-96.70483274991251, 32.77053652557638], [-96.70493111940908, 32.77326165263313], [-96.70488642453435, 32.7732914128077], [-96.70446238097414, 32.77321276778132]]]}, "properties": {"title": "MILITARY PARK NO. 1 | 1 Future Lots", "description": "Dallas | Single-Family | Total 196 | Built 195 | Future Lots 1 | Future Units 1 | 1_parcels_with_year_built_since_2024", "feature_role": "project_boundary", "legend_category": "Other Active Residential", "rank": null, "project_id": "DCAD-SUBD-ROW15893-553b37d6d9", "subdivision_number": null, "subdivision_name": "MILITARY PARK NO. 1", "city": "Dallas", "housing_type": "Single-Family", "total_lots": 196, "built_lots": 195, "future_lots": 1, "future_units": 1, "activity_status": "active_residential", "active_evidence": "1_parcels_with_year_built_since_2024", "match_confidence": 0.999976, "review_status": "high_confidence_spatial_subset", "source_snapshot_date": "GIS parcel 2026-07-10; subdivision 2026-06-27; appraisal retrieved 2026-08-13 (2027 current)", "stroke": "#176B66", "stroke-width": 1, "stroke-opacity": 0.7, "fill": "#2A9D8F", "fill-opacity": 0.22}}, {"type": "Feature", "geometry": {"type": "Polygon", "coordinates": [[[-96.79526218680569, 32.876367278620336], [-96.79525170401719, 32.877494214155824], [-96.78692985310957, 32.87743712467678], [-96.78692985567065, 32.87631868725136], [-96.79526218680569, 32.876367278620336]]]}, "properties": {"title": "JACKSON HEIGHTS NO 2 | 1 Future Lots", "description": "Dallas | Single-Family | Total 46 | Built 45 | Future Lots 1 | Future Units 1 | 1_parcels_with_year_built_since_2024", "feature_role": "project_boundary", "legend_category": "Other Active Residential", "rank": null, "project_id": "DCAD-SUBD-ROW11962-8d00668d92", "subdivision_number": null, "subdivision_name": "JACKSON HEIGHTS NO 2", "city": "Dallas", "housing_type": "Single-Family", "total_lots": 46, "built_lots": 45, "future_lots": 1, "future_units": 1, "activity_status": "active_residential", "active_evidence": "1_parcels_with_year_built_since_2024", "match_confidence": 1.0, "review_status": "high_confidence_spatial_subset", "source_snapshot_date": "GIS parcel 2026-07-10; subdivision 2026-06-27; appraisal retrieved 2026-08-13 (2027 current)", "stroke": "#176B66", "stroke-width": 1, "stroke-opacity": 0.7, "fill": "#2A9D8F", "fill-opacity": 0.22}}, {"type": "Feature", "geometry": {"type": "Polygon", "coordinates": [[[-96.79816551440845, 32.89473519720904], [-96.79415401029009, 32.894664377270615], [-96.79425030321102, 32.89099925995799], [-96.79429035690268, 32.89096039257576], [-96.79915590057595, 32.89097825522116], [-96.79911755937019, 32.8918701946533], [-96.79821838515231, 32.89186252486206], [-96.79816551440845, 32.89473519720904]]]}, "properties": {"title": "PEMBERTON 3 | 1 Future Lots", "description": "Dallas | Single-Family | Total 94 | Built 93 | Future Lots 1 | Future Units 1 | 1_parcels_with_year_built_since_2024", "feature_role": "project_boundary", "legend_category": "Other Active Residential", "rank": null, "project_id": "DCAD-SUBD-ROW18520-d761dba416", "subdivision_number": null, "subdivision_name": "PEMBERTON 3", "city": "Dallas", "housing_type": "Single-Family", "total_lots": 94, "built_lots": 93, "future_lots": 1, "future_units": 1, "activity_status": "active_residential", "active_evidence": "1_parcels_with_year_built_since_2024", "match_confidence": 0.999528, "review_status": "high_confidence_spatial_subset", "source_snapshot_date": "GIS parcel 2026-07-10; subdivision 2026-06-27; appraisal retrieved 2026-08-13 (2027 current)", "stroke": "#176B66", "stroke-width": 1, "stroke-opacity": 0.7, "fill": "#2A9D8F", "fill-opacity": 0.22}}, {"type": "Feature", "geometry": {"type": "Polygon", "coordinates": [[[-96.79161582536467, 32.872981792414365], [-96.7952773579416, 32.8729811432787], [-96.79528539229891, 32.87398766093364], [-96.7916323874299, 32.873964233317544], [-96.79161582536467, 32.872981792414365]]]}, "properties": {"title": "PARNELL REVISED | 1 Future Lots", "description": "Dallas | Single-Family | Total 28 | Built 27 | Future Lots 1 | Future Units 1 | 1_parcels_with_year_built_since_2024", "feature_role": "project_boundary", "legend_category": "Other Active Residential", "rank": null, "project_id": "DCAD-SUBD-ROW18276-2419cd0320", "subdivision_number": null, "subdivision_name": "PARNELL REVISED", "city": "Dallas", "housing_type": "Single-Family", "total_lots": 28, "built_lots": 27, "future_lots": 1, "future_units": 1, "activity_status": "active_residential", "active_evidence": "1_parcels_with_year_built_since_2024", "match_confidence": 1.0, "review_status": "high_confidence_spatial_subset", "source_snapshot_date": "GIS parcel 2026-07-10; subdivision 2026-06-27; appraisal retrieved 2026-08-13 (2027 current)", "stroke": "#176B66", "stroke-width": 1, "stroke-opacity": 0.7, "fill": "#2A9D8F", "fill-opacity": 0.22}}, {"type": "Feature", "geometry": {"type": "Polygon", "coordinates": [[[-96.60933811640068, 32.68293862675516], [-96.60936860721044, 32.682987292510546], [-96.60926942271207, 32.683086128396624], [-96.60927840544227, 32.683193453489366], [-96.60962068768934, 32.68341276231382], [-96.60912710862507, 32.68382089614962], [-96.60936616520131, 32.684027659393166], [-96.60927721581784, 32.68412872671252], [-96.60916511142966, 32.68411297733374], [-96.60892297461373, 32.684313193419186], [-96.60917168796281, 32.68452732755005], [-96.6087902877598, 32.684842694406655], [-96.60902147121998, 32.68498996403215], [-96.60971801306142, 32.68559106975476], [-96.60976460838745, 32.68555112924387], [-96.61024454061659, 32.68596619093399], [-96.60818143901312, 32.687674185612494], [-96.60812247717462, 32.687626026189406], [-96.60952286923305, 32.68646470126247], [-96.60839182350043, 32.685487537386756], [-96.60646136994868, 32.68455001077412], [-96.60670468805014, 32.68415799909849], [-96.60650860455542, 32.684063685941545], [-96.60725373003899, 32.68296534461433], [-96.6074103354012, 32.68304073445603], [-96.60762475069518, 32.682816487491344], [-96.60739885050826, 32.68275149522476], [-96.6077294363323, 32.68247322321992], [-96.60845336166891, 32.68264356312651], [-96.60860767130954, 32.68273677330087], [-96.60873589918252, 32.682920034348356], [-96.60930304540412, 32.682454799495915], [-96.6094576819375, 32.68259394497948], [-96.60912374997525, 32.68270504148031], [-96.60933811640068, 32.68293862675516]]]}, "properties": {"title": "WRIGHT FARMS PH 2 | 1 Future Lots", "description": "Dallas | Single-Family | Total 53 | Built 52 | Future Lots 1 | Future Units 1 | 34_parcels_with_year_built_since_2024", "feature_role": "project_boundary", "legend_category": "Other Active Residential", "rank": null, "project_id": "DCAD-SUBD-ROW28713-499b3d6a1e", "subdivision_number": null, "subdivision_name": "WRIGHT FARMS PH 2", "city": "Dallas", "housing_type": "Single-Family", "total_lots": 53, "built_lots": 52, "future_lots": 1, "future_units": 1, "activity_status": "active_residential", "active_evidence": "34_parcels_with_year_built_since_2024", "match_confidence": 1.0, "review_status": "high_confidence_spatial_subset", "source_snapshot_date": "GIS parcel 2026-07-10; subdivision 2026-06-27; appraisal retrieved 2026-08-13 (2027 current)", "stroke": "#176B66", "stroke-width": 1, "stroke-opacity": 0.7, "fill": "#2A9D8F", "fill-opacity": 0.22}}, {"type": "Feature", "geometry": {"type": "Polygon", "coordinates": [[[-97.00556503549205, 32.57940504111225], [-97.00550930665977, 32.58009882067237], [-97.0048609926104, 32.5805776704535], [-97.0027996539498, 32.578830107494944], [-97.00216271243892, 32.57816020238012], [-97.00193306742217, 32.57784983660568], [-97.00210473658585, 32.57769099159945], [-97.00198264864005, 32.577496903381146], [-97.00173117280099, 32.577528875740924], [-97.00139443717381, 32.57681589357212], [-97.00119392691326, 32.57611204772653], [-97.00111802910583, 32.57553622887166], [-97.00113033842264, 32.574812272173865], [-97.0012676880685, 32.57407365805996], [-97.0014998034807, 32.573423615020836], [-97.00197312155103, 32.572590032135246], [-97.0034506120713, 32.57074634240375], [-97.00383468096335, 32.57016649779712], [-97.00527364635326, 32.57075465688155], [-97.00654793598859, 32.57121577813815], [-97.00716426177182, 32.57196116555493], [-97.00702689976359, 32.57204545846118], [-97.0078881988733, 32.57286261212763], [-97.00746197777863, 32.57315784350092], [-97.00734633639401, 32.57330449058983], [-97.00831859692988, 32.573764273511], [-97.01022683409658, 32.57453727329046], [-97.01019932861405, 32.57568873954422], [-97.00865905052417, 32.57664000453848], [-97.00866789685432, 32.577686967287804], [-97.00674860332488, 32.57690934396014], [-97.00622668627085, 32.57754425066115], [-97.00603816801207, 32.5787778915524], [-97.00556503549205, 32.57940504111225]]]}, "properties": {"title": "LAKE RIDGE SECTION 2 | 1 Future Lots", "description": "Cedar Hill | Single-Family | Total 71 | Built 70 | Future Lots 1 | Future Units 1 | 3_parcels_with_year_built_since_2024; 1_parcels_with_incomplete_official_structure_records", "feature_role": "project_boundary", "legend_category": "Other Active Residential", "rank": null, "project_id": "DCAD-SUBD-ROW13326-7206930820", "subdivision_number": null, "subdivision_name": "LAKE RIDGE SECTION 2", "city": "Cedar Hill", "housing_type": "Single-Family", "total_lots": 71, "built_lots": 70, "future_lots": 1, "future_units": 1, "activity_status": "active_residential", "active_evidence": "3_parcels_with_year_built_since_2024; 1_parcels_with_incomplete_official_structure_records", "match_confidence": 1.0, "review_status": "high_confidence_spatial_subset", "source_snapshot_date": "GIS parcel 2026-07-10; subdivision 2026-06-27; appraisal retrieved 2026-08-13 (2027 current)", "stroke": "#176B66", "stroke-width": 1, "stroke-opacity": 0.7, "fill": "#2A9D8F", "fill-opacity": 0.22}}, {"type": "Feature", "geometry": {"type": "Polygon", "coordinates": [[[-96.56547143252617, 32.798351056767316], [-96.5655340526219, 32.79604560138916], [-96.56980640231944, 32.79609624399755], [-96.57039182811907, 32.79616682514849], [-96.57337225341618, 32.79615024006224], [-96.573324323415, 32.798382042002025], [-96.57156362108185, 32.798358960182796], [-96.57170249848534, 32.798558768024265], [-96.5717263788555, 32.798704213147666], [-96.57072468699239, 32.79883699220969], [-96.57074744118518, 32.798922489046284], [-96.56959972725434, 32.79922627283391], [-96.56923332349992, 32.799232180016055], [-96.56544799022218, 32.79921532366402], [-96.56547143252617, 32.798351056767316]]]}, "properties": {"title": "FALLS PH 1 | 1 Future Lots", "description": "Sunnyvale | Single-Family | Total 31 | Built 30 | Future Lots 1 | Future Units 1 | 1_parcels_with_year_built_since_2024; 1_parcels_with_incomplete_official_structure_records", "feature_role": "project_boundary", "legend_category": "Other Active Residential", "rank": null, "project_id": "DCAD-SUBD-00480-116805de4f", "subdivision_number": "00480", "subdivision_name": "FALLS PH 1", "city": "Sunnyvale", "housing_type": "Single-Family", "total_lots": 31, "built_lots": 30, "future_lots": 1, "future_units": 1, "activity_status": "active_residential", "active_evidence": "1_parcels_with_year_built_since_2024; 1_parcels_with_incomplete_official_structure_records", "match_confidence": 1.0, "review_status": "high_confidence_spatial_subset", "source_snapshot_date": "GIS parcel 2026-07-10; subdivision 2026-06-27; appraisal retrieved 2026-08-13 (2027 current)", "stroke": "#176B66", "stroke-width": 1, "stroke-opacity": 0.7, "fill": "#2A9D8F", "fill-opacity": 0.22}}, {"type": "Feature", "geometry": {"type": "Polygon", "coordinates": [[[-96.84306580392636, 32.88035163214307], [-96.84102505406501, 32.88032405231247], [-96.84104520242607, 32.87843793871017], [-96.83853581619616, 32.87840342541643], [-96.83855914300642, 32.87419225681891], [-96.83895706900431, 32.874224162946106], [-96.8393475139712, 32.87436379135002], [-96.83960626733251, 32.874544231111244], [-96.84009689330276, 32.87508034900346], [-96.84036444895247, 32.87523602145288], [-96.84074509339746, 32.875349958145186], [-96.84271364053748, 32.87539942611369], [-96.84621703042727, 32.87539931886656], [-96.8461907529657, 32.87672201996746], [-96.84328795909626, 32.87671453862748], [-96.84324977858672, 32.88035398718397], [-96.84306580392636, 32.88035163214307]]]}, "properties": {"title": "GLENRIDGE ESTATES 2 SEC 2 | 1 Future Lots", "description": "Dallas | Single-Family | Total 205 | Built 204 | Future Lots 1 | Future Units 1 | 6_parcels_with_year_built_since_2024; 4_parcels_with_incomplete_official_structure_records", "feature_role": "project_boundary", "legend_category": "Other Active Residential", "rank": null, "project_id": "DCAD-SUBD-ROW9375-a33e3ad5c0", "subdivision_number": null, "subdivision_name": "GLENRIDGE ESTATES 2 SEC 2", "city": "Dallas", "housing_type": "Single-Family", "total_lots": 205, "built_lots": 204, "future_lots": 1, "future_units": 1, "activity_status": "active_residential", "active_evidence": "6_parcels_with_year_built_since_2024; 4_parcels_with_incomplete_official_structure_records", "match_confidence": 0.999994, "review_status": "high_confidence_spatial_subset", "source_snapshot_date": "GIS parcel 2026-07-10; subdivision 2026-06-27; appraisal retrieved 2026-08-13 (2027 current)", "stroke": "#176B66", "stroke-width": 1, "stroke-opacity": 0.7, "fill": "#2A9D8F", "fill-opacity": 0.22}}, {"type": "Feature", "geometry": {"type": "Polygon", "coordinates": [[[-96.73274965156651, 32.98351852860017], [-96.73363657120235, 32.98295506167119], [-96.7338336785288, 32.98318880497316], [-96.73353093600534, 32.98341683771394], [-96.7338170836077, 32.98366421235127], [-96.73426299142655, 32.98396580698359], [-96.73445591823895, 32.98375529541125], [-96.73470748006513, 32.9837743633702], [-96.73558213244894, 32.98435544650749], [-96.736047678715, 32.98481128742458], [-96.7364057777176, 32.98541644708619], [-96.7368796028934, 32.986872179445754], [-96.73692954339583, 32.98738481549867], [-96.73684262491577, 32.98873375830048], [-96.73688061723186, 32.988922606163946], [-96.73706225400184, 32.98912527922146], [-96.7376160573004, 32.98939171465696], [-96.73791345557262, 32.989612929849486], [-96.73814164932583, 32.98988751496836], [-96.73841201767388, 32.99039512840509], [-96.73730844901927, 32.99075966664468], [-96.73705994934878, 32.99025002337239], [-96.7362195514, 32.98979636075479], [-96.7356538368564, 32.98917344510476], [-96.73514616239744, 32.989165680605744], [-96.734684960167, 32.988986728580294], [-96.73426641086579, 32.98861885894393], [-96.73344881225003, 32.98814224305934], [-96.73232217413856, 32.9870192512043], [-96.73215321367043, 32.98664644646282], [-96.73219005927373, 32.98624857519939], [-96.73229846897787, 32.98604517029106], [-96.73295352961314, 32.98522443510618], [-96.73332092690748, 32.984519258517466], [-96.7334084312314, 32.98415102503987], [-96.73274965156651, 32.98351852860017]]]}, "properties": {"title": "Canyon Creek Country Club No. 5 | 1 Future Lots", "description": "City not provided | Single-Family | Total 37 | Built 36 | Future Lots 1 | Future Units 1 | 1_parcels_with_year_built_since_2024; 1_parcels_with_incomplete_official_structure_records", "feature_role": "project_boundary", "legend_category": "Other Active Residential", "rank": null, "project_id": "DCAD-SUBD-ROW3294-0c69e55729", "subdivision_number": null, "subdivision_name": "Canyon Creek Country Club No. 5", "city": "City not provided", "housing_type": "Single-Family", "total_lots": 37, "built_lots": 36, "future_lots": 1, "future_units": 1, "activity_status": "active_residential", "active_evidence": "1_parcels_with_year_built_since_2024; 1_parcels_with_incomplete_official_structure_records", "match_confidence": 1.0, "review_status": "high_confidence_spatial_subset", "source_snapshot_date": "GIS parcel 2026-07-10; subdivision 2026-06-27; appraisal retrieved 2026-08-13 (2027 current)", "stroke": "#176B66", "stroke-width": 1, "stroke-opacity": 0.7, "fill": "#2A9D8F", "fill-opacity": 0.22}}, {"type": "Feature", "geometry": {"type": "Polygon", "coordinates": [[[-96.96646232491267, 32.74956080861887], [-96.96856002627244, 32.74957154983807], [-96.9686322295231, 32.75572362136277], [-96.96830979854369, 32.755702022351265], [-96.96740842304108, 32.75575435406093], [-96.96741411756585, 32.75778332564764], [-96.96596677205646, 32.7577073394461], [-96.96586806454513, 32.750909532464085], [-96.96632690739973, 32.7509072441051], [-96.96630792115049, 32.74955990846977], [-96.96646232491267, 32.74956080861887]], [[-96.96622871036178, 32.753388246164725], [-96.96606606785446, 32.753387710108655], [-96.96606290178836, 32.75407489046944], [-96.96622554557842, 32.75407542515543], [-96.96622871036178, 32.753388246164725]], [[-96.96710404453508, 32.75325258005454], [-96.96849100519313, 32.75324803863297], [-96.96845506344984, 32.75125410849346], [-96.96603815136596, 32.75126036540364], [-96.96605381159112, 32.753256008084065], [-96.96710404453508, 32.75325258005454]]]}, "properties": {"title": "WESTOVER PLACE REVISED | 1 Future Lots", "description": "Grand Prairie | Single-Family | Total 67 | Built 66 | Future Lots 1 | Future Units 1 | 1_parcels_with_year_built_since_2024", "feature_role": "project_boundary", "legend_category": "Other Active Residential", "rank": null, "project_id": "DCAD-SUBD-24450-4e7548352f", "subdivision_number": "24450", "subdivision_name": "WESTOVER PLACE REVISED", "city": "Grand Prairie", "housing_type": "Single-Family", "total_lots": 67, "built_lots": 66, "future_lots": 1, "future_units": 1, "activity_status": "active_residential", "active_evidence": "1_parcels_with_year_built_since_2024", "match_confidence": 1.0, "review_status": "high_confidence_spatial_subset", "source_snapshot_date": "GIS parcel 2026-07-10; subdivision 2026-06-27; appraisal retrieved 2026-08-13 (2027 current)", "stroke": "#176B66", "stroke-width": 1, "stroke-opacity": 0.7, "fill": "#2A9D8F", "fill-opacity": 0.22}}, {"type": "Feature", "geometry": {"type": "Polygon", "coordinates": [[[-96.8369592883754, 32.7786402978784], [-96.83743269509031, 32.77863398540301], [-96.83746721239346, 32.78131752734626], [-96.8363643901249, 32.78132576583173], [-96.83636009401256, 32.7794786207767], [-96.83680908311517, 32.77947842089834], [-96.8368071373369, 32.77864967980848], [-96.8369592883754, 32.7786402978784]]]}, "properties": {"title": "C M BRANTLEY | 1 Future Lots", "description": "Dallas | Single-Family | Total 34 | Built 33 | Future Lots 1 | Future Units 1 | 1_parcels_with_year_built_since_2024", "feature_role": "project_boundary", "legend_category": "Other Active Residential", "rank": null, "project_id": "DCAD-SUBD-ROW3036-4d6848c253", "subdivision_number": null, "subdivision_name": "C M BRANTLEY", "city": "Dallas", "housing_type": "Single-Family", "total_lots": 34, "built_lots": 33, "future_lots": 1, "future_units": 1, "activity_status": "active_residential", "active_evidence": "1_parcels_with_year_built_since_2024", "match_confidence": 1.0, "review_status": "high_confidence_spatial_subset", "source_snapshot_date": "GIS parcel 2026-07-10; subdivision 2026-06-27; appraisal retrieved 2026-08-13 (2027 current)", "stroke": "#176B66", "stroke-width": 1, "stroke-opacity": 0.7, "fill": "#2A9D8F", "fill-opacity": 0.22}}, {"type": "Feature", "geometry": {"type": "Polygon", "coordinates": [[[-96.80493742750394, 32.832149607781425], [-96.80458631002898, 32.832262544904715], [-96.80461016106611, 32.83028248820462], [-96.80959601637124, 32.83025929732703], [-96.80965911274617, 32.83071436948231], [-96.80998806786623, 32.832063737443505], [-96.80706883825407, 32.832081919686516], [-96.80706820970153, 32.83203092261003], [-96.80558409347142, 32.83204854076796], [-96.80493742750394, 32.832149607781425]]]}, "properties": {"title": "HIGHLAND PARK 2ND INST AMENDED | 1 Future Lots", "description": "Highland Park | Single-Family | Total 67 | Built 66 | Future Lots 1 | Future Units 1 | 1_parcels_with_year_built_since_2024; 1_parcels_with_incomplete_official_structure_records", "feature_role": "project_boundary", "legend_category": "Other Active Residential", "rank": null, "project_id": "DCAD-SUBD-08450-9d3debb423", "subdivision_number": "08450", "subdivision_name": "HIGHLAND PARK 2ND INST AMENDED", "city": "Highland Park", "housing_type": "Single-Family", "total_lots": 67, "built_lots": 66, "future_lots": 1, "future_units": 1, "activity_status": "active_residential", "active_evidence": "1_parcels_with_year_built_since_2024; 1_parcels_with_incomplete_official_structure_records", "match_confidence": 0.999291, "review_status": "high_confidence_spatial_subset", "source_snapshot_date": "GIS parcel 2026-07-10; subdivision 2026-06-27; appraisal retrieved 2026-08-13 (2027 current)", "stroke": "#176B66", "stroke-width": 1, "stroke-opacity": 0.7, "fill": "#2A9D8F", "fill-opacity": 0.22}}, {"type": "Feature", "geometry": {"type": "Polygon", "coordinates": [[[-96.55619964010964, 32.85129799900793], [-96.555944655543, 32.85132820898576], [-96.55567093947201, 32.85073120671258], [-96.55565512263507, 32.85029161476155], [-96.5598856882701, 32.850313457137815], [-96.55991635266436, 32.85069593444757], [-96.56006372438587, 32.8506982318684], [-96.56005543746224, 32.85117857770795], [-96.56012110637057, 32.851181223401255], [-96.56120252844732, 32.8520423738558], [-96.56088026846801, 32.85243471990847], [-96.56048835025575, 32.85274261192619], [-96.56002040703841, 32.8529765975939], [-96.55975091957525, 32.85305773653839], [-96.55911789282943, 32.85316979187538], [-96.55738738518185, 32.85315241322529], [-96.55740729333995, 32.85224378825278], [-96.55681027290201, 32.85122565361657], [-96.55619964010964, 32.85129799900793]]]}, "properties": {"title": "EVANGEL TEMPLE | 1 Future Lots", "description": "Garland | Single-Family | Total 87 | Built 86 | Future Lots 1 | Future Units 1 | 1_parcels_with_year_built_since_2024; 1_parcels_with_incomplete_official_structure_records", "feature_role": "project_boundary", "legend_category": "Other Active Residential", "rank": null, "project_id": "DCAD-SUBD-17555-18135bfe08", "subdivision_number": "17555", "subdivision_name": "EVANGEL TEMPLE", "city": "Garland", "housing_type": "Single-Family", "total_lots": 87, "built_lots": 86, "future_lots": 1, "future_units": 1, "activity_status": "active_residential", "active_evidence": "1_parcels_with_year_built_since_2024; 1_parcels_with_incomplete_official_structure_records", "match_confidence": 0.999978, "review_status": "high_confidence_spatial_subset", "source_snapshot_date": "GIS parcel 2026-07-10; subdivision 2026-06-27; appraisal retrieved 2026-08-13 (2027 current)", "stroke": "#176B66", "stroke-width": 1, "stroke-opacity": 0.7, "fill": "#2A9D8F", "fill-opacity": 0.22}}, {"type": "Feature", "geometry": {"type": "Polygon", "coordinates": [[[-96.75091771823143, 32.741849156349296], [-96.75092310670844, 32.74152447840917], [-96.75172104068169, 32.741523689455256], [-96.75171773478594, 32.74184847915555], [-96.7521186305721, 32.74184812430456], [-96.75212141565547, 32.74152327780611], [-96.75335697419399, 32.741522031037995], [-96.7533290600594, 32.743142492850836], [-96.75089515130816, 32.743139826352994], [-96.75091771823143, 32.741849156349296]]]}, "properties": {"title": "O. E. TAYLOR | 1 Future Lots", "description": "Dallas | Single-Family | Total 34 | Built 33 | Future Lots 1 | Future Units 1 | 2_parcels_with_year_built_since_2024; 1_parcels_with_incomplete_official_structure_records", "feature_role": "project_boundary", "legend_category": "Other Active Residential", "rank": null, "project_id": "DCAD-SUBD-7071-4d8b69a183", "subdivision_number": "7071", "subdivision_name": "O. E. TAYLOR", "city": "Dallas", "housing_type": "Single-Family", "total_lots": 34, "built_lots": 33, "future_lots": 1, "future_units": 1, "activity_status": "active_residential", "active_evidence": "2_parcels_with_year_built_since_2024; 1_parcels_with_incomplete_official_structure_records", "match_confidence": 1.0, "review_status": "high_confidence_spatial_subset", "source_snapshot_date": "GIS parcel 2026-07-10; subdivision 2026-06-27; appraisal retrieved 2026-08-13 (2027 current)", "stroke": "#176B66", "stroke-width": 1, "stroke-opacity": 0.7, "fill": "#2A9D8F", "fill-opacity": 0.22}}, {"type": "Feature", "geometry": {"type": "Polygon", "coordinates": [[[-96.7640687240611, 32.70304012019203], [-96.76463384764466, 32.70276823688839], [-96.76497140489116, 32.7032726029899], [-96.7644041530447, 32.70354130625195], [-96.7640687240611, 32.70304012019203]]]}, "properties": {"title": "ORANGE BLOSSOM | 1 Future Lots", "description": "Dallas | Single-Family | Total 5 | Built 4 | Future Lots 1 | Future Units 1 | 4_parcels_with_year_built_since_2024", "feature_role": "project_boundary", "legend_category": "Other Active Residential", "rank": null, "project_id": "DCAD-SUBD-ROW17673-a1b3fe080a", "subdivision_number": null, "subdivision_name": "ORANGE BLOSSOM", "city": "Dallas", "housing_type": "Single-Family", "total_lots": 5, "built_lots": 4, "future_lots": 1, "future_units": 1, "activity_status": "active_residential", "active_evidence": "4_parcels_with_year_built_since_2024", "match_confidence": 0.999999, "review_status": "high_confidence_spatial_subset", "source_snapshot_date": "GIS parcel 2026-07-10; subdivision 2026-06-27; appraisal retrieved 2026-08-13 (2027 current)", "stroke": "#176B66", "stroke-width": 1, "stroke-opacity": 0.7, "fill": "#2A9D8F", "fill-opacity": 0.22}}, {"type": "Feature", "geometry": {"type": "Polygon", "coordinates": [[[-96.75674559654276, 32.964095954670704], [-96.75596320532632, 32.964041211445846], [-96.75598506361821, 32.962509306025076], [-96.7622355260371, 32.962423826099396], [-96.76223641183049, 32.962471828732056], [-96.76244729808221, 32.96246916837269], [-96.7624816933021, 32.96506461793838], [-96.75999602842914, 32.96508750194362], [-96.7596102848546, 32.964476250362694], [-96.75947165216776, 32.96384101375734], [-96.7588928332153, 32.96384450101117], [-96.75888752288105, 32.96336375410287], [-96.75819084265129, 32.96336328194279], [-96.75731358682071, 32.96348767196067], [-96.7572758145813, 32.96367207284413], [-96.75674559654276, 32.964095954670704]]]}, "properties": {"title": "First Installment Richardson Heights Estates North | 1 Future Lots", "description": "Richardson | Single-Family | Total 66 | Built 65 | Future Lots 1 | Future Units 1 | 2_parcels_with_year_built_since_2024; 1_parcels_with_incomplete_official_structure_records", "feature_role": "project_boundary", "legend_category": "Other Active Residential", "rank": null, "project_id": "DCAD-SUBD-19050-5c384bfa8e", "subdivision_number": "19050", "subdivision_name": "First Installment Richardson Heights Estates North", "city": "Richardson", "housing_type": "Single-Family", "total_lots": 66, "built_lots": 65, "future_lots": 1, "future_units": 1, "activity_status": "active_residential", "active_evidence": "2_parcels_with_year_built_since_2024; 1_parcels_with_incomplete_official_structure_records", "match_confidence": 0.999983, "review_status": "high_confidence_spatial_subset", "source_snapshot_date": "GIS parcel 2026-07-10; subdivision 2026-06-27; appraisal retrieved 2026-08-13 (2027 current)", "stroke": "#176B66", "stroke-width": 1, "stroke-opacity": 0.7, "fill": "#2A9D8F", "fill-opacity": 0.22}}, {"type": "Feature", "geometry": {"type": "Polygon", "coordinates": [[[-96.72868167642035, 32.9783032342536], [-96.72727731066284, 32.97821434732296], [-96.7272748458691, 32.97652602822183], [-96.72782024072208, 32.976530953378365], [-96.72875610855681, 32.9766173555415], [-96.72903884828806, 32.97654580182753], [-96.72947162870432, 32.976310637989364], [-96.72953288255455, 32.97631868325421], [-96.73061569255789, 32.977638382564884], [-96.73060436260812, 32.977696117010396], [-96.73023588745427, 32.97790729143861], [-96.72973013460812, 32.978128006017215], [-96.72925454187678, 32.978249603452625], [-96.72868167642035, 32.9783032342536]]]}, "properties": {"title": "Canyon Creek Country Club No. 7 | 1 Future Lots", "description": "Richardson | Single-Family | Total 41 | Built 40 | Future Lots 1 | Future Units 1 | 2_parcels_with_year_built_since_2024; 1_parcels_with_incomplete_official_structure_records", "feature_role": "project_boundary", "legend_category": "Other Active Residential", "rank": null, "project_id": "DCAD-SUBD-ROW3296-15579db65b", "subdivision_number": null, "subdivision_name": "Canyon Creek Country Club No. 7", "city": "Richardson", "housing_type": "Single-Family", "total_lots": 41, "built_lots": 40, "future_lots": 1, "future_units": 1, "activity_status": "active_residential", "active_evidence": "2_parcels_with_year_built_since_2024; 1_parcels_with_incomplete_official_structure_records", "match_confidence": 0.999958, "review_status": "high_confidence_spatial_subset", "source_snapshot_date": "GIS parcel 2026-07-10; subdivision 2026-06-27; appraisal retrieved 2026-08-13 (2027 current)", "stroke": "#176B66", "stroke-width": 1, "stroke-opacity": 0.7, "fill": "#2A9D8F", "fill-opacity": 0.22}}, {"type": "Feature", "geometry": {"type": "Polygon", "coordinates": [[[-96.81198790324595, 32.859877760697735], [-96.80876051318181, 32.85985750267373], [-96.80878918446004, 32.85741868769331], [-96.81229289549762, 32.857447979987874], [-96.81198790324595, 32.859877760697735]]]}, "properties": {"title": "IDLEWILD ANNEX | 1 Future Lots", "description": "Dallas | Single-Family | Total 87 | Built 86 | Future Lots 1 | Future Units 1 | 1_parcels_with_year_built_since_2024; 1_parcels_with_incomplete_official_structure_records", "feature_role": "project_boundary", "legend_category": "Other Active Residential", "rank": null, "project_id": "DCAD-SUBD-09150-d9c9de017e", "subdivision_number": "09150", "subdivision_name": "IDLEWILD ANNEX", "city": "Dallas", "housing_type": "Single-Family", "total_lots": 87, "built_lots": 86, "future_lots": 1, "future_units": 1, "activity_status": "active_residential", "active_evidence": "1_parcels_with_year_built_since_2024; 1_parcels_with_incomplete_official_structure_records", "match_confidence": 1.0, "review_status": "high_confidence_spatial_subset", "source_snapshot_date": "GIS parcel 2026-07-10; subdivision 2026-06-27; appraisal retrieved 2026-08-13 (2027 current)", "stroke": "#176B66", "stroke-width": 1, "stroke-opacity": 0.7, "fill": "#2A9D8F", "fill-opacity": 0.22}}, {"type": "Feature", "geometry": {"type": "Polygon", "coordinates": [[[-96.77691529650879, 32.84431692898943], [-96.7769123997016, 32.84392970737123], [-96.77907543061413, 32.843917881224755], [-96.77909534131781, 32.8455298360692], [-96.77692972994316, 32.8455417098462], [-96.77691529650879, 32.84431692898943]]]}, "properties": {"title": "UNIVERSITY COURT (PART) | 1 Future Lots", "description": "University Park | Single-Family | Total 48 | Built 47 | Future Lots 1 | Future Units 1 | 1_parcels_with_year_built_since_2024", "feature_role": "project_boundary", "legend_category": "Other Active Residential", "rank": null, "project_id": "DCAD-SUBD-21750-bfe09adab3", "subdivision_number": "21750", "subdivision_name": "UNIVERSITY COURT (PART)", "city": "University Park", "housing_type": "Single-Family", "total_lots": 48, "built_lots": 47, "future_lots": 1, "future_units": 1, "activity_status": "active_residential", "active_evidence": "1_parcels_with_year_built_since_2024", "match_confidence": 0.999988, "review_status": "high_confidence_spatial_subset", "source_snapshot_date": "GIS parcel 2026-07-10; subdivision 2026-06-27; appraisal retrieved 2026-08-13 (2027 current)", "stroke": "#176B66", "stroke-width": 1, "stroke-opacity": 0.7, "fill": "#2A9D8F", "fill-opacity": 0.22}}, {"type": "Feature", "geometry": {"type": "Polygon", "coordinates": [[[-96.87807706790946, 32.92750967097176], [-96.87810384520388, 32.92457818896409], [-96.87965131547335, 32.92460035182437], [-96.8814131004925, 32.92685344074383], [-96.88140224580856, 32.92705852634088], [-96.87990834411198, 32.92798408132679], [-96.87949746290361, 32.92786628782358], [-96.8780740370522, 32.927853259038315], [-96.87807706790946, 32.92750967097176]]]}, "properties": {"title": "GREEN MEADOW ESTATES | 1 Future Lots", "description": "Farmers Branch | Single-Family | Total 44 | Built 43 | Future Lots 1 | Future Units 1 | 1_parcels_with_year_built_since_2024; 1_parcels_with_incomplete_official_structure_records", "feature_role": "project_boundary", "legend_category": "Other Active Residential", "rank": null, "project_id": "DCAD-SUBD-08550-71cb1f84ec", "subdivision_number": "08550", "subdivision_name": "GREEN MEADOW ESTATES", "city": "Farmers Branch", "housing_type": "Single-Family", "total_lots": 44, "built_lots": 43, "future_lots": 1, "future_units": 1, "activity_status": "active_residential", "active_evidence": "1_parcels_with_year_built_since_2024; 1_parcels_with_incomplete_official_structure_records", "match_confidence": 1.0, "review_status": "high_confidence_spatial_subset", "source_snapshot_date": "GIS parcel 2026-07-10; subdivision 2026-06-27; appraisal retrieved 2026-08-13 (2027 current)", "stroke": "#176B66", "stroke-width": 1, "stroke-opacity": 0.7, "fill": "#2A9D8F", "fill-opacity": 0.22}}, {"type": "Feature", "geometry": {"type": "Polygon", "coordinates": [[[-96.87082169040245, 32.94333868603834], [-96.8700067784553, 32.94217893685672], [-96.86909047842765, 32.94134773692213], [-96.86918409360376, 32.94099983700644], [-96.86959488391375, 32.940645092385985], [-96.86987624204319, 32.939307252903525], [-96.87027720032899, 32.939397718595394], [-96.87048355468923, 32.93938942192776], [-96.87105313966094, 32.93952882405429], [-96.87142590312548, 32.93955706441466], [-96.87179659470833, 32.93952067463663], [-96.87256765054968, 32.939341067705584], [-96.87296497773221, 32.93931876752124], [-96.87294654121406, 32.94262971863952], [-96.87287065893562, 32.94343281506677], [-96.87218544939425, 32.943374381463926], [-96.87201721987329, 32.94330345777247], [-96.87183314233964, 32.94334091291816], [-96.8712133614852, 32.94333775545898], [-96.87120586551335, 32.94327910750244], [-96.87082169040245, 32.94333868603834]]]}, "properties": {"title": "BROOKHAVEN HILLS WEST 4TH SECTION | 1 Future Lots", "description": "Farmers Branch | Single-Family | Total 79 | Built 78 | Future Lots 1 | Future Units 1 | 2_parcels_with_year_built_since_2024", "feature_role": "project_boundary", "legend_category": "Other Active Residential", "rank": null, "project_id": "DCAD-SUBD-03350-189efe45cb", "subdivision_number": "03350", "subdivision_name": "BROOKHAVEN HILLS WEST 4TH SECTION", "city": "Farmers Branch", "housing_type": "Single-Family", "total_lots": 79, "built_lots": 78, "future_lots": 1, "future_units": 1, "activity_status": "active_residential", "active_evidence": "2_parcels_with_year_built_since_2024", "match_confidence": 1.0, "review_status": "high_confidence_spatial_subset", "source_snapshot_date": "GIS parcel 2026-07-10; subdivision 2026-06-27; appraisal retrieved 2026-08-13 (2027 current)", "stroke": "#176B66", "stroke-width": 1, "stroke-opacity": 0.7, "fill": "#2A9D8F", "fill-opacity": 0.22}}, {"type": "Feature", "geometry": {"type": "Polygon", "coordinates": [[[-96.89101892852239, 32.91987168756505], [-96.88758189690027, 32.919872597270604], [-96.88760526490066, 32.91791697252635], [-96.89144432625008, 32.917939124830525], [-96.8914266664671, 32.91940549779047], [-96.89103878629984, 32.919405404176], [-96.89101892852239, 32.91987168756505]]]}, "properties": {"title": "LETHA LEE HEIGHTS | 1 Future Lots", "description": "Farmers Branch | Single-Family | Total 57 | Built 56 | Future Lots 1 | Future Units 1 | 3_parcels_with_year_built_since_2024; 3_parcels_with_incomplete_official_structure_records", "feature_role": "project_boundary", "legend_category": "Other Active Residential", "rank": null, "project_id": "DCAD-SUBD-10750-bdbb9c8ff3", "subdivision_number": "10750", "subdivision_name": "LETHA LEE HEIGHTS", "city": "Farmers Branch", "housing_type": "Single-Family", "total_lots": 57, "built_lots": 56, "future_lots": 1, "future_units": 1, "activity_status": "active_residential", "active_evidence": "3_parcels_with_year_built_since_2024; 3_parcels_with_incomplete_official_structure_records", "match_confidence": 1.0, "review_status": "high_confidence_spatial_subset", "source_snapshot_date": "GIS parcel 2026-07-10; subdivision 2026-06-27; appraisal retrieved 2026-08-13 (2027 current)", "stroke": "#176B66", "stroke-width": 1, "stroke-opacity": 0.7, "fill": "#2A9D8F", "fill-opacity": 0.22}}, {"type": "Feature", "geometry": {"type": "Polygon", "coordinates": [[[-96.89006724396504, 32.92211083496137], [-96.8896795629017, 32.92196562333171], [-96.88920524331554, 32.92187976841057], [-96.88757244164432, 32.92186963695462], [-96.88757364130849, 32.92117689982473], [-96.88975334539514, 32.92117898370432], [-96.89025777943894, 32.921266600314404], [-96.89033446439821, 32.92135143643914], [-96.89026369529238, 32.921793113608395], [-96.89014753146908, 32.92208713156997], [-96.89006724396504, 32.92211083496137]]]}, "properties": {"title": "VALLEY VIEW NO 4 | 1 Future Lots", "description": "Farmers Branch | Single-Family | Total 26 | Built 25 | Future Lots 1 | Future Units 1 | 1_parcels_with_year_built_since_2024", "feature_role": "project_boundary", "legend_category": "Other Active Residential", "rank": null, "project_id": "DCAD-SUBD-17650-19528025a1", "subdivision_number": "17650", "subdivision_name": "VALLEY VIEW NO 4", "city": "Farmers Branch", "housing_type": "Single-Family", "total_lots": 26, "built_lots": 25, "future_lots": 1, "future_units": 1, "activity_status": "active_residential", "active_evidence": "1_parcels_with_year_built_since_2024", "match_confidence": 0.999934, "review_status": "high_confidence_spatial_subset", "source_snapshot_date": "GIS parcel 2026-07-10; subdivision 2026-06-27; appraisal retrieved 2026-08-13 (2027 current)", "stroke": "#176B66", "stroke-width": 1, "stroke-opacity": 0.7, "fill": "#2A9D8F", "fill-opacity": 0.22}}, {"type": "Feature", "geometry": {"type": "Polygon", "coordinates": [[[-96.78129462980559, 32.67516989130769], [-96.78114402423866, 32.67524443331079], [-96.78055565585477, 32.67439140244426], [-96.78058891984621, 32.67348215184403], [-96.78025276600479, 32.67269895932608], [-96.78054771033014, 32.67246745861333], [-96.78027581803333, 32.67212321559994], [-96.77981908879228, 32.67245681919682], [-96.77907432562534, 32.67190519987732], [-96.77866554160019, 32.671782338495646], [-96.78268043601913, 32.66994823137848], [-96.78272865272449, 32.67061537938028], [-96.78289272026717, 32.67109408842928], [-96.78310488778403, 32.67147132077053], [-96.78358694037912, 32.67214353561949], [-96.78308704698551, 32.67238693325739], [-96.78339490069486, 32.67289095091876], [-96.78282752833466, 32.67316274798289], [-96.78239159791893, 32.675093996406034], [-96.78265301361253, 32.675481690658415], [-96.78180349674423, 32.675893855458035], [-96.78129462980559, 32.67516989130769]]]}, "properties": {"title": "ALAMEDA HEIGHTS NO 2 | 1 Future Lots", "description": "Dallas | Single-Family | Total 45 | Built 42 | Future Lots 1 | Future Units 1 | 18_parcels_with_year_built_since_2024; 5_parcels_with_incomplete_official_structure_records", "feature_role": "project_boundary", "legend_category": "Other Active Residential", "rank": null, "project_id": "DCAD-SUBD-ROW436-22ab81f73d", "subdivision_number": null, "subdivision_name": "ALAMEDA HEIGHTS NO 2", "city": "Dallas", "housing_type": "Single-Family", "total_lots": 45, "built_lots": 42, "future_lots": 1, "future_units": 1, "activity_status": "active_residential", "active_evidence": "18_parcels_with_year_built_since_2024; 5_parcels_with_incomplete_official_structure_records", "match_confidence": 0.999996, "review_status": "high_confidence_spatial_subset", "source_snapshot_date": "GIS parcel 2026-07-10; subdivision 2026-06-27; appraisal retrieved 2026-08-13 (2027 current)", "stroke": "#176B66", "stroke-width": 1, "stroke-opacity": 0.7, "fill": "#2A9D8F", "fill-opacity": 0.22}}, {"type": "Feature", "geometry": {"type": "Polygon", "coordinates": [[[-96.78122105225077, 32.809159742379535], [-96.78124875147104, 32.80900150647909], [-96.78145607847875, 32.80864872893078], [-96.78189305833762, 32.80902815707256], [-96.7820510612961, 32.80890330371559], [-96.78305961645272, 32.809833537588496], [-96.78216161618766, 32.81053569764324], [-96.78103546533137, 32.80955311346199], [-96.78122105225077, 32.809159742379535]]]}, "properties": {"title": "PRAIRIE PLACE | 1 Future Lots", "description": "Dallas | Mixed-Use | Total 27 | Built 26 | Future Lots 1 | Future Units not quantified | 2_parcels_with_year_built_since_2024", "feature_role": "project_boundary", "legend_category": "Other Active Residential", "rank": null, "project_id": "DCAD-SUBD-ROW19191-e2f8bd38f6", "subdivision_number": null, "subdivision_name": "PRAIRIE PLACE", "city": "Dallas", "housing_type": "Mixed-Use", "total_lots": 27, "built_lots": 26, "future_lots": 1, "future_units": null, "activity_status": "active_residential", "active_evidence": "2_parcels_with_year_built_since_2024", "match_confidence": 0.999676, "review_status": "high_confidence_spatial_subset", "source_snapshot_date": "GIS parcel 2026-07-10; subdivision 2026-06-27; appraisal retrieved 2026-08-13 (2027 current)", "stroke": "#176B66", "stroke-width": 1, "stroke-opacity": 0.7, "fill": "#2A9D8F", "fill-opacity": 0.22}}, {"type": "Feature", "geometry": {"type": "Polygon", "coordinates": [[[-96.5553892534594, 32.84083023973797], [-96.55558004562008, 32.84081926091119], [-96.55601243288713, 32.840895076494675], [-96.55602689645805, 32.84133564424175], [-96.55596179311763, 32.84160678266516], [-96.5557037145685, 32.84197044914045], [-96.55494595364209, 32.84249286098561], [-96.55488169514891, 32.842466152977984], [-96.55473017238391, 32.84255178586969], [-96.55475296632747, 32.842624221832814], [-96.55465641891898, 32.84269007862937], [-96.55401892782692, 32.84301529057894], [-96.55396119066548, 32.842980131353926], [-96.55379518476852, 32.84304381665154], [-96.55380322410893, 32.843118299729774], [-96.55313428921147, 32.843439141827595], [-96.55307655049704, 32.843403982168134], [-96.55290957907297, 32.84346670685048], [-96.55291963162604, 32.84354224556877], [-96.55264947078827, 32.84363881742348], [-96.55229745149089, 32.84366567314723], [-96.55200904231853, 32.843628240373434], [-96.55198614643969, 32.84356853928826], [-96.55180588120739, 32.843542189550206], [-96.55176496223946, 32.84359382476451], [-96.55133542637044, 32.84353252335813], [-96.55169907129874, 32.84168358074278], [-96.55184339250526, 32.84034718575128], [-96.55353301877241, 32.84020088132147], [-96.55356790649658, 32.84048798896561], [-96.55350446692412, 32.840521456312935], [-96.55352343489417, 32.84067420802802], [-96.55360541555537, 32.840667108146334], [-96.55364410681061, 32.840981471613276], [-96.5553892534594, 32.84083023973797]]]}, "properties": {"title": "FIRESIDE BY THE LAKE NO 3 | 1 Future Lots", "description": "No Town | Single-Family | Total 90 | Built 89 | Future Lots 1 | Future Units 1 | 89_parcels_with_year_built_since_2024", "feature_role": "project_boundary", "legend_category": "Other Active Residential", "rank": null, "project_id": "DCAD-SUBD-ROW8085-69f5eaf982", "subdivision_number": null, "subdivision_name": "FIRESIDE BY THE LAKE NO 3", "city": "No Town", "housing_type": "Single-Family", "total_lots": 90, "built_lots": 89, "future_lots": 1, "future_units": 1, "activity_status": "active_residential", "active_evidence": "89_parcels_with_year_built_since_2024", "match_confidence": 0.999964, "review_status": "high_confidence_spatial_subset", "source_snapshot_date": "GIS parcel 2026-07-10; subdivision 2026-06-27; appraisal retrieved 2026-08-13 (2027 current)", "stroke": "#176B66", "stroke-width": 1, "stroke-opacity": 0.7, "fill": "#2A9D8F", "fill-opacity": 0.22}}, {"type": "Feature", "geometry": {"type": "Polygon", "coordinates": [[[-96.6803850307862, 32.700282231162475], [-96.67857965773824, 32.70028580728157], [-96.67856459342349, 32.698096786899235], [-96.68283453184317, 32.69810265754865], [-96.68284120537987, 32.69856788540833], [-96.68277914820007, 32.69856828490046], [-96.68280239242738, 32.700278999091864], [-96.6803850307862, 32.700282231162475]]]}, "properties": {"title": "O.L. HORTON SUBDIVISION | 1 Future Lots", "description": "Dallas | Single-Family | Total 37 | Built 36 | Future Lots 1 | Future Units 1 | 1_parcels_with_year_built_since_2024", "feature_role": "project_boundary", "legend_category": "Other Active Residential", "rank": null, "project_id": "DCAD-SUBD-ROW17311-1c3e8dd3f3", "subdivision_number": null, "subdivision_name": "O.L. HORTON SUBDIVISION", "city": "Dallas", "housing_type": "Single-Family", "total_lots": 37, "built_lots": 36, "future_lots": 1, "future_units": 1, "activity_status": "active_residential", "active_evidence": "1_parcels_with_year_built_since_2024", "match_confidence": 0.999999, "review_status": "high_confidence_spatial_subset", "source_snapshot_date": "GIS parcel 2026-07-10; subdivision 2026-06-27; appraisal retrieved 2026-08-13 (2027 current)", "stroke": "#176B66", "stroke-width": 1, "stroke-opacity": 0.7, "fill": "#2A9D8F", "fill-opacity": 0.22}}, {"type": "Feature", "geometry": {"type": "Polygon", "coordinates": [[[-96.62296320111227, 32.69380556766414], [-96.62296410972692, 32.693620413998985], [-96.6236949884765, 32.6936215996192], [-96.6236924571854, 32.693236066245674], [-96.62296599997924, 32.69323034248365], [-96.62297380265647, 32.69163191914289], [-96.62369142537166, 32.6916373089261], [-96.6236930306542, 32.69202658373484], [-96.62439030796362, 32.69203726496759], [-96.62439025018148, 32.691644999096205], [-96.62528729136626, 32.69164818537432], [-96.62528990029912, 32.69537012546613], [-96.62455552589456, 32.695358899256156], [-96.6245607807353, 32.694795985061894], [-96.6229223808912, 32.69476977816347], [-96.62296320111227, 32.69380556766414]]]}, "properties": {"title": "PLEASANT FOREST | 1 Future Lots", "description": "Balch Springs | Single-Family | Total 18 | Built 17 | Future Lots 1 | Future Units 1 | 1_parcels_with_incomplete_official_structure_records", "feature_role": "project_boundary", "legend_category": "Other Active Residential", "rank": null, "project_id": "DCAD-SUBD-ROW18895-8022df41b4", "subdivision_number": null, "subdivision_name": "PLEASANT FOREST", "city": "Balch Springs", "housing_type": "Single-Family", "total_lots": 18, "built_lots": 17, "future_lots": 1, "future_units": 1, "activity_status": "active_residential", "active_evidence": "1_parcels_with_incomplete_official_structure_records", "match_confidence": 1.0, "review_status": "high_confidence_spatial_subset", "source_snapshot_date": "GIS parcel 2026-07-10; subdivision 2026-06-27; appraisal retrieved 2026-08-13 (2027 current)", "stroke": "#176B66", "stroke-width": 1, "stroke-opacity": 0.7, "fill": "#2A9D8F", "fill-opacity": 0.22}}, {"type": "Feature", "geometry": {"type": "Polygon", "coordinates": [[[-96.82472048686739, 32.73613732432229], [-96.82504570692694, 32.736138667085825], [-96.82504854833336, 32.735806077703295], [-96.8263494287527, 32.73581143616171], [-96.82636231096642, 32.73773125561231], [-96.82522401619742, 32.73772656696804], [-96.82523021642886, 32.73823839240292], [-96.82474219872769, 32.73822205077642], [-96.82472048686739, 32.73613732432229]]]}, "properties": {"title": "SEYMOUR PLACE (WEST PART) | 1 Future Lots", "description": "Dallas | Single-Family | Total 26 | Built 25 | Future Lots 1 | Future Units 1 | 1_parcels_with_year_built_since_2024", "feature_role": "project_boundary", "legend_category": "Other Active Residential", "rank": null, "project_id": "DCAD-SUBD-ROW21915-3f86eabc09", "subdivision_number": null, "subdivision_name": "SEYMOUR PLACE (WEST PART)", "city": "Dallas", "housing_type": "Single-Family", "total_lots": 26, "built_lots": 25, "future_lots": 1, "future_units": 1, "activity_status": "active_residential", "active_evidence": "1_parcels_with_year_built_since_2024", "match_confidence": 1.0, "review_status": "high_confidence_spatial_subset", "source_snapshot_date": "GIS parcel 2026-07-10; subdivision 2026-06-27; appraisal retrieved 2026-08-13 (2027 current)", "stroke": "#176B66", "stroke-width": 1, "stroke-opacity": 0.7, "fill": "#2A9D8F", "fill-opacity": 0.22}}, {"type": "Feature", "geometry": {"type": "Polygon", "coordinates": [[[-96.78862435602194, 32.90770097874694], [-96.78968693953762, 32.90770725290836], [-96.78964823063077, 32.90955757894505], [-96.78772049305144, 32.90963205692785], [-96.78774002066615, 32.90812182061357], [-96.7880685686758, 32.90829183131341], [-96.78867799025711, 32.90798246534492], [-96.78862435602194, 32.90770097874694]]]}, "properties": {"title": "WANDERWOOD AMEND | 1 Future Lots", "description": "Dallas | Single-Family | Total 5 | Built 4 | Future Lots 1 | Future Units 1 | 1_parcels_with_year_built_since_2024; 1_parcels_with_incomplete_official_structure_records", "feature_role": "project_boundary", "legend_category": "Other Active Residential", "rank": null, "project_id": "DCAD-SUBD-ROW27387-e55a9e203d", "subdivision_number": null, "subdivision_name": "WANDERWOOD AMEND", "city": "Dallas", "housing_type": "Single-Family", "total_lots": 5, "built_lots": 4, "future_lots": 1, "future_units": 1, "activity_status": "active_residential", "active_evidence": "1_parcels_with_year_built_since_2024; 1_parcels_with_incomplete_official_structure_records", "match_confidence": 1.0, "review_status": "high_confidence_spatial_subset", "source_snapshot_date": "GIS parcel 2026-07-10; subdivision 2026-06-27; appraisal retrieved 2026-08-13 (2027 current)", "stroke": "#176B66", "stroke-width": 1, "stroke-opacity": 0.7, "fill": "#2A9D8F", "fill-opacity": 0.22}}, {"type": "Feature", "geometry": {"type": "Polygon", "coordinates": [[[-96.65893822848905, 32.848936049214444], [-96.65786465323744, 32.84892838445626], [-96.6575963642753, 32.84885409281107], [-96.65750510064395, 32.84875878263477], [-96.65822655950146, 32.84812736919912], [-96.65854908735734, 32.848399324201935], [-96.65905541429537, 32.8479715856326], [-96.65937798279948, 32.84824363665802], [-96.65913803184216, 32.848512872226415], [-96.65901343537574, 32.848894550080736], [-96.65893822848905, 32.848936049214444]]]}, "properties": {"title": "MILLENNIUM PARK TWO | 1 Future Lots", "description": "Dallas | Single-Family | Total 13 | Built 12 | Future Lots 1 | Future Units 1 | 1_parcels_with_year_built_since_2024", "feature_role": "project_boundary", "legend_category": "Other Active Residential", "rank": null, "project_id": "DCAD-SUBD-ROW15943-23c35a7dd2", "subdivision_number": null, "subdivision_name": "MILLENNIUM PARK TWO", "city": "Dallas", "housing_type": "Single-Family", "total_lots": 13, "built_lots": 12, "future_lots": 1, "future_units": 1, "activity_status": "active_residential", "active_evidence": "1_parcels_with_year_built_since_2024", "match_confidence": 0.999951, "review_status": "high_confidence_spatial_subset", "source_snapshot_date": "GIS parcel 2026-07-10; subdivision 2026-06-27; appraisal retrieved 2026-08-13 (2027 current)", "stroke": "#176B66", "stroke-width": 1, "stroke-opacity": 0.7, "fill": "#2A9D8F", "fill-opacity": 0.22}}, {"type": "Feature", "geometry": {"type": "Polygon", "coordinates": [[[-96.84875846096683, 32.65462519029558], [-96.84884929659474, 32.654202540560554], [-96.84912463421077, 32.653841593133485], [-96.84936728418771, 32.653629768414035], [-96.8498990797035, 32.653623362998395], [-96.85002400681546, 32.653575511501636], [-96.8504059444841, 32.65307661854139], [-96.85044809801352, 32.652670418164014], [-96.85062466331942, 32.65227752633585], [-96.85067170426791, 32.65202725581692], [-96.8506728635124, 32.65179404022262], [-96.8505104096514, 32.65179499972076], [-96.85050734386267, 32.65142392632846], [-96.8517272916015, 32.65142344091789], [-96.85174872280268, 32.65369072430217], [-96.85162481948929, 32.65369534610288], [-96.85144765231776, 32.653966178231094], [-96.85070849452478, 32.65420868262723], [-96.8505718026686, 32.65442184186717], [-96.85064156559783, 32.654639079486934], [-96.8505535717506, 32.654825672283245], [-96.85065189361154, 32.65482595426164], [-96.85065156219963, 32.65490841712895], [-96.84876315210381, 32.65490219768535], [-96.84875846096683, 32.65462519029558]]]}, "properties": {"title": "CREEKSIDE AT CARTER SQUARE | 1 Future Lots", "description": "Dallas | Single-Family | Total 29 | Built 28 | Future Lots 1 | Future Units 1 | 2_parcels_with_year_built_since_2024", "feature_role": "project_boundary", "legend_category": "Other Active Residential", "rank": null, "project_id": "DCAD-SUBD-ROW5477-122e895752", "subdivision_number": null, "subdivision_name": "CREEKSIDE AT CARTER SQUARE", "city": "Dallas", "housing_type": "Single-Family", "total_lots": 29, "built_lots": 28, "future_lots": 1, "future_units": 1, "activity_status": "active_residential", "active_evidence": "2_parcels_with_year_built_since_2024", "match_confidence": 0.999907, "review_status": "high_confidence_spatial_subset", "source_snapshot_date": "GIS parcel 2026-07-10; subdivision 2026-06-27; appraisal retrieved 2026-08-13 (2027 current)", "stroke": "#176B66", "stroke-width": 1, "stroke-opacity": 0.7, "fill": "#2A9D8F", "fill-opacity": 0.22}}, {"type": "Feature", "geometry": {"type": "Polygon", "coordinates": [[[-96.7587299430108, 32.97033101494418], [-96.75605918938987, 32.97036953521958], [-96.75605671920746, 32.970748299974844], [-96.75531371503752, 32.97075546641489], [-96.75538902257749, 32.97047389022286], [-96.75538838928624, 32.969959807772895], [-96.75543246371271, 32.96980348115001], [-96.75556280807953, 32.96964557640853], [-96.75599702249718, 32.969381348464196], [-96.75612103270183, 32.96915032129828], [-96.75611716551848, 32.9689906569482], [-96.7560284845596, 32.9688132838379], [-96.75553522691308, 32.96839641291626], [-96.75594090197609, 32.96792730158425], [-96.7560082622598, 32.967789746027826], [-96.75599907677382, 32.96764111419018], [-96.75585829546638, 32.96728076022161], [-96.75588620971035, 32.96710616241185], [-96.75617554741847, 32.96680283960002], [-96.75605072631517, 32.96646917157551], [-96.75611535253488, 32.96629746267062], [-96.75669821597802, 32.96601930386411], [-96.75674719050156, 32.965924369907526], [-96.75728484228061, 32.96615846891543], [-96.75758321817581, 32.96637613454402], [-96.75816838359998, 32.966633768917504], [-96.75841239163536, 32.966792556100465], [-96.75864511033538, 32.96703459140273], [-96.75947061487594, 32.96821086768003], [-96.7599311974059, 32.96809958949144], [-96.76040690988735, 32.96879519943257], [-96.76046577394347, 32.969151933027824], [-96.7604921974334, 32.97030556600295], [-96.7587299430108, 32.97033101494418]], [[-96.75792252875799, 32.96741860075401], [-96.75803544502506, 32.96771505266974], [-96.75843655911733, 32.96766345541805], [-96.75808517764584, 32.96719379963735], [-96.75800160335343, 32.9673688068457], [-96.75792252875799, 32.96741860075401]]]}, "properties": {"title": "Fourth Installment Richardson Heights Estates Nort | 1 Future Lots", "description": "Richardson | Single-Family | Total 63 | Built 62 | Future Lots 1 | Future Units 1 | 1_parcels_with_year_built_since_2024", "feature_role": "project_boundary", "legend_category": "Other Active Residential", "rank": null, "project_id": "DCAD-SUBD-19350-299cf4a945", "subdivision_number": "19350", "subdivision_name": "Fourth Installment Richardson Heights Estates Nort", "city": "Richardson", "housing_type": "Single-Family", "total_lots": 63, "built_lots": 62, "future_lots": 1, "future_units": 1, "activity_status": "active_residential", "active_evidence": "1_parcels_with_year_built_since_2024", "match_confidence": 0.999999, "review_status": "high_confidence_spatial_subset", "source_snapshot_date": "GIS parcel 2026-07-10; subdivision 2026-06-27; appraisal retrieved 2026-08-13 (2027 current)", "stroke": "#176B66", "stroke-width": 1, "stroke-opacity": 0.7, "fill": "#2A9D8F", "fill-opacity": 0.22}}, {"type": "Feature", "geometry": {"type": "Polygon", "coordinates": [[[-96.73888764964873, 32.97818422955298], [-96.738739028971, 32.97861360128614], [-96.73871062179836, 32.978895528363], [-96.73834042102172, 32.97933899637618], [-96.73817988877697, 32.979633159716265], [-96.73791319547747, 32.97988656398815], [-96.73729461200129, 32.98026708365973], [-96.73709641956592, 32.980487229227705], [-96.73675344577433, 32.9803526561184], [-96.73619549633058, 32.97997436229877], [-96.735889045112, 32.97983774012436], [-96.73470282807021, 32.978996060352294], [-96.7346067075153, 32.97901897305182], [-96.73391055955777, 32.98047345041613], [-96.73393222727147, 32.98062435520017], [-96.7328611337042, 32.979266522408516], [-96.73270997739306, 32.97901637645084], [-96.72994259982106, 32.97565290641295], [-96.73333012243292, 32.975666637809596], [-96.73458507460246, 32.975899089062686], [-96.73515442526741, 32.97612265900338], [-96.73560308308788, 32.97636477136115], [-96.73752089373768, 32.97767082663068], [-96.73812241136285, 32.97794698040985], [-96.73888764964873, 32.97818422955298]]]}, "properties": {"title": "First Installment Canyon Creek | 1 Future Lots", "description": "Richardson | Single-Family | Total 199 | Built 198 | Future Lots 1 | Future Units 1 | 4_parcels_with_year_built_since_2024; 2_parcels_with_incomplete_official_structure_records", "feature_role": "project_boundary", "legend_category": "Other Active Residential", "rank": null, "project_id": "DCAD-SUBD-ROW8188-906c83a349", "subdivision_number": null, "subdivision_name": "First Installment Canyon Creek", "city": "Richardson", "housing_type": "Single-Family", "total_lots": 199, "built_lots": 198, "future_lots": 1, "future_units": 1, "activity_status": "active_residential", "active_evidence": "4_parcels_with_year_built_since_2024; 2_parcels_with_incomplete_official_structure_records", "match_confidence": 0.999776, "review_status": "high_confidence_spatial_subset", "source_snapshot_date": "GIS parcel 2026-07-10; subdivision 2026-06-27; appraisal retrieved 2026-08-13 (2027 current)", "stroke": "#176B66", "stroke-width": 1, "stroke-opacity": 0.7, "fill": "#2A9D8F", "fill-opacity": 0.22}}, {"type": "Feature", "geometry": {"type": "Polygon", "coordinates": [[[-96.75994035103948, 32.78515217252098], [-96.75970711618544, 32.785338927164936], [-96.75954368701558, 32.78519728758955], [-96.75977646276012, 32.785012368728836], [-96.75994035103948, 32.78515217252098]]]}, "properties": {"title": "GARRETT & BOWIE | 1 Future Lots", "description": "Dallas | Mixed-Use | Total 2 | Built 1 | Future Lots 1 | Future Units not quantified | 1_parcels_with_year_built_since_2024", "feature_role": "project_boundary", "legend_category": "Other Active Residential", "rank": null, "project_id": "DCAD-SUBD-ROW9008-34038f0bf7", "subdivision_number": null, "subdivision_name": "GARRETT & BOWIE", "city": "Dallas", "housing_type": "Mixed-Use", "total_lots": 2, "built_lots": 1, "future_lots": 1, "future_units": null, "activity_status": "active_residential", "active_evidence": "1_parcels_with_year_built_since_2024", "match_confidence": 1.0, "review_status": "high_confidence_spatial_subset", "source_snapshot_date": "GIS parcel 2026-07-10; subdivision 2026-06-27; appraisal retrieved 2026-08-13 (2027 current)", "stroke": "#176B66", "stroke-width": 1, "stroke-opacity": 0.7, "fill": "#2A9D8F", "fill-opacity": 0.22}}, {"type": "Feature", "geometry": {"type": "Polygon", "coordinates": [[[-96.74831761566942, 32.96474786238272], [-96.7498778682471, 32.96475485550149], [-96.75064693346151, 32.964472577161004], [-96.75130119101452, 32.964375894056495], [-96.75136103530771, 32.96432452920633], [-96.75156491157682, 32.96333720588895], [-96.75155772604418, 32.96256540379358], [-96.75571157530307, 32.96249871524693], [-96.75569968474795, 32.96418341957387], [-96.75506342458988, 32.96638444664654], [-96.75500402816635, 32.9666776541649], [-96.7549888811692, 32.967262419600345], [-96.75209581458662, 32.9672621345305], [-96.75178092480132, 32.9673123782075], [-96.74832333383793, 32.96729306764021], [-96.74831761566942, 32.96474786238272]], [[-96.75268222315677, 32.963831417001614], [-96.75267447744068, 32.96347414773562], [-96.75244627304785, 32.96347766346222], [-96.7524540178436, 32.96383493274224], [-96.75268222315677, 32.963831417001614]]]}, "properties": {"title": "Twelfth Installment Richardson Heights Addition | 1 Future Lots", "description": "Richardson | Single-Family | Total 265 | Built 264 | Future Lots 1 | Future Units 1 | 1_parcels_with_year_built_since_2024", "feature_role": "project_boundary", "legend_category": "Other Active Residential", "rank": null, "project_id": "DCAD-SUBD-17450-960b6c9d6b", "subdivision_number": "17450", "subdivision_name": "Twelfth Installment Richardson Heights Addition", "city": "Richardson", "housing_type": "Single-Family", "total_lots": 265, "built_lots": 264, "future_lots": 1, "future_units": 1, "activity_status": "active_residential", "active_evidence": "1_parcels_with_year_built_since_2024", "match_confidence": 0.999884, "review_status": "high_confidence_spatial_subset", "source_snapshot_date": "GIS parcel 2026-07-10; subdivision 2026-06-27; appraisal retrieved 2026-08-13 (2027 current)", "stroke": "#176B66", "stroke-width": 1, "stroke-opacity": 0.7, "fill": "#2A9D8F", "fill-opacity": 0.22}}, {"type": "Feature", "geometry": {"type": "Polygon", "coordinates": [[[-96.53430310377959, 32.64291958104774], [-96.53686478224526, 32.64080127562802], [-96.53732177946975, 32.6412026685527], [-96.53743486677615, 32.64110619865124], [-96.53747655686838, 32.64114374828846], [-96.53481647395846, 32.643361790486786], [-96.53430310377959, 32.64291958104774]]]}, "properties": {"title": "DAN B GROSS | 1 Future Lots", "description": "Seagoville | Single-Family | Total 11 | Built 10 | Future Lots 1 | Future Units 1 | 1_parcels_with_year_built_since_2024", "feature_role": "project_boundary", "legend_category": "Other Active Residential", "rank": null, "project_id": "DCAD-SUBD-01550-1b8894b520", "subdivision_number": "01550", "subdivision_name": "DAN B GROSS", "city": "Seagoville", "housing_type": "Single-Family", "total_lots": 11, "built_lots": 10, "future_lots": 1, "future_units": 1, "activity_status": "active_residential", "active_evidence": "1_parcels_with_year_built_since_2024", "match_confidence": 1.0, "review_status": "high_confidence_spatial_subset", "source_snapshot_date": "GIS parcel 2026-07-10; subdivision 2026-06-27; appraisal retrieved 2026-08-13 (2027 current)", "stroke": "#176B66", "stroke-width": 1, "stroke-opacity": 0.7, "fill": "#2A9D8F", "fill-opacity": 0.22}}, {"type": "Feature", "geometry": {"type": "Polygon", "coordinates": [[[-96.78033066275998, 32.849416488680724], [-96.78010697748392, 32.84941340434147], [-96.7801056525875, 32.84937215113233], [-96.77708963226186, 32.84935927541484], [-96.7770795608331, 32.84737871059523], [-96.77919075452199, 32.847384685552115], [-96.77919563962494, 32.847797008752046], [-96.77952127353107, 32.847797874134294], [-96.77951638528604, 32.84738555092471], [-96.78098684445747, 32.84738904619534], [-96.78098662274515, 32.84780138938577], [-96.78114942566141, 32.84780325879219], [-96.7811496449888, 32.847390915579], [-96.78155664878902, 32.847395588140316], [-96.7815564313542, 32.847807931354005], [-96.78180063413923, 32.847810734243204], [-96.78180085206651, 32.84739839105168], [-96.78212645480596, 32.847402128873156], [-96.78212623839272, 32.84781447206511], [-96.78270255928815, 32.84782108356155], [-96.78271376155483, 32.84794330573389], [-96.78099785890217, 32.8479388765075], [-96.78099443180184, 32.84835117402316], [-96.78172704924218, 32.84835111194626], [-96.78192624134998, 32.84822709223166], [-96.78234659266342, 32.848266788323365], [-96.78234627974312, 32.84830824431781], [-96.78193828596554, 32.848270827382414], [-96.78184239859634, 32.84833052771683], [-96.78184188489016, 32.84839233378728], [-96.78099409003224, 32.84839240557372], [-96.78099066289685, 32.84880470307088], [-96.78183846172327, 32.848804629933596], [-96.78183732038661, 32.848942104127445], [-96.7817412714835, 32.848941781403454], [-96.78173925699284, 32.84936782865691], [-96.78206489531533, 32.84936892653498], [-96.78206690664008, 32.84894287787967], [-96.78275074309197, 32.84894517815462], [-96.78274944669646, 32.84922004802999], [-96.78235868294173, 32.84921873484451], [-96.7823579690304, 32.84936991223652], [-96.78274873342464, 32.84937122679846], [-96.78275505236516, 32.84941247602508], [-96.78278794125096, 32.85041635773649], [-96.78240307455077, 32.850414831982675], [-96.78240323534138, 32.850703361519244], [-96.78259862032233, 32.85070415289808], [-96.78260584651974, 32.85104755403185], [-96.78237812903085, 32.85104678789805], [-96.78235709928148, 32.850413967886155], [-96.7815069640437, 32.85040936517894], [-96.78150517018318, 32.85104384959262], [-96.78085388283326, 32.85104165282661], [-96.78085687801024, 32.85040944882391], [-96.7803303179766, 32.85040705746004], [-96.78033285530888, 32.851039285719445], [-96.78012607326613, 32.85103834565806], [-96.78012022894164, 32.84982581137303], [-96.78033958477135, 32.849828837222425], [-96.78033066275998, 32.849416488680724]], [[-96.781008589188, 32.84893930945411], [-96.78100657117716, 32.84936535669577], [-96.78133220948146, 32.849366456490905], [-96.78133422595438, 32.84894040786985], [-96.781008589188, 32.84893930945411]]]}, "properties": {"title": "WESTMINSTER PLACE | 1 Future Lots", "description": "University Park | Single-Family | Total 114 | Built 113 | Future Lots 1 | Future Units 1 | 1_parcels_with_year_built_since_2024", "feature_role": "project_boundary", "legend_category": "Other Active Residential", "rank": null, "project_id": "DCAD-SUBD-23650-0438d3e1a3", "subdivision_number": "23650", "subdivision_name": "WESTMINSTER PLACE", "city": "University Park", "housing_type": "Single-Family", "total_lots": 114, "built_lots": 113, "future_lots": 1, "future_units": 1, "activity_status": "active_residential", "active_evidence": "1_parcels_with_year_built_since_2024", "match_confidence": 1.0, "review_status": "high_confidence_spatial_subset", "source_snapshot_date": "GIS parcel 2026-07-10; subdivision 2026-06-27; appraisal retrieved 2026-08-13 (2027 current)", "stroke": "#176B66", "stroke-width": 1, "stroke-opacity": 0.7, "fill": "#2A9D8F", "fill-opacity": 0.22}}, {"type": "Feature", "geometry": {"type": "Polygon", "coordinates": [[[-96.80250174549445, 32.841960919388086], [-96.80249635711651, 32.84240146111604], [-96.80274056177926, 32.842403041035425], [-96.80274593907232, 32.84196327027844], [-96.80297764618129, 32.84196549438844], [-96.80336225012786, 32.84183428710105], [-96.80420626885994, 32.84184015652335], [-96.80416956316547, 32.84520404037474], [-96.803932325489, 32.84520217895001], [-96.8039401387534, 32.84469425895769], [-96.80344955701062, 32.8446903687652], [-96.80344390950148, 32.84519830867016], [-96.80319970068345, 32.84519637417451], [-96.80320535124547, 32.84468843292858], [-96.80270065726575, 32.84468443257672], [-96.80269500546741, 32.84519237244798], [-96.80061774279025, 32.84518265830682], [-96.80059031991324, 32.84463337003737], [-96.80062725554517, 32.84416621650185], [-96.80039243448597, 32.84417756999192], [-96.80038787679997, 32.84393434907295], [-96.80102988356413, 32.843949933799436], [-96.80103317336177, 32.84349607853086], [-96.80040181581593, 32.84348745693827], [-96.80049530494833, 32.84328568690778], [-96.80070637818287, 32.84301992957231], [-96.80076268292189, 32.84279935232178], [-96.80077259396795, 32.842394562231334], [-96.8019945448685, 32.84240563980026], [-96.80200705123065, 32.84195617409095], [-96.80250174549445, 32.841960919388086]], [[-96.80354769852649, 32.844649913908086], [-96.80393842989295, 32.844653009148324], [-96.80394241699045, 32.84418575767088], [-96.80355168920534, 32.844182667961846], [-96.80354769852649, 32.844649913908086]]]}, "properties": {"title": "WINDSOR PLACE ** | 1 Future Lots", "description": "University Park | Single-Family | Total 66 | Built 65 | Future Lots 1 | Future Units 1 | 1_parcels_with_year_built_since_2024", "feature_role": "project_boundary", "legend_category": "Other Active Residential", "rank": null, "project_id": "DCAD-SUBD-25250-68b03e94af", "subdivision_number": "25250", "subdivision_name": "WINDSOR PLACE **", "city": "University Park", "housing_type": "Single-Family", "total_lots": 66, "built_lots": 65, "future_lots": 1, "future_units": 1, "activity_status": "active_residential", "active_evidence": "1_parcels_with_year_built_since_2024", "match_confidence": 0.999583, "review_status": "high_confidence_spatial_subset", "source_snapshot_date": "GIS parcel 2026-07-10; subdivision 2026-06-27; appraisal retrieved 2026-08-13 (2027 current)", "stroke": "#176B66", "stroke-width": 1, "stroke-opacity": 0.7, "fill": "#2A9D8F", "fill-opacity": 0.22}}, {"type": "Feature", "geometry": {"type": "Polygon", "coordinates": [[[-96.78536109871806, 32.862292963577424], [-96.78610191724695, 32.862304353206085], [-96.78609631762376, 32.86189207372571], [-96.78656848560614, 32.861899329335806], [-96.78661580779782, 32.865382643549346], [-96.78315222511466, 32.86537581387243], [-96.7831044076021, 32.86184604942122], [-96.78450164487509, 32.86186760000809], [-96.78450555214971, 32.862280010286185], [-96.78536109871806, 32.862292963577424]], [[-96.78362359203797, 32.864409860999224], [-96.7836291802951, 32.864822141857886], [-96.78431303046675, 32.86483266416155], [-96.78430743900232, 32.864420384708204], [-96.78362359203797, 32.864409860999224]], [[-96.78566151472955, 32.863438124791635], [-96.78543356763475, 32.86343462069391], [-96.78543916427355, 32.86384690013863], [-96.78635088940396, 32.86386078796939], [-96.78634464295105, 32.86344862476102], [-96.78566151472955, 32.863438124791635]], [[-96.78452178111722, 32.863420597403184], [-96.7845273734887, 32.863832878263665], [-96.7852112161366, 32.863843395633985], [-96.78520562218621, 32.86343111620131], [-96.78452178111722, 32.863420597403184]], [[-96.78537110653619, 32.86243057601549], [-96.78537670116638, 32.8628428568574], [-96.78565349221368, 32.862847112199994], [-96.78564789464133, 32.86243483272247], [-96.78537110653619, 32.86243057601549]], [[-96.78507803505617, 32.86242606959359], [-96.78428023115892, 32.8624137976458], [-96.78428582071544, 32.86282607853739], [-96.78508362834985, 32.862838349074664], [-96.78507803505617, 32.86242606959359]]]}, "properties": {"title": "UNIVERSITY HEIGHTS EIGHTH SECTION | 1 Future Lots", "description": "University Park | Single-Family | Total 71 | Built 70 | Future Lots 1 | Future Units 1 | 2_parcels_with_year_built_since_2024", "feature_role": "project_boundary", "legend_category": "Other Active Residential", "rank": null, "project_id": "DCAD-SUBD-21850-6f3e0460c7", "subdivision_number": "21850", "subdivision_name": "UNIVERSITY HEIGHTS EIGHTH SECTION", "city": "University Park", "housing_type": "Single-Family", "total_lots": 71, "built_lots": 70, "future_lots": 1, "future_units": 1, "activity_status": "active_residential", "active_evidence": "2_parcels_with_year_built_since_2024", "match_confidence": 0.999997, "review_status": "high_confidence_spatial_subset", "source_snapshot_date": "GIS parcel 2026-07-10; subdivision 2026-06-27; appraisal retrieved 2026-08-13 (2027 current)", "stroke": "#176B66", "stroke-width": 1, "stroke-opacity": 0.7, "fill": "#2A9D8F", "fill-opacity": 0.22}}, {"type": "Feature", "geometry": {"type": "Polygon", "coordinates": [[[-96.8043218416161, 32.85974606673968], [-96.8042567114925, 32.85974541580007], [-96.80428961762951, 32.85740202591394], [-96.80848248355888, 32.85743262642915], [-96.8084495302186, 32.859787286453994], [-96.8043218416161, 32.85974606673968]]]}, "properties": {"title": "PRESTON HOMES | 1 Future Lots", "description": "University Park | Single-Family | Total 100 | Built 99 | Future Lots 1 | Future Units 1 | 2_parcels_with_year_built_since_2024", "feature_role": "project_boundary", "legend_category": "Other Active Residential", "rank": null, "project_id": "DCAD-SUBD-16750-9eaf543445", "subdivision_number": "16750", "subdivision_name": "PRESTON HOMES", "city": "University Park", "housing_type": "Single-Family", "total_lots": 100, "built_lots": 99, "future_lots": 1, "future_units": 1, "activity_status": "active_residential", "active_evidence": "2_parcels_with_year_built_since_2024", "match_confidence": 0.999994, "review_status": "high_confidence_spatial_subset", "source_snapshot_date": "GIS parcel 2026-07-10; subdivision 2026-06-27; appraisal retrieved 2026-08-13 (2027 current)", "stroke": "#176B66", "stroke-width": 1, "stroke-opacity": 0.7, "fill": "#2A9D8F", "fill-opacity": 0.22}}, {"type": "Feature", "geometry": {"type": "Polygon", "coordinates": [[[-96.73701079614641, 32.80797695943107], [-96.73712302244785, 32.8080799167173], [-96.73710411928737, 32.808116168041764], [-96.7365394233105, 32.80856946351941], [-96.73573390259202, 32.808047889138486], [-96.73626114080422, 32.80762477926636], [-96.7365498580107, 32.807688631669336], [-96.73683410486059, 32.807828784924176], [-96.73701079614641, 32.80797695943107]]]}, "properties": {"title": "KENSINGTON GARDENS 2B | 1 Future Lots", "description": "Dallas | Single-Family | Total 10 | Built 9 | Future Lots 1 | Future Units not quantified | 4_parcels_with_year_built_since_2024", "feature_role": "project_boundary", "legend_category": "Other Active Residential", "rank": null, "project_id": "DCAD-SUBD-ROW12569-1460095706", "subdivision_number": null, "subdivision_name": "KENSINGTON GARDENS 2B", "city": "Dallas", "housing_type": "Single-Family", "total_lots": 10, "built_lots": 9, "future_lots": 1, "future_units": null, "activity_status": "active_residential", "active_evidence": "4_parcels_with_year_built_since_2024", "match_confidence": 1.0, "review_status": "high_confidence_spatial_subset", "source_snapshot_date": "GIS parcel 2026-07-10; subdivision 2026-06-27; appraisal retrieved 2026-08-13 (2027 current)", "stroke": "#176B66", "stroke-width": 1, "stroke-opacity": 0.7, "fill": "#2A9D8F", "fill-opacity": 0.22}}, {"type": "Feature", "geometry": {"type": "Polygon", "coordinates": [[[-96.80437165787812, 32.854441948329736], [-96.80439797778266, 32.8515971147678], [-96.80573095602618, 32.8516049697896], [-96.80573360951865, 32.85122015625291], [-96.80590294256437, 32.85122115290045], [-96.80590028980679, 32.85160596644072], [-96.80623895575124, 32.851607959029664], [-96.80624160703921, 32.85122314548228], [-96.80656724677894, 32.85122498877517], [-96.80656459855757, 32.85160971575615], [-96.80675998309854, 32.85161086366063], [-96.80676263128578, 32.851226094075955], [-96.80695801579743, 32.851227199070046], [-96.80695536761833, 32.85161201263255], [-96.80734613507127, 32.851614308259855], [-96.8073487831827, 32.85122949471128], [-96.80773954896014, 32.85123178910358], [-96.80793493265735, 32.851232936537734], [-96.80793228871752, 32.8516177501208], [-96.80812767326769, 32.85161889725238], [-96.80813031635957, 32.85123408366519], [-96.80852108380549, 32.851236375625795], [-96.8084750798669, 32.857380228859896], [-96.80434312214177, 32.85736627607358], [-96.80437165787812, 32.854441948329736]], [[-96.80458847202388, 32.8564080658893], [-96.8045848384074, 32.856820360767436], [-96.80479977363892, 32.85682168857523], [-96.80480340465424, 32.85640939229454], [-96.80458847202388, 32.8564080658893]], [[-96.80652974966736, 32.85637864433453], [-96.80672840187506, 32.8563798737204], [-96.80673202500675, 32.85596751964958], [-96.80653337422228, 32.855966349381305], [-96.80652974966736, 32.85637864433453]]]}, "properties": {"title": "IDLEWILD | 1 Future Lots", "description": "University Park | Single-Family | Total 237 | Built 236 | Future Lots 1 | Future Units 1 | 5_parcels_with_year_built_since_2024; 5_parcels_with_incomplete_official_structure_records", "feature_role": "project_boundary", "legend_category": "Other Active Residential", "rank": null, "project_id": "DCAD-SUBD-09050-102a3ac101", "subdivision_number": "09050", "subdivision_name": "IDLEWILD", "city": "University Park", "housing_type": "Single-Family", "total_lots": 237, "built_lots": 236, "future_lots": 1, "future_units": 1, "activity_status": "active_residential", "active_evidence": "5_parcels_with_year_built_since_2024; 5_parcels_with_incomplete_official_structure_records", "match_confidence": 1.0, "review_status": "high_confidence_spatial_subset", "source_snapshot_date": "GIS parcel 2026-07-10; subdivision 2026-06-27; appraisal retrieved 2026-08-13 (2027 current)", "stroke": "#176B66", "stroke-width": 1, "stroke-opacity": 0.7, "fill": "#2A9D8F", "fill-opacity": 0.22}}, {"type": "Feature", "geometry": {"type": "Polygon", "coordinates": [[[-97.02900324137856, 32.743359300417644], [-97.02910369512647, 32.741884518142946], [-97.02911219222698, 32.73994043603736], [-97.03608330734319, 32.7391489360783], [-97.04105419345777, 32.73852689551236], [-97.04103423932459, 32.739282840117006], [-97.04159027526073, 32.73926888417136], [-97.04160100684933, 32.73931238528468], [-97.03980720293448, 32.73940940288174], [-97.03976956813116, 32.74081436430589], [-97.04155737282188, 32.7408485443166], [-97.04157527759153, 32.74021819153785], [-97.04239342466575, 32.74022532963389], [-97.04242018428171, 32.73931589021077], [-97.04254838676727, 32.73930342723543], [-97.04243960854843, 32.742120157332586], [-97.04228852857123, 32.74211606821258], [-97.0423155364145, 32.740973298970616], [-97.03572091621061, 32.74085989039171], [-97.03562941512494, 32.743322723416604], [-97.04230262807486, 32.74344364025357], [-97.04227338164164, 32.74458708405983], [-97.04223383327857, 32.74463036242301], [-97.03937421177437, 32.744671760960216], [-97.03563627693654, 32.74462386277351], [-97.03542020506904, 32.744602432788845], [-97.03543649396214, 32.74405142121552], [-97.03456365328218, 32.74404893701571], [-97.03455742679436, 32.744597278300745], [-97.0317597431353, 32.744579655382], [-97.03176883438974, 32.744029960996066], [-97.03095577864664, 32.74402035455964], [-97.03094676918367, 32.74456480205417], [-97.03076092280254, 32.74455918022501], [-97.03074513998604, 32.7450671425121], [-97.03149664678324, 32.745076201773955], [-97.03147459915046, 32.7467279718056], [-97.03139870128292, 32.74686481969855], [-97.03137171441199, 32.74973680213837], [-97.02867093979064, 32.74972575451905], [-97.02873206753948, 32.744712699923454], [-97.02900324137856, 32.743359300417644]], [[-97.03017789496478, 32.74507705961145], [-97.03018144885614, 32.74474845757003], [-97.0297758045141, 32.74474313800215], [-97.02977228437518, 32.745071575508504], [-97.03017789496478, 32.74507705961145]], [[-97.03829248579356, 32.74078875023363], [-97.03873712341954, 32.74079705859237], [-97.03876222030584, 32.740174223849905], [-97.03811131905783, 32.74017534347812], [-97.03808682324168, 32.74078312752548], [-97.03829248579356, 32.74078875023363]], [[-97.03552101430667, 32.73991683703642], [-97.0349002601688, 32.73998874936641], [-97.03489397390639, 32.74036977168604], [-97.03552309617332, 32.74032490648088], [-97.03552101430667, 32.73991683703642]]]}, "properties": {"title": "DALWORTH PARK | 1 Future Lots", "description": "Grand Prairie | Single-Family | Total 186 | Built 185 | Future Lots 1 | Future Units 1 | 1_parcels_with_year_built_since_2024; 1_parcels_with_incomplete_official_structure_records", "feature_role": "project_boundary", "legend_category": "Other Active Residential", "rank": null, "project_id": "DCAD-SUBD-05250-915ffc31ee", "subdivision_number": "05250", "subdivision_name": "DALWORTH PARK", "city": "Grand Prairie", "housing_type": "Single-Family", "total_lots": 186, "built_lots": 185, "future_lots": 1, "future_units": 1, "activity_status": "active_residential", "active_evidence": "1_parcels_with_year_built_since_2024; 1_parcels_with_incomplete_official_structure_records", "match_confidence": 1.0, "review_status": "high_confidence_spatial_subset", "source_snapshot_date": "GIS parcel 2026-07-10; subdivision 2026-06-27; appraisal retrieved 2026-08-13 (2027 current)", "stroke": "#176B66", "stroke-width": 1, "stroke-opacity": 0.7, "fill": "#2A9D8F", "fill-opacity": 0.22}}, {"type": "Feature", "geometry": {"type": "Polygon", "coordinates": [[[-96.76498433925525, 32.796256105676925], [-96.76650475190695, 32.79500992428918], [-96.7670407429972, 32.795483351944334], [-96.76791674762161, 32.79476434020813], [-96.76874000300577, 32.795476093022316], [-96.76634714146935, 32.797440409540464], [-96.76498433925525, 32.796256105676925]], [[-96.76732099507855, 32.79585136718366], [-96.76696707291126, 32.79554380636995], [-96.76673910846961, 32.7957302270463], [-96.76709295540955, 32.79603772147789], [-96.76732099507855, 32.79585136718366]]]}, "properties": {"title": "OZONE | 1 Future Lots", "description": "Dallas | Mixed-Use | Total 29 | Built 28 | Future Lots 1 | Future Units not quantified | 1_parcels_with_year_built_since_2024", "feature_role": "project_boundary", "legend_category": "Other Active Residential", "rank": null, "project_id": "DCAD-SUBD-ROW17884-b182e1bec4", "subdivision_number": null, "subdivision_name": "OZONE", "city": "Dallas", "housing_type": "Mixed-Use", "total_lots": 29, "built_lots": 28, "future_lots": 1, "future_units": null, "activity_status": "active_residential", "active_evidence": "1_parcels_with_year_built_since_2024", "match_confidence": 0.999975, "review_status": "high_confidence_spatial_subset", "source_snapshot_date": "GIS parcel 2026-07-10; subdivision 2026-06-27; appraisal retrieved 2026-08-13 (2027 current)", "stroke": "#176B66", "stroke-width": 1, "stroke-opacity": 0.7, "fill": "#2A9D8F", "fill-opacity": 0.22}}, {"type": "Feature", "geometry": {"type": "Polygon", "coordinates": [[[-96.80701118362124, 32.70389731646328], [-96.80700701751358, 32.703936853664864], [-96.8071354204721, 32.70393200270107], [-96.80713534981284, 32.70388828686054], [-96.80761404123793, 32.70388555079728], [-96.80761346632067, 32.703935088689676], [-96.80766260008521, 32.70393540745768], [-96.80766391319408, 32.70388620401482], [-96.80815005968111, 32.70388503270702], [-96.80814957508836, 32.70393854978071], [-96.80830343643368, 32.70393954111884], [-96.80830373060375, 32.70389021246129], [-96.8087447035948, 32.703888724753476], [-96.80881672775384, 32.703031513444145], [-96.81475705699016, 32.70305581947877], [-96.81473433222163, 32.70472620578622], [-96.81461697876517, 32.70473732162968], [-96.81457834931203, 32.711390324026176], [-96.81332240961771, 32.71138412524688], [-96.81330992596858, 32.71316489021561], [-96.81149860003391, 32.713153667687486], [-96.80600540822634, 32.70390425010101], [-96.80701118362124, 32.70389731646328]]]}, "properties": {"title": "TRINITY HEIGHTS ANNEX | 1 Future Lots", "description": "Dallas | Single-Family | Total 479 | Built 478 | Future Lots 1 | Future Units 1 | 2_parcels_with_year_built_since_2024; 1_parcels_with_incomplete_official_structure_records", "feature_role": "project_boundary", "legend_category": "Other Active Residential", "rank": null, "project_id": "DCAD-SUBD-ROW25088-5851f3515d", "subdivision_number": null, "subdivision_name": "TRINITY HEIGHTS ANNEX", "city": "Dallas", "housing_type": "Single-Family", "total_lots": 479, "built_lots": 478, "future_lots": 1, "future_units": 1, "activity_status": "active_residential", "active_evidence": "2_parcels_with_year_built_since_2024; 1_parcels_with_incomplete_official_structure_records", "match_confidence": 0.999998, "review_status": "high_confidence_spatial_subset", "source_snapshot_date": "GIS parcel 2026-07-10; subdivision 2026-06-27; appraisal retrieved 2026-08-13 (2027 current)", "stroke": "#176B66", "stroke-width": 1, "stroke-opacity": 0.7, "fill": "#2A9D8F", "fill-opacity": 0.22}}, {"type": "Feature", "geometry": {"type": "Polygon", "coordinates": [[[-96.81118059424914, 32.597701224500675], [-96.8111720644688, 32.592379363174125], [-96.81183156265675, 32.59224180464702], [-96.81296672047783, 32.591901335617344], [-96.8131348995977, 32.592300743787675], [-96.81188887778053, 32.59265784845081], [-96.81226192857811, 32.5935974854798], [-96.81250729158677, 32.59400167958129], [-96.81277241171829, 32.59428447712232], [-96.81373208402144, 32.595083321161574], [-96.81379830726128, 32.595251228537286], [-96.81379733213538, 32.595479246022265], [-96.81374217795388, 32.595542619675754], [-96.81371794143577, 32.59551471672321], [-96.81358553812248, 32.595594256761665], [-96.8138592496639, 32.595816650311434], [-96.81342790061498, 32.59620034037967], [-96.81286656946142, 32.595749048328464], [-96.8122051972336, 32.5963371165249], [-96.8121923236871, 32.59768435187256], [-96.81178004819292, 32.59768810584832], [-96.81178166691552, 32.59765578730194], [-96.81118059424914, 32.597701224500675]]]}, "properties": {"title": "ROLLING MEADOWS PH 3 | 1 Future Lots", "description": "Lancaster | Single-Family | Total 43 | Built 42 | Future Lots 1 | Future Units 1 | 2_parcels_with_year_built_since_2024", "feature_role": "project_boundary", "legend_category": "Other Active Residential", "rank": null, "project_id": "DCAD-SUBD-07972-6764d39025", "subdivision_number": "07972", "subdivision_name": "ROLLING MEADOWS PH 3", "city": "Lancaster", "housing_type": "Single-Family", "total_lots": 43, "built_lots": 42, "future_lots": 1, "future_units": 1, "activity_status": "active_residential", "active_evidence": "2_parcels_with_year_built_since_2024", "match_confidence": 0.999932, "review_status": "high_confidence_spatial_subset", "source_snapshot_date": "GIS parcel 2026-07-10; subdivision 2026-06-27; appraisal retrieved 2026-08-13 (2027 current)", "stroke": "#176B66", "stroke-width": 1, "stroke-opacity": 0.7, "fill": "#2A9D8F", "fill-opacity": 0.22}}, {"type": "Feature", "geometry": {"type": "Polygon", "coordinates": [[[-96.78146975711626, 32.63402189808722], [-96.78170949082576, 32.63386029799685], [-96.7819706430705, 32.6343035219272], [-96.7847391039003, 32.63786275268501], [-96.78331129556194, 32.638552660840794], [-96.78037524302715, 32.63479124956562], [-96.78146975711626, 32.63402189808722]]]}, "properties": {"title": "TAYLOR BROTHERS ADDITION | 1 Future Lots", "description": "Lancaster | Single-Family | Total 77 | Built 76 | Future Lots 1 | Future Units 1 | 1_parcels_with_year_built_since_2024; 1_parcels_with_incomplete_official_structure_records", "feature_role": "project_boundary", "legend_category": "Other Active Residential", "rank": null, "project_id": "DCAD-SUBD-08550-b14c260add", "subdivision_number": "08550", "subdivision_name": "TAYLOR BROTHERS ADDITION", "city": "Lancaster", "housing_type": "Single-Family", "total_lots": 77, "built_lots": 76, "future_lots": 1, "future_units": 1, "activity_status": "active_residential", "active_evidence": "1_parcels_with_year_built_since_2024; 1_parcels_with_incomplete_official_structure_records", "match_confidence": 1.0, "review_status": "high_confidence_spatial_subset", "source_snapshot_date": "GIS parcel 2026-07-10; subdivision 2026-06-27; appraisal retrieved 2026-08-13 (2027 current)", "stroke": "#176B66", "stroke-width": 1, "stroke-opacity": 0.7, "fill": "#2A9D8F", "fill-opacity": 0.22}}, {"type": "Feature", "geometry": {"type": "Polygon", "coordinates": [[[-96.83826646251315, 32.866797695899535], [-96.8378510427647, 32.866792923085995], [-96.83763372543567, 32.86611681287066], [-96.83828302191613, 32.86612550346697], [-96.83826646251315, 32.866797695899535]]]}, "properties": {"title": "MIDWAY HOLLOW | 1 Future Lots", "description": "Dallas | Single-Family | Total 3 | Built 2 | Future Lots 1 | Future Units 1 | 2_parcels_with_year_built_since_2024; 2_parcels_with_incomplete_official_structure_records", "feature_role": "project_boundary", "legend_category": "Other Active Residential", "rank": null, "project_id": "DCAD-SUBD-ROW15834-69e16d2f83", "subdivision_number": null, "subdivision_name": "MIDWAY HOLLOW", "city": "Dallas", "housing_type": "Single-Family", "total_lots": 3, "built_lots": 2, "future_lots": 1, "future_units": 1, "activity_status": "active_residential", "active_evidence": "2_parcels_with_year_built_since_2024; 2_parcels_with_incomplete_official_structure_records", "match_confidence": 1.0, "review_status": "high_confidence_spatial_subset", "source_snapshot_date": "GIS parcel 2026-07-10; subdivision 2026-06-27; appraisal retrieved 2026-08-13 (2027 current)", "stroke": "#176B66", "stroke-width": 1, "stroke-opacity": 0.7, "fill": "#2A9D8F", "fill-opacity": 0.22}}, {"type": "Feature", "geometry": {"type": "Polygon", "coordinates": [[[-96.89622005449434, 32.69991984777562], [-96.89643486627463, 32.700164599064664], [-96.89689955420029, 32.69987302184245], [-96.89716758668857, 32.7001784061107], [-96.89831300599076, 32.70016698658946], [-96.89850429645674, 32.70045218726678], [-96.89955090624325, 32.701640758642455], [-96.89918773418053, 32.70245051268987], [-96.8988348840097, 32.70255307492057], [-96.89839809749488, 32.702453092918425], [-96.89784973788305, 32.70277276720316], [-96.89745873221497, 32.70275282304878], [-96.89745220938852, 32.70237001790632], [-96.89583849550803, 32.702344355502774], [-96.8958403145019, 32.70242735272899], [-96.89160238601555, 32.70249476713496], [-96.89159201416945, 32.70080362268529], [-96.89146505742345, 32.70023508615851], [-96.89598166175291, 32.70019020068444], [-96.89591350558551, 32.70011254610576], [-96.89622005449434, 32.69991984777562]]]}, "properties": {"title": "WEST CLIFF ESTATES | 1 Future Lots", "description": "Dallas | Single-Family | Total 155 | Built 154 | Future Lots 1 | Future Units 1 | 46_parcels_with_year_built_since_2024", "feature_role": "project_boundary", "legend_category": "Other Active Residential", "rank": null, "project_id": "DCAD-SUBD-ROW27644-90eb0ac8e3", "subdivision_number": null, "subdivision_name": "WEST CLIFF ESTATES", "city": "Dallas", "housing_type": "Single-Family", "total_lots": 155, "built_lots": 154, "future_lots": 1, "future_units": 1, "activity_status": "active_residential", "active_evidence": "46_parcels_with_year_built_since_2024", "match_confidence": 1.0, "review_status": "high_confidence_spatial_subset", "source_snapshot_date": "GIS parcel 2026-07-10; subdivision 2026-06-27; appraisal retrieved 2026-08-13 (2027 current)", "stroke": "#176B66", "stroke-width": 1, "stroke-opacity": 0.7, "fill": "#2A9D8F", "fill-opacity": 0.22}}, {"type": "Feature", "geometry": {"type": "Polygon", "coordinates": [[[-96.52500117707119, 32.906375115449634], [-96.51821420942223, 32.906376687195085], [-96.51823583128811, 32.90458467000153], [-96.51884189158241, 32.90457747664235], [-96.5188417363026, 32.904673846993596], [-96.52145160528313, 32.90467339341615], [-96.52145184160376, 32.90470747197846], [-96.52185795506846, 32.90470611509473], [-96.52185781527315, 32.90398632194068], [-96.52266863626697, 32.90398774699932], [-96.5240194089316, 32.90374762630881], [-96.52504676569542, 32.90376870584071], [-96.52500117707119, 32.906375115449634]]]}, "properties": {"title": "LAKE BEND ESTATES PHASE ONE | 1 Future Lots", "description": "Rowlett | Single-Family | Total 135 | Built 134 | Future Lots 1 | Future Units 1 | 2_parcels_with_incomplete_official_structure_records", "feature_role": "project_boundary", "legend_category": "Other Active Residential", "rank": null, "project_id": "DCAD-SUBD-00900-861789f373", "subdivision_number": "00900", "subdivision_name": "LAKE BEND ESTATES PHASE ONE", "city": "Rowlett", "housing_type": "Single-Family", "total_lots": 135, "built_lots": 134, "future_lots": 1, "future_units": 1, "activity_status": "active_residential", "active_evidence": "2_parcels_with_incomplete_official_structure_records", "match_confidence": 0.999826, "review_status": "high_confidence_spatial_subset", "source_snapshot_date": "GIS parcel 2026-07-10; subdivision 2026-06-27; appraisal retrieved 2026-08-13 (2027 current)", "stroke": "#176B66", "stroke-width": 1, "stroke-opacity": 0.7, "fill": "#2A9D8F", "fill-opacity": 0.22}}, {"type": "Feature", "geometry": {"type": "Polygon", "coordinates": [[[-96.56847314130466, 32.71501414689028], [-96.56861941585012, 32.71538922313897], [-96.5691968346114, 32.71526436828968], [-96.56928049339844, 32.715626551495134], [-96.56909763867479, 32.715745155049525], [-96.56921717983268, 32.715941363892945], [-96.56860697303918, 32.7161711104096], [-96.56812841524953, 32.716606055339476], [-96.5674982501892, 32.716520284560374], [-96.56707976499013, 32.71549376733469], [-96.56744865183501, 32.71538629276018], [-96.56742182113999, 32.71532045661508], [-96.56847314130466, 32.71501414689028]]]}, "properties": {"title": "SOLTERRA SOUTH PH 3A | 1 Future Lots", "description": "Mesquite | Single-Family | Total 10 | Built 8 | Future Lots 1 | Future Units 1 | 8_parcels_with_year_built_since_2024; 1_parcels_with_incomplete_official_structure_records", "feature_role": "project_boundary", "legend_category": "Other Active Residential", "rank": null, "project_id": "DCAD-SUBD-19468-0052150c8d", "subdivision_number": "19468", "subdivision_name": "SOLTERRA SOUTH PH 3A", "city": "Mesquite", "housing_type": "Single-Family", "total_lots": 10, "built_lots": 8, "future_lots": 1, "future_units": 1, "activity_status": "active_residential", "active_evidence": "8_parcels_with_year_built_since_2024; 1_parcels_with_incomplete_official_structure_records", "match_confidence": 0.997566, "review_status": "high_confidence_spatial_subset", "source_snapshot_date": "GIS parcel 2026-07-10; subdivision 2026-06-27; appraisal retrieved 2026-08-13 (2027 current)", "stroke": "#176B66", "stroke-width": 1, "stroke-opacity": 0.7, "fill": "#2A9D8F", "fill-opacity": 0.22}}, {"type": "Feature", "geometry": {"type": "Polygon", "coordinates": [[[-96.89780426807374, 32.68148704369326], [-96.8978095983355, 32.68383164151517], [-96.89682766172645, 32.68383764920371], [-96.89681444751764, 32.681490409107425], [-96.89780426807374, 32.68148704369326]]]}, "properties": {"title": "BARSTOW NO 1 | 1 Future Lots", "description": "Dallas | Single-Family | Total 4 | Built 3 | Future Lots 1 | Future Units 1 | 1_parcels_with_year_built_since_2024; 1_parcels_with_incomplete_official_structure_records", "feature_role": "project_boundary", "legend_category": "Other Active Residential", "rank": null, "project_id": "DCAD-SUBD-ROW1392-1650961252", "subdivision_number": null, "subdivision_name": "BARSTOW NO 1", "city": "Dallas", "housing_type": "Single-Family", "total_lots": 4, "built_lots": 3, "future_lots": 1, "future_units": 1, "activity_status": "active_residential", "active_evidence": "1_parcels_with_year_built_since_2024; 1_parcels_with_incomplete_official_structure_records", "match_confidence": 1.0, "review_status": "high_confidence_spatial_subset", "source_snapshot_date": "GIS parcel 2026-07-10; subdivision 2026-06-27; appraisal retrieved 2026-08-13 (2027 current)", "stroke": "#176B66", "stroke-width": 1, "stroke-opacity": 0.7, "fill": "#2A9D8F", "fill-opacity": 0.22}}, {"type": "Feature", "geometry": {"type": "Polygon", "coordinates": [[[-96.79733470811175, 32.69810485965147], [-96.79717327650486, 32.69778630707294], [-96.79824726099648, 32.6973998733336], [-96.79841706631795, 32.697715955010885], [-96.79733470811175, 32.69810485965147]]]}, "properties": {"title": "BRICKMAN | 1 Future Lots", "description": "Dallas | Single-Family | Total 2 | Built 1 | Future Lots 1 | Future Units 1 | 1_parcels_with_year_built_since_2024", "feature_role": "project_boundary", "legend_category": "Other Active Residential", "rank": null, "project_id": "DCAD-SUBD-ROW2379-cccf9dd2bc", "subdivision_number": null, "subdivision_name": "BRICKMAN", "city": "Dallas", "housing_type": "Single-Family", "total_lots": 2, "built_lots": 1, "future_lots": 1, "future_units": 1, "activity_status": "active_residential", "active_evidence": "1_parcels_with_year_built_since_2024", "match_confidence": 1.0, "review_status": "high_confidence_spatial_subset", "source_snapshot_date": "GIS parcel 2026-07-10; subdivision 2026-06-27; appraisal retrieved 2026-08-13 (2027 current)", "stroke": "#176B66", "stroke-width": 1, "stroke-opacity": 0.7, "fill": "#2A9D8F", "fill-opacity": 0.22}}, {"type": "Feature", "geometry": {"type": "Polygon", "coordinates": [[[-96.60380100519527, 32.68978221366911], [-96.6040910480587, 32.68999367872234], [-96.60322236097153, 32.69070217496522], [-96.60295571397643, 32.69047162699239], [-96.60380100519527, 32.68978221366911]]]}, "properties": {"title": "CONTRERAS CASA | 1 Future Lots", "description": "Dallas | Single-Family | Total 2 | Built 1 | Future Lots 1 | Future Units 1 | 1_parcels_with_year_built_since_2024", "feature_role": "project_boundary", "legend_category": "Other Active Residential", "rank": null, "project_id": "DCAD-SUBD-ROW4971-8b44a075aa", "subdivision_number": null, "subdivision_name": "CONTRERAS CASA", "city": "Dallas", "housing_type": "Single-Family", "total_lots": 2, "built_lots": 1, "future_lots": 1, "future_units": 1, "activity_status": "active_residential", "active_evidence": "1_parcels_with_year_built_since_2024", "match_confidence": 1.0, "review_status": "high_confidence_spatial_subset", "source_snapshot_date": "GIS parcel 2026-07-10; subdivision 2026-06-27; appraisal retrieved 2026-08-13 (2027 current)", "stroke": "#176B66", "stroke-width": 1, "stroke-opacity": 0.7, "fill": "#2A9D8F", "fill-opacity": 0.22}}, {"type": "Feature", "geometry": {"type": "Polygon", "coordinates": [[[-96.74617152840827, 32.74194256019471], [-96.74652968557339, 32.74194233644626], [-96.7465299590247, 32.74227014169244], [-96.74616503897201, 32.7422706301693], [-96.74617152840827, 32.74194256019471]]]}, "properties": {"title": "VALENTINE GATEWAY | 1 Future Lots", "description": "Dallas | Single-Family | Total 2 | Built 1 | Future Lots 1 | Future Units 1 | 1_parcels_with_year_built_since_2024; 1_parcels_with_incomplete_official_structure_records", "feature_role": "project_boundary", "legend_category": "Other Active Residential", "rank": null, "project_id": "DCAD-SUBD-ROW26310-5551d5672a", "subdivision_number": null, "subdivision_name": "VALENTINE GATEWAY", "city": "Dallas", "housing_type": "Single-Family", "total_lots": 2, "built_lots": 1, "future_lots": 1, "future_units": 1, "activity_status": "active_residential", "active_evidence": "1_parcels_with_year_built_since_2024; 1_parcels_with_incomplete_official_structure_records", "match_confidence": 1.0, "review_status": "high_confidence_spatial_subset", "source_snapshot_date": "GIS parcel 2026-07-10; subdivision 2026-06-27; appraisal retrieved 2026-08-13 (2027 current)", "stroke": "#176B66", "stroke-width": 1, "stroke-opacity": 0.7, "fill": "#2A9D8F", "fill-opacity": 0.22}}, {"type": "Feature", "geometry": {"type": "Polygon", "coordinates": [[[-96.63555028496934, 32.74267381282357], [-96.63557850159658, 32.74147007874438], [-96.63801706258863, 32.741467987575604], [-96.63801495442215, 32.7419833736327], [-96.6387738469845, 32.74198558802642], [-96.638775949451, 32.74147080675507], [-96.63975112235512, 32.74147842836913], [-96.63975403518154, 32.743237672456836], [-96.6372669989655, 32.74323385403549], [-96.63727866633529, 32.74268432491838], [-96.63706407204371, 32.74267968327828], [-96.6370523934106, 32.743229375802315], [-96.63553976421876, 32.74322275844451], [-96.63555028496934, 32.74267381282357]]]}, "properties": {"title": "BERRY & GALLOWAY SUBD NO. 2 | 1 Future Lots", "description": "Balch Springs | Single-Family | Total 27 | Built 26 | Future Lots 1 | Future Units 1 | 1_parcels_with_year_built_since_2024; 1_parcels_with_incomplete_official_structure_records", "feature_role": "project_boundary", "legend_category": "Other Active Residential", "rank": null, "project_id": "DCAD-SUBD-01350-fd82f18fff", "subdivision_number": "01350", "subdivision_name": "BERRY & GALLOWAY SUBD NO. 2", "city": "Balch Springs", "housing_type": "Single-Family", "total_lots": 27, "built_lots": 26, "future_lots": 1, "future_units": 1, "activity_status": "active_residential", "active_evidence": "1_parcels_with_year_built_since_2024; 1_parcels_with_incomplete_official_structure_records", "match_confidence": 0.999287, "review_status": "high_confidence_spatial_subset", "source_snapshot_date": "GIS parcel 2026-07-10; subdivision 2026-06-27; appraisal retrieved 2026-08-13 (2027 current)", "stroke": "#176B66", "stroke-width": 1, "stroke-opacity": 0.7, "fill": "#2A9D8F", "fill-opacity": 0.22}}, {"type": "Feature", "geometry": {"type": "Polygon", "coordinates": [[[-96.76908011661962, 32.70757716539871], [-96.76792781519208, 32.70808019438478], [-96.76759063575422, 32.70765051931015], [-96.76867815930957, 32.70736458368619], [-96.76908011661962, 32.70757716539871]]]}, "properties": {"title": "DESIDERIO FAMILY | 1 Future Lots", "description": "Dallas | Single-Family | Total 3 | Built 2 | Future Lots 1 | Future Units 1 | 1_parcels_with_year_built_since_2024", "feature_role": "project_boundary", "legend_category": "Other Active Residential", "rank": null, "project_id": "DCAD-SUBD-ROW6371-c705d989cf", "subdivision_number": null, "subdivision_name": "DESIDERIO FAMILY", "city": "Dallas", "housing_type": "Single-Family", "total_lots": 3, "built_lots": 2, "future_lots": 1, "future_units": 1, "activity_status": "active_residential", "active_evidence": "1_parcels_with_year_built_since_2024", "match_confidence": 1.0, "review_status": "high_confidence_spatial_subset", "source_snapshot_date": "GIS parcel 2026-07-10; subdivision 2026-06-27; appraisal retrieved 2026-08-13 (2027 current)", "stroke": "#176B66", "stroke-width": 1, "stroke-opacity": 0.7, "fill": "#2A9D8F", "fill-opacity": 0.22}}, {"type": "Feature", "geometry": {"type": "Polygon", "coordinates": [[[-96.76413023144715, 32.831576223791934], [-96.7616396573352, 32.8315598043226], [-96.76164258560802, 32.831243711384694], [-96.76413315084444, 32.831260130796025], [-96.76413023144715, 32.831576223791934]]]}, "properties": {"title": "WILSHIRE PARK AKA BALLARD BURGHES 4TH SECTION | 1 Future Lots", "description": "Dallas | Single-Family | Total 13 | Built 12 | Future Lots 1 | Future Units 1 | 1_parcels_with_year_built_since_2024", "feature_role": "project_boundary", "legend_category": "Other Active Residential", "rank": null, "project_id": "DCAD-SUBD-ROW28312-02e169fbd2", "subdivision_number": null, "subdivision_name": "WILSHIRE PARK AKA BALLARD BURGHES 4TH SECTION", "city": "Dallas", "housing_type": "Single-Family", "total_lots": 13, "built_lots": 12, "future_lots": 1, "future_units": 1, "activity_status": "active_residential", "active_evidence": "1_parcels_with_year_built_since_2024", "match_confidence": 0.999998, "review_status": "high_confidence_spatial_subset", "source_snapshot_date": "GIS parcel 2026-07-10; subdivision 2026-06-27; appraisal retrieved 2026-08-13 (2027 current)", "stroke": "#176B66", "stroke-width": 1, "stroke-opacity": 0.7, "fill": "#2A9D8F", "fill-opacity": 0.22}}, {"type": "Feature", "geometry": {"type": "Polygon", "coordinates": [[[-96.86703874470757, 32.88523580118367], [-96.86642421563938, 32.88528712676448], [-96.86609654581903, 32.88487254522504], [-96.86595431406039, 32.88435364612895], [-96.86685830648078, 32.88438081044928], [-96.86685959921286, 32.88462689660041], [-96.86698728549565, 32.88479719065622], [-96.86703874470757, 32.88523580118367]]]}, "properties": {"title": "NBKW CHAPEL DOWNS | 1 Future Lots", "description": "Dallas | Single-Family | Total 6 | Built 5 | Future Lots 1 | Future Units 1 | 2_parcels_with_year_built_since_2024; 1_parcels_with_incomplete_official_structure_records", "feature_role": "project_boundary", "legend_category": "Other Active Residential", "rank": null, "project_id": "DCAD-SUBD-ROW16554-9466afdf72", "subdivision_number": null, "subdivision_name": "NBKW CHAPEL DOWNS", "city": "Dallas", "housing_type": "Single-Family", "total_lots": 6, "built_lots": 5, "future_lots": 1, "future_units": 1, "activity_status": "active_residential", "active_evidence": "2_parcels_with_year_built_since_2024; 1_parcels_with_incomplete_official_structure_records", "match_confidence": 0.999459, "review_status": "high_confidence_spatial_subset", "source_snapshot_date": "GIS parcel 2026-07-10; subdivision 2026-06-27; appraisal retrieved 2026-08-13 (2027 current)", "stroke": "#176B66", "stroke-width": 1, "stroke-opacity": 0.7, "fill": "#2A9D8F", "fill-opacity": 0.22}}, {"type": "Feature", "geometry": {"type": "Polygon", "coordinates": [[[-96.81076216934107, 32.82367711398622], [-96.80939496507023, 32.823663816725485], [-96.80940500075683, 32.82318889984326], [-96.81207358956672, 32.82321400351894], [-96.81243112385351, 32.822885044302026], [-96.81259824331843, 32.822981300709536], [-96.81286112730876, 32.82302849112808], [-96.8123888523773, 32.823729709282325], [-96.81076216934107, 32.82367711398622]]]}, "properties": {"title": "WESTPARK 2ND REVISION | 1 Future Lots", "description": "Highland Park | Mixed-Use | Total 13 | Built 12 | Future Lots 1 | Future Units not quantified | 1_parcels_with_year_built_since_2024", "feature_role": "project_boundary", "legend_category": "Other Active Residential", "rank": null, "project_id": "DCAD-SUBD-ROW27911-0daadccb82", "subdivision_number": null, "subdivision_name": "WESTPARK 2ND REVISION", "city": "Highland Park", "housing_type": "Mixed-Use", "total_lots": 13, "built_lots": 12, "future_lots": 1, "future_units": null, "activity_status": "active_residential", "active_evidence": "1_parcels_with_year_built_since_2024", "match_confidence": 0.999999, "review_status": "high_confidence_spatial_subset", "source_snapshot_date": "GIS parcel 2026-07-10; subdivision 2026-06-27; appraisal retrieved 2026-08-13 (2027 current)", "stroke": "#176B66", "stroke-width": 1, "stroke-opacity": 0.7, "fill": "#2A9D8F", "fill-opacity": 0.22}}, {"type": "Feature", "geometry": {"type": "Polygon", "coordinates": [[[-96.89116592799763, 32.9365463612957], [-96.8907014881775, 32.93654036220299], [-96.89067933852718, 32.93605487539415], [-96.89052467671297, 32.93555118245177], [-96.89023788605422, 32.93509801312328], [-96.88980116761294, 32.93468826388061], [-96.89012257549635, 32.93440239716961], [-96.890509161544, 32.934252073443346], [-96.89229315162238, 32.934251744249046], [-96.89227567669072, 32.93530439035886], [-96.89220689312121, 32.93554679015892], [-96.89156712960686, 32.93644433069518], [-96.89142373135063, 32.936531821974455], [-96.89116592799763, 32.9365463612957]]]}, "properties": {"title": "VALWOOD PARK NO 6 | 1 Future Lots", "description": "Farmers Branch | Single-Family | Total 47 | Built 46 | Future Lots 1 | Future Units 1 | 1_parcels_with_year_built_since_2024", "feature_role": "project_boundary", "legend_category": "Other Active Residential", "rank": null, "project_id": "DCAD-SUBD-19450-cda41b5fa1", "subdivision_number": "19450", "subdivision_name": "VALWOOD PARK NO 6", "city": "Farmers Branch", "housing_type": "Single-Family", "total_lots": 47, "built_lots": 46, "future_lots": 1, "future_units": 1, "activity_status": "active_residential", "active_evidence": "1_parcels_with_year_built_since_2024", "match_confidence": 0.999883, "review_status": "high_confidence_spatial_subset", "source_snapshot_date": "GIS parcel 2026-07-10; subdivision 2026-06-27; appraisal retrieved 2026-08-13 (2027 current)", "stroke": "#176B66", "stroke-width": 1, "stroke-opacity": 0.7, "fill": "#2A9D8F", "fill-opacity": 0.22}}, {"type": "Feature", "geometry": {"type": "Polygon", "coordinates": [[[-96.78235413334934, 32.79799911526944], [-96.78264409083042, 32.79775833978582], [-96.78288300506995, 32.79796344968282], [-96.78300868163493, 32.79790325995288], [-96.78355209780614, 32.79757070160453], [-96.7836080167493, 32.79728868202362], [-96.78382014522893, 32.79728430907605], [-96.7836834272015, 32.79769096292395], [-96.78411531571963, 32.798062309973226], [-96.78448637104081, 32.79776485895877], [-96.78457607258247, 32.79787991289562], [-96.78440099968395, 32.798024029009916], [-96.78476444887404, 32.79833897903651], [-96.78493907524893, 32.79819523150822], [-96.78530619435283, 32.798513855199886], [-96.78374268253101, 32.799794679610045], [-96.78292837171455, 32.79906398260948], [-96.78320984838582, 32.798833899539495], [-96.78287609168929, 32.79854440326824], [-96.7825968642582, 32.79877263626396], [-96.78213266207572, 32.798372517788735], [-96.78247287101118, 32.79810175271367], [-96.78235413334934, 32.79799911526944]], [[-96.78413181325915, 32.79825056199424], [-96.78385147544104, 32.79848021334026], [-96.7842112833811, 32.7987981346113], [-96.78449162127241, 32.798568482460475], [-96.78413181325915, 32.79825056199424]]]}, "properties": {"title": "KNOX | 1 Future Lots", "description": "Dallas | Mixed-Use | Total 5 | Built 4 | Future Lots 1 | Future Units not quantified | 1_parcels_with_year_built_since_2024", "feature_role": "project_boundary", "legend_category": "Other Active Residential", "rank": null, "project_id": "DCAD-SUBD-ROW12872-a19bc1b7b3", "subdivision_number": null, "subdivision_name": "KNOX", "city": "Dallas", "housing_type": "Mixed-Use", "total_lots": 5, "built_lots": 4, "future_lots": 1, "future_units": null, "activity_status": "active_residential", "active_evidence": "1_parcels_with_year_built_since_2024", "match_confidence": 0.999724, "review_status": "high_confidence_spatial_subset", "source_snapshot_date": "GIS parcel 2026-07-10; subdivision 2026-06-27; appraisal retrieved 2026-08-13 (2027 current)", "stroke": "#176B66", "stroke-width": 1, "stroke-opacity": 0.7, "fill": "#2A9D8F", "fill-opacity": 0.22}}, {"type": "Feature", "geometry": {"type": "Polygon", "coordinates": [[[-96.60917169681983, 32.765401062396606], [-96.60888126286476, 32.76540144774762], [-96.60877371292014, 32.76591551426113], [-96.60827154561646, 32.765994242658145], [-96.60781327993396, 32.7661219788286], [-96.60781954956173, 32.76582791176104], [-96.60796443591357, 32.76540399354748], [-96.60772364108011, 32.76540445256668], [-96.60772684739605, 32.76582689535078], [-96.60749667868191, 32.76582437198992], [-96.60744044929197, 32.76476095702981], [-96.60753064664756, 32.76476372251105], [-96.60750287501247, 32.764128413161984], [-96.60762412696198, 32.76412770210512], [-96.60761498064205, 32.7631679084305], [-96.60919543478596, 32.76317780818311], [-96.60917169681983, 32.765401062396606]]]}, "properties": {"title": "RUTHERFORD | 1 Future Lots", "description": "Mesquite | Single-Family | Total 7 | Built 6 | Future Lots 1 | Future Units 1 | 1_parcels_with_year_built_since_2024; 1_parcels_with_incomplete_official_structure_records", "feature_role": "project_boundary", "legend_category": "Other Active Residential", "rank": null, "project_id": "DCAD-SUBD-16450-440d744cdd", "subdivision_number": "16450", "subdivision_name": "RUTHERFORD", "city": "Mesquite", "housing_type": "Single-Family", "total_lots": 7, "built_lots": 6, "future_lots": 1, "future_units": 1, "activity_status": "active_residential", "active_evidence": "1_parcels_with_year_built_since_2024; 1_parcels_with_incomplete_official_structure_records", "match_confidence": 0.999995, "review_status": "high_confidence_spatial_subset", "source_snapshot_date": "GIS parcel 2026-07-10; subdivision 2026-06-27; appraisal retrieved 2026-08-13 (2027 current)", "stroke": "#176B66", "stroke-width": 1, "stroke-opacity": 0.7, "fill": "#2A9D8F", "fill-opacity": 0.22}}, {"type": "Feature", "geometry": {"type": "Polygon", "coordinates": [[[-96.75515044910591, 32.78518932916936], [-96.75415077588049, 32.78431648149782], [-96.75509550084726, 32.784405991974985], [-96.7555856658334, 32.78483402998053], [-96.75515044910591, 32.78518932916936]]]}, "properties": {"title": "J D HAYS | 1 Future Lots", "description": "Dallas | Single-Family | Total 8 | Built 7 | Future Lots 1 | Future Units 1 | 1_parcels_with_year_built_since_2024", "feature_role": "project_boundary", "legend_category": "Other Active Residential", "rank": null, "project_id": "DCAD-SUBD-ROW11824-6421025c18", "subdivision_number": null, "subdivision_name": "J D HAYS", "city": "Dallas", "housing_type": "Single-Family", "total_lots": 8, "built_lots": 7, "future_lots": 1, "future_units": 1, "activity_status": "active_residential", "active_evidence": "1_parcels_with_year_built_since_2024", "match_confidence": 0.998541, "review_status": "high_confidence_spatial_subset", "source_snapshot_date": "GIS parcel 2026-07-10; subdivision 2026-06-27; appraisal retrieved 2026-08-13 (2027 current)", "stroke": "#176B66", "stroke-width": 1, "stroke-opacity": 0.7, "fill": "#2A9D8F", "fill-opacity": 0.22}}, {"type": "Feature", "geometry": {"type": "Polygon", "coordinates": [[[-96.82154195625469, 32.78926819048925], [-96.82396895847852, 32.78800770020867], [-96.8241920180389, 32.78810499285461], [-96.82480906612085, 32.788640707883864], [-96.82603243435493, 32.789540838624255], [-96.82600854041094, 32.78956516937632], [-96.8257543867158, 32.78943711024822], [-96.82552573160208, 32.789387929562736], [-96.82516127242828, 32.78940198644601], [-96.82490403987623, 32.78947880600056], [-96.82520461528311, 32.789666156058026], [-96.82332102865912, 32.79227004324717], [-96.82243405103881, 32.79175174112923], [-96.82171332978919, 32.791217179052396], [-96.822259010894, 32.79047745687688], [-96.8221277685997, 32.790408431359005], [-96.82128600415585, 32.790840277301484], [-96.82039972711726, 32.78985418310099], [-96.82154195625469, 32.78926819048925]]]}, "properties": {"title": "TRINITY IND DIST 6TH INSTALLMENT | 1 Future Lots", "description": "Dallas | Single-Family | Total 3 | Built 2 | Future Lots 1 | Future Units 1 | 1_parcels_with_incomplete_official_structure_records", "feature_role": "project_boundary", "legend_category": "Other Active Residential", "rank": null, "project_id": "DCAD-SUBD-ROW25089-4b9408ddba", "subdivision_number": null, "subdivision_name": "TRINITY IND DIST 6TH INSTALLMENT", "city": "Dallas", "housing_type": "Single-Family", "total_lots": 3, "built_lots": 2, "future_lots": 1, "future_units": 1, "activity_status": "active_residential", "active_evidence": "1_parcels_with_incomplete_official_structure_records", "match_confidence": 1.0, "review_status": "high_confidence_spatial_subset", "source_snapshot_date": "GIS parcel 2026-07-10; subdivision 2026-06-27; appraisal retrieved 2026-08-13 (2027 current)", "stroke": "#176B66", "stroke-width": 1, "stroke-opacity": 0.7, "fill": "#2A9D8F", "fill-opacity": 0.22}}, {"type": "Feature", "geometry": {"type": "Polygon", "coordinates": [[[-96.82187321599046, 32.86618350708543], [-96.82124304787087, 32.86581469391683], [-96.82067908988125, 32.86559512131886], [-96.82007618027663, 32.865469267524176], [-96.81927548748261, 32.8654307535122], [-96.81905894083764, 32.864511680311594], [-96.8193803018507, 32.86423704072859], [-96.82012862577474, 32.86426751324885], [-96.82043456581494, 32.86302744316875], [-96.82079090895505, 32.863132564726435], [-96.82115590011398, 32.86310102120416], [-96.82134598192515, 32.863005842482515], [-96.82187190750065, 32.862577482986474], [-96.8221036530316, 32.86288111682578], [-96.82232806471708, 32.86332352487816], [-96.82242215078064, 32.86366107700058], [-96.82246580434868, 32.86411460927023], [-96.82242694100701, 32.86452324696419], [-96.82205679649498, 32.86625676486417], [-96.82187321599046, 32.86618350708543]]]}, "properties": {"title": "SUNNYBROOK ESTATES | 1 Future Lots", "description": "Dallas | Single-Family | Total 8 | Built 7 | Future Lots 1 | Future Units 1 | 1_parcels_with_year_built_since_2024; 2_parcels_with_incomplete_official_structure_records", "feature_role": "project_boundary", "legend_category": "Other Active Residential", "rank": null, "project_id": "DCAD-SUBD-ROW23696-f0ec335d84", "subdivision_number": null, "subdivision_name": "SUNNYBROOK ESTATES", "city": "Dallas", "housing_type": "Single-Family", "total_lots": 8, "built_lots": 7, "future_lots": 1, "future_units": 1, "activity_status": "active_residential", "active_evidence": "1_parcels_with_year_built_since_2024; 2_parcels_with_incomplete_official_structure_records", "match_confidence": 0.999718, "review_status": "high_confidence_spatial_subset", "source_snapshot_date": "GIS parcel 2026-07-10; subdivision 2026-06-27; appraisal retrieved 2026-08-13 (2027 current)", "stroke": "#176B66", "stroke-width": 1, "stroke-opacity": 0.7, "fill": "#2A9D8F", "fill-opacity": 0.22}}, {"type": "Feature", "geometry": {"type": "Polygon", "coordinates": [[[-96.59126350408187, 32.77462381709395], [-96.59112239228332, 32.77459877753292], [-96.59122617399838, 32.774519328835915], [-96.59125387148912, 32.77307472976267], [-96.591874198494, 32.773084887626766], [-96.59187670126667, 32.77300980584184], [-96.59462991720392, 32.773013539068444], [-96.5946257378837, 32.77572554765379], [-96.59457791912023, 32.775780760814925], [-96.59286286017657, 32.77578118895042], [-96.59288702228743, 32.77742340152289], [-96.592848623271, 32.777491459762], [-96.5928514885459, 32.77791771426164], [-96.59120951357532, 32.77797572733918], [-96.59126350408187, 32.77462381709395]]]}, "properties": {"title": "BROADMOOR NO 5 | 1 Future Lots", "description": "Mesquite | Single-Family | Total 113 | Built 112 | Future Lots 1 | Future Units 1 | 1_parcels_with_year_built_since_2024", "feature_role": "project_boundary", "legend_category": "Other Active Residential", "rank": null, "project_id": "DCAD-SUBD-01160-d2bbc40e26", "subdivision_number": "01160", "subdivision_name": "BROADMOOR NO 5", "city": "Mesquite", "housing_type": "Single-Family", "total_lots": 113, "built_lots": 112, "future_lots": 1, "future_units": 1, "activity_status": "active_residential", "active_evidence": "1_parcels_with_year_built_since_2024", "match_confidence": 1.0, "review_status": "high_confidence_spatial_subset", "source_snapshot_date": "GIS parcel 2026-07-10; subdivision 2026-06-27; appraisal retrieved 2026-08-13 (2027 current)", "stroke": "#176B66", "stroke-width": 1, "stroke-opacity": 0.7, "fill": "#2A9D8F", "fill-opacity": 0.22}}, {"type": "Feature", "geometry": {"type": "Polygon", "coordinates": [[[-96.70244882569637, 32.74124236090508], [-96.7018413074763, 32.741442732299916], [-96.70151606551588, 32.741441533091624], [-96.70151766914354, 32.74066839808328], [-96.70248339619286, 32.74067218955552], [-96.70244882569637, 32.74124236090508]]]}, "properties": {"title": "S2LOCK01 | 1 Future Lots", "description": "Dallas | Single-Family | Total 5 | Built 4 | Future Lots 1 | Future Units 1 | 4_parcels_with_year_built_since_2024", "feature_role": "project_boundary", "legend_category": "Other Active Residential", "rank": null, "project_id": "DCAD-SUBD-ROW21415-93066b17d0", "subdivision_number": null, "subdivision_name": "S2LOCK01", "city": "Dallas", "housing_type": "Single-Family", "total_lots": 5, "built_lots": 4, "future_lots": 1, "future_units": 1, "activity_status": "active_residential", "active_evidence": "4_parcels_with_year_built_since_2024", "match_confidence": 1.0, "review_status": "high_confidence_spatial_subset", "source_snapshot_date": "GIS parcel 2026-07-10; subdivision 2026-06-27; appraisal retrieved 2026-08-13 (2027 current)", "stroke": "#176B66", "stroke-width": 1, "stroke-opacity": 0.7, "fill": "#2A9D8F", "fill-opacity": 0.22}}, {"type": "Feature", "geometry": {"type": "Polygon", "coordinates": [[[-97.03716829794863, 32.60204571320786], [-97.03782372949891, 32.60168974139916], [-97.03780946767809, 32.602514174811894], [-97.03809280043713, 32.60291258052253], [-97.03777296191515, 32.60312680596258], [-97.03641025500622, 32.603779422179294], [-97.03593325176978, 32.60372714899933], [-97.03595539628029, 32.6023911092349], [-97.03665479285299, 32.602261647545355], [-97.03716829794863, 32.60204571320786]]]}, "properties": {"title": "LAKE RIDGE COMMONS NORTH | 2 Future Lots", "description": "Grand Prairie | Single-Family | Total 49 | Built 47 | Future Lots 2 | Future Units 2 | 27_parcels_with_year_built_since_2024", "feature_role": "project_boundary", "legend_category": "Other Active Residential", "rank": null, "project_id": "DCAD-SUBD-ROW13263-72c5d57829", "subdivision_number": null, "subdivision_name": "LAKE RIDGE COMMONS NORTH", "city": "Grand Prairie", "housing_type": "Single-Family", "total_lots": 49, "built_lots": 47, "future_lots": 2, "future_units": 2, "activity_status": "active_residential", "active_evidence": "27_parcels_with_year_built_since_2024", "match_confidence": 1.0, "review_status": "high_confidence_spatial_subset", "source_snapshot_date": "GIS parcel 2026-07-10; subdivision 2026-06-27; appraisal retrieved 2026-08-13 (2027 current)", "stroke": "#176B66", "stroke-width": 1, "stroke-opacity": 0.7, "fill": "#2A9D8F", "fill-opacity": 0.22}}, {"type": "Feature", "geometry": {"type": "Polygon", "coordinates": [[[-96.81491658617205, 32.83496649815055], [-96.81473549833878, 32.836532004569], [-96.81055571521938, 32.83651642596895], [-96.81052451722893, 32.83376718504064], [-96.81025897267217, 32.83227473843337], [-96.81308507230882, 32.83229997909926], [-96.81309863271571, 32.833852991818965], [-96.81505710327096, 32.83391582323912], [-96.81491658617205, 32.83496649815055]]]}, "properties": {"title": "HIGHLAND PARK WEST 4 | 2 Future Lots", "description": "Highland Park | Single-Family | Total 172 | Built 170 | Future Lots 2 | Future Units 2 | 2_parcels_with_year_built_since_2024; 2_parcels_with_incomplete_official_structure_records", "feature_role": "project_boundary", "legend_category": "Other Active Residential", "rank": null, "project_id": "DCAD-SUBD-ROW10883-cf6adaf2e5", "subdivision_number": null, "subdivision_name": "HIGHLAND PARK WEST 4", "city": "Highland Park", "housing_type": "Single-Family", "total_lots": 172, "built_lots": 170, "future_lots": 2, "future_units": 2, "activity_status": "active_residential", "active_evidence": "2_parcels_with_year_built_since_2024; 2_parcels_with_incomplete_official_structure_records", "match_confidence": 1.0, "review_status": "high_confidence_spatial_subset", "source_snapshot_date": "GIS parcel 2026-07-10; subdivision 2026-06-27; appraisal retrieved 2026-08-13 (2027 current)", "stroke": "#176B66", "stroke-width": 1, "stroke-opacity": 0.7, "fill": "#2A9D8F", "fill-opacity": 0.22}}, {"type": "Feature", "geometry": {"type": "Polygon", "coordinates": [[[-96.83967167384986, 32.7553208763931], [-96.8397092521092, 32.75104630830205], [-96.83909606960732, 32.75064662009386], [-96.83910797498977, 32.750522198979986], [-96.83765838732695, 32.75050816105037], [-96.83763675543553, 32.749575214955925], [-96.84404308224389, 32.74958316828937], [-96.84398639533852, 32.75240225650926], [-96.8427702523456, 32.75372924079258], [-96.84272224819061, 32.755344001783946], [-96.83967167384986, 32.7553208763931]]]}, "properties": {"title": "OAK CLIFF ANNEX | 2 Future Lots", "description": "Dallas | Mixed-Use | Total 219 | Built 217 | Future Lots 2 | Future Units not quantified | 1_parcels_with_year_built_since_2024", "feature_role": "project_boundary", "legend_category": "Other Active Residential", "rank": null, "project_id": "DCAD-SUBD-ROW17320-4173f2c8a3", "subdivision_number": null, "subdivision_name": "OAK CLIFF ANNEX", "city": "Dallas", "housing_type": "Mixed-Use", "total_lots": 219, "built_lots": 217, "future_lots": 2, "future_units": null, "activity_status": "active_residential", "active_evidence": "1_parcels_with_year_built_since_2024", "match_confidence": 0.999888, "review_status": "high_confidence_spatial_subset", "source_snapshot_date": "GIS parcel 2026-07-10; subdivision 2026-06-27; appraisal retrieved 2026-08-13 (2027 current)", "stroke": "#176B66", "stroke-width": 1, "stroke-opacity": 0.7, "fill": "#2A9D8F", "fill-opacity": 0.22}}, {"type": "Feature", "geometry": {"type": "Polygon", "coordinates": [[[-96.754685409458, 32.80240845209854], [-96.75320340653096, 32.80112841702241], [-96.75471457349234, 32.79987806277914], [-96.75620337806525, 32.80116399794234], [-96.754685409458, 32.80240845209854]]]}, "properties": {"title": "G T HAWPES HOMESTEAD | 2 Future Lots", "description": "Dallas | Mixed-Use | Total 50 | Built 48 | Future Lots 2 | Future Units not quantified | 1_parcels_with_year_built_since_2024", "feature_role": "project_boundary", "legend_category": "Other Active Residential", "rank": null, "project_id": "DCAD-SUBD-ROW8806-7fafd4f1c8", "subdivision_number": null, "subdivision_name": "G T HAWPES HOMESTEAD", "city": "Dallas", "housing_type": "Mixed-Use", "total_lots": 50, "built_lots": 48, "future_lots": 2, "future_units": null, "activity_status": "active_residential", "active_evidence": "1_parcels_with_year_built_since_2024", "match_confidence": 1.0, "review_status": "high_confidence_spatial_subset", "source_snapshot_date": "GIS parcel 2026-07-10; subdivision 2026-06-27; appraisal retrieved 2026-08-13 (2027 current)", "stroke": "#176B66", "stroke-width": 1, "stroke-opacity": 0.7, "fill": "#2A9D8F", "fill-opacity": 0.22}}, {"type": "Feature", "geometry": {"type": "Polygon", "coordinates": [[[-96.74435377522452, 32.786851099385515], [-96.74430824294002, 32.78780332752721], [-96.7407416146992, 32.787817971054295], [-96.74086299464507, 32.78502416981566], [-96.74436279086363, 32.785039997775435], [-96.74435377522452, 32.786851099385515]], [[-96.74189391224304, 32.787250427343004], [-96.74189672522196, 32.78687110962106], [-96.74157132055237, 32.786869387108446], [-96.74156850618255, 32.78724870482303], [-96.74189391224304, 32.787250427343004]]]}, "properties": {"title": "PARK VIEW ANNEX | 2 Future Lots", "description": "Dallas | Single-Family | Total 91 | Built 89 | Future Lots 2 | Future Units 2 | 1_parcels_with_year_built_since_2024; 1_parcels_with_incomplete_official_structure_records", "feature_role": "project_boundary", "legend_category": "Other Active Residential", "rank": null, "project_id": "DCAD-SUBD-ROW18118-473858aa7c", "subdivision_number": null, "subdivision_name": "PARK VIEW ANNEX", "city": "Dallas", "housing_type": "Single-Family", "total_lots": 91, "built_lots": 89, "future_lots": 2, "future_units": 2, "activity_status": "active_residential", "active_evidence": "1_parcels_with_year_built_since_2024; 1_parcels_with_incomplete_official_structure_records", "match_confidence": 1.0, "review_status": "high_confidence_spatial_subset", "source_snapshot_date": "GIS parcel 2026-07-10; subdivision 2026-06-27; appraisal retrieved 2026-08-13 (2027 current)", "stroke": "#176B66", "stroke-width": 1, "stroke-opacity": 0.7, "fill": "#2A9D8F", "fill-opacity": 0.22}}, {"type": "Feature", "geometry": {"type": "Polygon", "coordinates": [[[-96.52708962332021, 32.88311930668399], [-96.52608742992184, 32.882330382792986], [-96.52496756011388, 32.88159944607721], [-96.52663482784774, 32.879621094113126], [-96.52707210821761, 32.88066522447206], [-96.52723335872956, 32.88090515259011], [-96.52763036396935, 32.881217369938284], [-96.5281302209851, 32.88138172290847], [-96.52780892095447, 32.882376481163384], [-96.52708962332021, 32.88311930668399]]]}, "properties": {"title": "BAYSIDE TOWNHOMES | 2 Future Lots", "description": "Rowlett | Single-Family | Total 118 | Built 116 | Future Lots 2 | Future Units 2 | 43_parcels_with_year_built_since_2024; 14_parcels_with_incomplete_official_structure_records", "feature_role": "project_boundary", "legend_category": "Other Active Residential", "rank": null, "project_id": "DCAD-SUBD-05275-977ccb0ab3", "subdivision_number": "05275", "subdivision_name": "BAYSIDE TOWNHOMES", "city": "Rowlett", "housing_type": "Single-Family", "total_lots": 118, "built_lots": 116, "future_lots": 2, "future_units": 2, "activity_status": "active_residential", "active_evidence": "43_parcels_with_year_built_since_2024; 14_parcels_with_incomplete_official_structure_records", "match_confidence": 1.0, "review_status": "high_confidence_spatial_subset", "source_snapshot_date": "GIS parcel 2026-07-10; subdivision 2026-06-27; appraisal retrieved 2026-08-13 (2027 current)", "stroke": "#176B66", "stroke-width": 1, "stroke-opacity": 0.7, "fill": "#2A9D8F", "fill-opacity": 0.22}}, {"type": "Feature", "geometry": {"type": "Polygon", "coordinates": [[[-97.02809539933905, 32.64749956926208], [-97.02818544207409, 32.64681281569966], [-97.02820314800542, 32.64598832521823], [-97.02828587970829, 32.6459208043161], [-97.02997780520928, 32.64594554546436], [-97.02991470612302, 32.64755576982853], [-97.02981505517835, 32.647592776915275], [-97.02808639899729, 32.647568218408075], [-97.02809539933905, 32.64749956926208]]]}, "properties": {"title": "NOBLE RESIDENCY ESTATES | 2 Future Lots", "description": "Grand Prairie | Single-Family | Total 21 | Built 19 | Future Lots 2 | Future Units 2 | 1_parcels_with_year_built_since_2024", "feature_role": "project_boundary", "legend_category": "Other Active Residential", "rank": null, "project_id": "DCAD-SUBD-55041-846d47f299", "subdivision_number": "55041", "subdivision_name": "NOBLE RESIDENCY ESTATES", "city": "Grand Prairie", "housing_type": "Single-Family", "total_lots": 21, "built_lots": 19, "future_lots": 2, "future_units": 2, "activity_status": "active_residential", "active_evidence": "1_parcels_with_year_built_since_2024", "match_confidence": 1.0, "review_status": "high_confidence_spatial_subset", "source_snapshot_date": "GIS parcel 2026-07-10; subdivision 2026-06-27; appraisal retrieved 2026-08-13 (2027 current)", "stroke": "#176B66", "stroke-width": 1, "stroke-opacity": 0.7, "fill": "#2A9D8F", "fill-opacity": 0.22}}, {"type": "Feature", "geometry": {"type": "Polygon", "coordinates": [[[-96.76166914804621, 32.82425980533637], [-96.76163837424978, 32.82206894771287], [-96.7700467321934, 32.82208846001237], [-96.77003765308694, 32.822515551566966], [-96.76954934113694, 32.82251436439555], [-96.76954802911695, 32.82289918389845], [-96.76971651264087, 32.82289959330399], [-96.76972133130276, 32.823402703685986], [-96.77004482054679, 32.82340186909183], [-96.77003529754359, 32.824324113314766], [-96.76587520450528, 32.824344545742996], [-96.76571181359971, 32.824299932071774], [-96.76166914804621, 32.82425980533637]]]}, "properties": {"title": "DELMAR HEIGHTS | 2 Future Lots", "description": "Dallas | Mixed-Use | Total 215 | Built 213 | Future Lots 2 | Future Units not quantified | 4_parcels_with_year_built_since_2024; 2_parcels_with_incomplete_official_structure_records", "feature_role": "project_boundary", "legend_category": "Other Active Residential", "rank": null, "project_id": "DCAD-SUBD-ROW6322-8db16abafb", "subdivision_number": null, "subdivision_name": "DELMAR HEIGHTS", "city": "Dallas", "housing_type": "Mixed-Use", "total_lots": 215, "built_lots": 213, "future_lots": 2, "future_units": null, "activity_status": "active_residential", "active_evidence": "4_parcels_with_year_built_since_2024; 2_parcels_with_incomplete_official_structure_records", "match_confidence": 0.999957, "review_status": "high_confidence_spatial_subset", "source_snapshot_date": "GIS parcel 2026-07-10; subdivision 2026-06-27; appraisal retrieved 2026-08-13 (2027 current)", "stroke": "#176B66", "stroke-width": 1, "stroke-opacity": 0.7, "fill": "#2A9D8F", "fill-opacity": 0.22}}, {"type": "Feature", "geometry": {"type": "Polygon", "coordinates": [[[-96.77681427139177, 32.86180671295618], [-96.77679282365348, 32.8587469474751], [-96.78021657620612, 32.858718647928654], [-96.78024553571807, 32.86177835141694], [-96.77681427139177, 32.86180671295618]]]}, "properties": {"title": "CARUTH HILLS NO 8 | 2 Future Lots", "description": "Dallas | Single-Family | Total 100 | Built 98 | Future Lots 2 | Future Units 2 | 4_parcels_with_year_built_since_2024; 2_parcels_with_incomplete_official_structure_records", "feature_role": "project_boundary", "legend_category": "Other Active Residential", "rank": null, "project_id": "DCAD-SUBD-ROW3609-03d641f248", "subdivision_number": null, "subdivision_name": "CARUTH HILLS NO 8", "city": "Dallas", "housing_type": "Single-Family", "total_lots": 100, "built_lots": 98, "future_lots": 2, "future_units": 2, "activity_status": "active_residential", "active_evidence": "4_parcels_with_year_built_since_2024; 2_parcels_with_incomplete_official_structure_records", "match_confidence": 1.0, "review_status": "high_confidence_spatial_subset", "source_snapshot_date": "GIS parcel 2026-07-10; subdivision 2026-06-27; appraisal retrieved 2026-08-13 (2027 current)", "stroke": "#176B66", "stroke-width": 1, "stroke-opacity": 0.7, "fill": "#2A9D8F", "fill-opacity": 0.22}}, {"type": "Feature", "geometry": {"type": "Polygon", "coordinates": [[[-96.92462479831129, 32.699672930780345], [-96.92477248839246, 32.69997455786388], [-96.92319354769758, 32.69995278248917], [-96.92319809166064, 32.69965726838464], [-96.92462479831129, 32.699672930780345]]]}, "properties": {"title": "VIDA | 2 Future Lots", "description": "Dallas | Mixed-Use | Total 3 | Built 1 | Future Lots 2 | Future Units not quantified | 1_parcels_with_year_built_since_2024", "feature_role": "project_boundary", "legend_category": "Other Active Residential", "rank": null, "project_id": "DCAD-SUBD-ROW26681-8b4d426d03", "subdivision_number": null, "subdivision_name": "VIDA", "city": "Dallas", "housing_type": "Mixed-Use", "total_lots": 3, "built_lots": 1, "future_lots": 2, "future_units": null, "activity_status": "active_residential", "active_evidence": "1_parcels_with_year_built_since_2024", "match_confidence": 1.0, "review_status": "high_confidence_spatial_subset", "source_snapshot_date": "GIS parcel 2026-07-10; subdivision 2026-06-27; appraisal retrieved 2026-08-13 (2027 current)", "stroke": "#176B66", "stroke-width": 1, "stroke-opacity": 0.7, "fill": "#2A9D8F", "fill-opacity": 0.22}}, {"type": "Feature", "geometry": {"type": "Polygon", "coordinates": [[[-96.79143781326975, 32.871094290156364], [-96.79143760023727, 32.87147861600901], [-96.78968495987542, 32.87147834316277], [-96.78969139112193, 32.87295231750663], [-96.78696740138362, 32.872951852559694], [-96.78691178244375, 32.870667989427155], [-96.79143803423388, 32.870668735158844], [-96.79143781326975, 32.871094290156364]]]}, "properties": {"title": "PRESTON HILLS NO 3 | 2 Future Lots", "description": "Dallas | Single-Family | Total 75 | Built 73 | Future Lots 2 | Future Units 2 | 1_parcels_with_year_built_since_2024", "feature_role": "project_boundary", "legend_category": "Other Active Residential", "rank": null, "project_id": "DCAD-SUBD-ROW19275-afc56d5745", "subdivision_number": null, "subdivision_name": "PRESTON HILLS NO 3", "city": "Dallas", "housing_type": "Single-Family", "total_lots": 75, "built_lots": 73, "future_lots": 2, "future_units": 2, "activity_status": "active_residential", "active_evidence": "1_parcels_with_year_built_since_2024", "match_confidence": 1.0, "review_status": "high_confidence_spatial_subset", "source_snapshot_date": "GIS parcel 2026-07-10; subdivision 2026-06-27; appraisal retrieved 2026-08-13 (2027 current)", "stroke": "#176B66", "stroke-width": 1, "stroke-opacity": 0.7, "fill": "#2A9D8F", "fill-opacity": 0.22}}, {"type": "Feature", "geometry": {"type": "Polygon", "coordinates": [[[-97.03782393619764, 32.60146100989184], [-97.03716366959458, 32.601819607738584], [-97.03684843369747, 32.60137468816376], [-97.03688332458319, 32.599266179699], [-97.03786035939406, 32.599277757014384], [-97.03782393619764, 32.60146100989184]]]}, "properties": {"title": "LAKE RIDGE COMMONS SOUTH | 2 Future Lots", "description": "Grand Prairie | Single-Family | Total 47 | Built 45 | Future Lots 2 | Future Units 2 | 12_parcels_with_year_built_since_2024", "feature_role": "project_boundary", "legend_category": "Other Active Residential", "rank": null, "project_id": "DCAD-SUBD-11551-2fdafdb556", "subdivision_number": "11551", "subdivision_name": "LAKE RIDGE COMMONS SOUTH", "city": "Grand Prairie", "housing_type": "Single-Family", "total_lots": 47, "built_lots": 45, "future_lots": 2, "future_units": 2, "activity_status": "active_residential", "active_evidence": "12_parcels_with_year_built_since_2024", "match_confidence": 1.0, "review_status": "high_confidence_spatial_subset", "source_snapshot_date": "GIS parcel 2026-07-10; subdivision 2026-06-27; appraisal retrieved 2026-08-13 (2027 current)", "stroke": "#176B66", "stroke-width": 1, "stroke-opacity": 0.7, "fill": "#2A9D8F", "fill-opacity": 0.22}}, {"type": "Feature", "geometry": {"type": "Polygon", "coordinates": [[[-96.85641486507849, 32.83433514125528], [-96.85708667761655, 32.83378212845313], [-96.8574029933998, 32.83403815126925], [-96.85674478663141, 32.83460736283177], [-96.85641486507849, 32.83433514125528]]]}, "properties": {"title": "MOHAWK TOWNHOMES | 2 Future Lots", "description": "Dallas | Single-Family | Total 13 | Built 11 | Future Lots 2 | Future Units 2 | 11_parcels_with_year_built_since_2024", "feature_role": "project_boundary", "legend_category": "Other Active Residential", "rank": null, "project_id": "DCAD-SUBD-ROW16098-ff2610fc5f", "subdivision_number": null, "subdivision_name": "MOHAWK TOWNHOMES", "city": "Dallas", "housing_type": "Single-Family", "total_lots": 13, "built_lots": 11, "future_lots": 2, "future_units": 2, "activity_status": "active_residential", "active_evidence": "11_parcels_with_year_built_since_2024", "match_confidence": 1.0, "review_status": "high_confidence_spatial_subset", "source_snapshot_date": "GIS parcel 2026-07-10; subdivision 2026-06-27; appraisal retrieved 2026-08-13 (2027 current)", "stroke": "#176B66", "stroke-width": 1, "stroke-opacity": 0.7, "fill": "#2A9D8F", "fill-opacity": 0.22}}, {"type": "Feature", "geometry": {"type": "Polygon", "coordinates": [[[-96.83565764996285, 32.785354556521526], [-96.83565228929548, 32.78394648573786], [-96.8352482382794, 32.783947582992944], [-96.83524113320568, 32.78215720318806], [-96.83631826225246, 32.782159867636494], [-96.83633101362858, 32.785367117192656], [-96.83565764996285, 32.785354556521526]]]}, "properties": {"title": "TIPTON ANNEX NO 2 | 2 Future Lots", "description": "Dallas | Single-Family | Total 25 | Built 23 | Future Lots 2 | Future Units 2 | 2_parcels_with_year_built_since_2024; 1_parcels_with_incomplete_official_structure_records", "feature_role": "project_boundary", "legend_category": "Other Active Residential", "rank": null, "project_id": "DCAD-SUBD-ROW24626-1070723bfd", "subdivision_number": null, "subdivision_name": "TIPTON ANNEX NO 2", "city": "Dallas", "housing_type": "Single-Family", "total_lots": 25, "built_lots": 23, "future_lots": 2, "future_units": 2, "activity_status": "active_residential", "active_evidence": "2_parcels_with_year_built_since_2024; 1_parcels_with_incomplete_official_structure_records", "match_confidence": 1.0, "review_status": "high_confidence_spatial_subset", "source_snapshot_date": "GIS parcel 2026-07-10; subdivision 2026-06-27; appraisal retrieved 2026-08-13 (2027 current)", "stroke": "#176B66", "stroke-width": 1, "stroke-opacity": 0.7, "fill": "#2A9D8F", "fill-opacity": 0.22}}, {"type": "Feature", "geometry": {"type": "Polygon", "coordinates": [[[-96.75340616890846, 32.73620419254009], [-96.75343918145745, 32.73617546216287], [-96.75344221922907, 32.73692058831026], [-96.75312830739408, 32.73693310022708], [-96.75312723264862, 32.73719436165226], [-96.75344220635756, 32.73718380552729], [-96.75342755569959, 32.7377967389735], [-96.75314557783345, 32.73780975608451], [-96.7531464342654, 32.73758165700539], [-96.75086646290029, 32.737686571884176], [-96.75087770421257, 32.734808898779086], [-96.75348181878641, 32.7346887107886], [-96.75346495355906, 32.73569203112562], [-96.75249042489915, 32.73573192675932], [-96.75248531144851, 32.73598543389723], [-96.75281018628374, 32.735972686016126], [-96.75280509508123, 32.73622676115705], [-96.75340616890846, 32.73620419254009]]]}, "properties": {"title": "LINCOLN MANOR 3 | 2 Future Lots", "description": "Dallas | Single-Family | Total 75 | Built 73 | Future Lots 2 | Future Units 2 | 2_parcels_with_year_built_since_2024", "feature_role": "project_boundary", "legend_category": "Other Active Residential", "rank": null, "project_id": "DCAD-SUBD-7075-e9d06ea348", "subdivision_number": "7075", "subdivision_name": "LINCOLN MANOR 3", "city": "Dallas", "housing_type": "Single-Family", "total_lots": 75, "built_lots": 73, "future_lots": 2, "future_units": 2, "activity_status": "active_residential", "active_evidence": "2_parcels_with_year_built_since_2024", "match_confidence": 1.0, "review_status": "high_confidence_spatial_subset", "source_snapshot_date": "GIS parcel 2026-07-10; subdivision 2026-06-27; appraisal retrieved 2026-08-13 (2027 current)", "stroke": "#176B66", "stroke-width": 1, "stroke-opacity": 0.7, "fill": "#2A9D8F", "fill-opacity": 0.22}}, {"type": "Feature", "geometry": {"type": "Polygon", "coordinates": [[[-96.64310273016761, 32.80519403634346], [-96.64243484793477, 32.806025106692495], [-96.64143861525599, 32.80687692263832], [-96.6408233113673, 32.806357023008445], [-96.64162930044965, 32.8056566303573], [-96.64245779335144, 32.804713888108566], [-96.64310273016761, 32.80519403634346]]]}, "properties": {"title": "VILLAS AT TOWN EAST | 2 Future Lots", "description": "Mesquite | Single-Family | Total 47 | Built 45 | Future Lots 2 | Future Units 2 | 36_parcels_with_year_built_since_2024", "feature_role": "project_boundary", "legend_category": "Other Active Residential", "rank": null, "project_id": "DCAD-SUBD-22561-bff9248586", "subdivision_number": "22561", "subdivision_name": "VILLAS AT TOWN EAST", "city": "Mesquite", "housing_type": "Single-Family", "total_lots": 47, "built_lots": 45, "future_lots": 2, "future_units": 2, "activity_status": "active_residential", "active_evidence": "36_parcels_with_year_built_since_2024", "match_confidence": 1.0, "review_status": "high_confidence_spatial_subset", "source_snapshot_date": "GIS parcel 2026-07-10; subdivision 2026-06-27; appraisal retrieved 2026-08-13 (2027 current)", "stroke": "#176B66", "stroke-width": 1, "stroke-opacity": 0.7, "fill": "#2A9D8F", "fill-opacity": 0.22}}, {"type": "Feature", "geometry": {"type": "Polygon", "coordinates": [[[-96.58055343431504, 32.85095856989378], [-96.58056460485619, 32.84872202423394], [-96.58251601659815, 32.848799298984886], [-96.58248006122187, 32.850984309644645], [-96.58055343431504, 32.85095856989378]]]}, "properties": {"title": "TRICON GARLAND | 2 Future Lots", "description": "Garland | Single-Family | Total 103 | Built 101 | Future Lots 2 | Future Units 2 | 101_parcels_with_year_built_since_2024; 21_parcels_with_incomplete_official_structure_records", "feature_role": "project_boundary", "legend_category": "Other Active Residential", "rank": null, "project_id": "DCAD-SUBD-61251-2bb83e2eb2", "subdivision_number": "61251", "subdivision_name": "TRICON GARLAND", "city": "Garland", "housing_type": "Single-Family", "total_lots": 103, "built_lots": 101, "future_lots": 2, "future_units": 2, "activity_status": "active_residential", "active_evidence": "101_parcels_with_year_built_since_2024; 21_parcels_with_incomplete_official_structure_records", "match_confidence": 1.0, "review_status": "high_confidence_spatial_subset", "source_snapshot_date": "GIS parcel 2026-07-10; subdivision 2026-06-27; appraisal retrieved 2026-08-13 (2027 current)", "stroke": "#176B66", "stroke-width": 1, "stroke-opacity": 0.7, "fill": "#2A9D8F", "fill-opacity": 0.22}}, {"type": "Feature", "geometry": {"type": "Polygon", "coordinates": [[[-96.63551288595781, 32.71207119717864], [-96.63540000022793, 32.71933494363266], [-96.63131374277837, 32.719301844827314], [-96.63131753205361, 32.716124297983036], [-96.63207575060457, 32.71613053552104], [-96.63207610919106, 32.715828173744924], [-96.63131577978652, 32.71582191817091], [-96.63136009007403, 32.71216440269062], [-96.63551288595781, 32.71207119717864]], [[-96.6320817383767, 32.715855231945625], [-96.63207996168246, 32.71621256562048], [-96.63282130226276, 32.71621519774725], [-96.63282307597422, 32.71585786406183], [-96.6320817383767, 32.715855231945625]]]}, "properties": {"title": "OAK PARK | 2 Future Lots", "description": "Balch Springs | Single-Family | Total 114 | Built 112 | Future Lots 2 | Future Units 2 | 4_parcels_with_year_built_since_2024; 2_parcels_with_incomplete_official_structure_records", "feature_role": "project_boundary", "legend_category": "Other Active Residential", "rank": null, "project_id": "DCAD-SUBD-05050-e2dee776e3", "subdivision_number": "05050", "subdivision_name": "OAK PARK", "city": "Balch Springs", "housing_type": "Single-Family", "total_lots": 114, "built_lots": 112, "future_lots": 2, "future_units": 2, "activity_status": "active_residential", "active_evidence": "4_parcels_with_year_built_since_2024; 2_parcels_with_incomplete_official_structure_records", "match_confidence": 0.999466, "review_status": "high_confidence_spatial_subset", "source_snapshot_date": "GIS parcel 2026-07-10; subdivision 2026-06-27; appraisal retrieved 2026-08-13 (2027 current)", "stroke": "#176B66", "stroke-width": 1, "stroke-opacity": 0.7, "fill": "#2A9D8F", "fill-opacity": 0.22}}, {"type": "Feature", "geometry": {"type": "Polygon", "coordinates": [[[-96.70890936979775, 32.724274795595306], [-96.70793382847187, 32.72427224602981], [-96.70794997178893, 32.71986465629998], [-96.70835642582217, 32.71986571867594], [-96.70835460719726, 32.720363239475454], [-96.70892364603698, 32.72036472512643], [-96.70890936979775, 32.724274795595306]]]}, "properties": {"title": "PLEASANT HEIGHTS 2 | 2 Future Lots", "description": "Dallas | Single-Family | Total 52 | Built 49 | Future Lots 2 | Future Units 2 | 1_parcels_with_year_built_since_2024", "feature_role": "project_boundary", "legend_category": "Other Active Residential", "rank": null, "project_id": "DCAD-SUBD-ROW18962-66a0946300", "subdivision_number": null, "subdivision_name": "PLEASANT HEIGHTS 2", "city": "Dallas", "housing_type": "Single-Family", "total_lots": 52, "built_lots": 49, "future_lots": 2, "future_units": 2, "activity_status": "active_residential", "active_evidence": "1_parcels_with_year_built_since_2024", "match_confidence": 0.999999, "review_status": "high_confidence_spatial_subset", "source_snapshot_date": "GIS parcel 2026-07-10; subdivision 2026-06-27; appraisal retrieved 2026-08-13 (2027 current)", "stroke": "#176B66", "stroke-width": 1, "stroke-opacity": 0.7, "fill": "#2A9D8F", "fill-opacity": 0.22}}, {"type": "Feature", "geometry": {"type": "Polygon", "coordinates": [[[-96.80671466463858, 32.74698948162153], [-96.80652951411923, 32.74708337557582], [-96.80618069335029, 32.74710093041365], [-96.80661581504621, 32.74588733192487], [-96.80708216368757, 32.74600850030378], [-96.80671466463858, 32.74698948162153]]]}, "properties": {"title": "W J STORMS SPRINGDALE BLK 3120 | 2 Future Lots", "description": "Dallas | Single-Family | Total 7 | Built 4 | Future Lots 2 | Future Units 2 | 1_parcels_with_year_built_since_2024", "feature_role": "project_boundary", "legend_category": "Other Active Residential", "rank": null, "project_id": "DCAD-SUBD-ROW26991-b21160d9f1", "subdivision_number": null, "subdivision_name": "W J STORMS SPRINGDALE BLK 3120", "city": "Dallas", "housing_type": "Single-Family", "total_lots": 7, "built_lots": 4, "future_lots": 2, "future_units": 2, "activity_status": "active_residential", "active_evidence": "1_parcels_with_year_built_since_2024", "match_confidence": 1.0, "review_status": "high_confidence_spatial_subset", "source_snapshot_date": "GIS parcel 2026-07-10; subdivision 2026-06-27; appraisal retrieved 2026-08-13 (2027 current)", "stroke": "#176B66", "stroke-width": 1, "stroke-opacity": 0.7, "fill": "#2A9D8F", "fill-opacity": 0.22}}, {"type": "Feature", "geometry": {"type": "Polygon", "coordinates": [[[-96.8687329452148, 32.943396113872936], [-96.86863800508438, 32.94354763090285], [-96.86859693369549, 32.94352295256732], [-96.86831569951413, 32.943807585160236], [-96.86595440085217, 32.9421436054848], [-96.8657550362849, 32.94206962853152], [-96.86554869717888, 32.94203255881548], [-96.86431302323598, 32.94203558400528], [-96.86343564288508, 32.9422769710877], [-96.86331845364496, 32.94222320014278], [-96.86325695723944, 32.942027483845926], [-96.86321564976197, 32.94204745570402], [-96.86337189499248, 32.94255103574784], [-96.8638500139886, 32.942568312069746], [-96.86550491510678, 32.94290342382335], [-96.86715896733058, 32.94408107667196], [-96.86555499214262, 32.9450483162163], [-96.86496078061234, 32.945976560263176], [-96.86221663020294, 32.94446429183031], [-96.86325013237601, 32.942700632228515], [-96.86301570254709, 32.94194524659853], [-96.86372355408687, 32.94160449376062], [-96.86383892736731, 32.94109469111152], [-96.86392043848818, 32.94025593554315], [-96.86446662483229, 32.94011740936058], [-96.8648729491826, 32.94013786286594], [-96.86556501355096, 32.939337357912294], [-96.8658722367415, 32.93942798249951], [-96.86606663181206, 32.94104008404372], [-96.86887629004733, 32.943020459777706], [-96.86866984940615, 32.94335682203304], [-96.8687329452148, 32.943396113872936]]]}, "properties": {"title": "BROOKHAVEN HILLS WEST 2ND SECTION | 2 Future Lots", "description": "Farmers Branch | Single-Family | Total 72 | Built 70 | Future Lots 2 | Future Units 2 | 5_parcels_with_year_built_since_2024; 1_parcels_with_incomplete_official_structure_records", "feature_role": "project_boundary", "legend_category": "Other Active Residential", "rank": null, "project_id": "DCAD-SUBD-03150-8e0db6dbf5", "subdivision_number": "03150", "subdivision_name": "BROOKHAVEN HILLS WEST 2ND SECTION", "city": "Farmers Branch", "housing_type": "Single-Family", "total_lots": 72, "built_lots": 70, "future_lots": 2, "future_units": 2, "activity_status": "active_residential", "active_evidence": "5_parcels_with_year_built_since_2024; 1_parcels_with_incomplete_official_structure_records", "match_confidence": 0.999995, "review_status": "high_confidence_spatial_subset", "source_snapshot_date": "GIS parcel 2026-07-10; subdivision 2026-06-27; appraisal retrieved 2026-08-13 (2027 current)", "stroke": "#176B66", "stroke-width": 1, "stroke-opacity": 0.7, "fill": "#2A9D8F", "fill-opacity": 0.22}}, {"type": "Feature", "geometry": {"type": "Polygon", "coordinates": [[[-96.8285210438685, 32.76091263028206], [-96.82807493802885, 32.76114386586432], [-96.82746134923018, 32.76165703584211], [-96.82714682528962, 32.761815860067124], [-96.8270789947219, 32.76179586813798], [-96.82736046208113, 32.76087983931873], [-96.82734256779904, 32.75947454727382], [-96.82955694316966, 32.75946577216002], [-96.82964677221895, 32.75956624858857], [-96.82970161697688, 32.75956330169254], [-96.83056927133643, 32.75876651672685], [-96.83147868165473, 32.75877280346651], [-96.8314723366422, 32.76055030363812], [-96.83088890301917, 32.760554073092], [-96.83088971953889, 32.76038547859213], [-96.83046343114877, 32.760287730770614], [-96.82925339958098, 32.76032126747573], [-96.8291202647545, 32.76059361145962], [-96.82898473442529, 32.76073517108519], [-96.8285210438685, 32.76091263028206]], [[-96.82740719521743, 32.76090018725425], [-96.82734819629158, 32.76105739718203], [-96.82767582216303, 32.76114673768583], [-96.82775580785955, 32.76104909943009], [-96.82777689777454, 32.76076026178622], [-96.82740867324267, 32.76076011785785], [-96.82740719521743, 32.76090018725425]]]}, "properties": {"title": "EAST KESSLER PARK | 2 Future Lots", "description": "Dallas | Single-Family | Total 47 | Built 45 | Future Lots 2 | Future Units 2 | 2_parcels_with_year_built_since_2024; 1_parcels_with_incomplete_official_structure_records", "feature_role": "project_boundary", "legend_category": "Other Active Residential", "rank": null, "project_id": "DCAD-SUBD-ROW6963-6020da7351", "subdivision_number": null, "subdivision_name": "EAST KESSLER PARK", "city": "Dallas", "housing_type": "Single-Family", "total_lots": 47, "built_lots": 45, "future_lots": 2, "future_units": 2, "activity_status": "active_residential", "active_evidence": "2_parcels_with_year_built_since_2024; 1_parcels_with_incomplete_official_structure_records", "match_confidence": 1.0, "review_status": "high_confidence_spatial_subset", "source_snapshot_date": "GIS parcel 2026-07-10; subdivision 2026-06-27; appraisal retrieved 2026-08-13 (2027 current)", "stroke": "#176B66", "stroke-width": 1, "stroke-opacity": 0.7, "fill": "#2A9D8F", "fill-opacity": 0.22}}, {"type": "Feature", "geometry": {"type": "Polygon", "coordinates": [[[-96.77971822263412, 32.678324187689725], [-96.7794237596283, 32.67788412608321], [-96.77878781979493, 32.678191216264445], [-96.77618074140078, 32.674431386964265], [-96.7764636351595, 32.6742961401637], [-96.77666601364031, 32.674594223284736], [-96.77737517917214, 32.674255426040155], [-96.77717018796086, 32.673958654919], [-96.77688721460817, 32.67409384446517], [-96.77667575042086, 32.67378903773278], [-96.77587917686564, 32.6739916797407], [-96.77577213766772, 32.673846711634745], [-96.77586280760534, 32.67310557009163], [-96.77638857775621, 32.67295462977565], [-96.77608178836026, 32.67250205741128], [-96.77796985188756, 32.67161387906393], [-96.77906220353312, 32.671948742919916], [-96.78026230865918, 32.672859765138035], [-96.78053469076666, 32.673467682973914], [-96.78052020682095, 32.674387365311354], [-96.78111705786166, 32.67525555142866], [-96.78063672742383, 32.675487438518296], [-96.78077093504614, 32.675667802137596], [-96.78111172116066, 32.67566072359471], [-96.78135659566101, 32.67573215460371], [-96.78164248948363, 32.67599021138876], [-96.78019993654135, 32.676684397454714], [-96.78093310940602, 32.6777398241728], [-96.77971822263412, 32.678324187689725]], [[-96.77909389991572, 32.67262303823417], [-96.77894483500984, 32.67249643888795], [-96.77850189076807, 32.67293594068412], [-96.7783786346506, 32.67299105649356], [-96.77857042578178, 32.673293971126164], [-96.77900019684515, 32.67309933073889], [-96.77879326471243, 32.67289673403197], [-96.77909389991572, 32.67262303823417]]]}, "properties": {"title": "CARVER HEIGHTS ADDITION | 2 Future Lots", "description": "Dallas | Single-Family | Total 186 | Built 184 | Future Lots 2 | Future Units 2 | 24_parcels_with_year_built_since_2024; 5_parcels_with_incomplete_official_structure_records", "feature_role": "project_boundary", "legend_category": "Other Active Residential", "rank": null, "project_id": "DCAD-SUBD-ROW3650-f836026701", "subdivision_number": null, "subdivision_name": "CARVER HEIGHTS ADDITION", "city": "Dallas", "housing_type": "Single-Family", "total_lots": 186, "built_lots": 184, "future_lots": 2, "future_units": 2, "activity_status": "active_residential", "active_evidence": "24_parcels_with_year_built_since_2024; 5_parcels_with_incomplete_official_structure_records", "match_confidence": 1.0, "review_status": "high_confidence_spatial_subset", "source_snapshot_date": "GIS parcel 2026-07-10; subdivision 2026-06-27; appraisal retrieved 2026-08-13 (2027 current)", "stroke": "#176B66", "stroke-width": 1, "stroke-opacity": 0.7, "fill": "#2A9D8F", "fill-opacity": 0.22}}, {"type": "Feature", "geometry": {"type": "Polygon", "coordinates": [[[-96.8414514193369, 32.62731190536959], [-96.84140321150095, 32.62735355751782], [-96.84141487056178, 32.62830292621707], [-96.84146409083944, 32.628343720682544], [-96.8414645966909, 32.628384950174926], [-96.84141587585147, 32.62838537824441], [-96.84142889137064, 32.62944523068387], [-96.84001562856828, 32.62944721425301], [-96.84000674125362, 32.626173748402834], [-96.84210851731291, 32.62620183708791], [-96.84210600808919, 32.62730614805615], [-96.8414514193369, 32.62731190536959]]]}, "properties": {"title": "UHL GARDENS 1 | 2 Future Lots", "description": "No Town | Single-Family | Total 28 | Built 26 | Future Lots 2 | Future Units 2 | 1_parcels_with_incomplete_official_structure_records", "feature_role": "project_boundary", "legend_category": "Other Active Residential", "rank": null, "project_id": "DCAD-SUBD-21250-acb73d03ca", "subdivision_number": "21250", "subdivision_name": "UHL GARDENS 1", "city": "No Town", "housing_type": "Single-Family", "total_lots": 28, "built_lots": 26, "future_lots": 2, "future_units": 2, "activity_status": "active_residential", "active_evidence": "1_parcels_with_incomplete_official_structure_records", "match_confidence": 1.0, "review_status": "high_confidence_spatial_subset", "source_snapshot_date": "GIS parcel 2026-07-10; subdivision 2026-06-27; appraisal retrieved 2026-08-13 (2027 current)", "stroke": "#176B66", "stroke-width": 1, "stroke-opacity": 0.7, "fill": "#2A9D8F", "fill-opacity": 0.22}}, {"type": "Feature", "geometry": {"type": "Polygon", "coordinates": [[[-96.56145145583221, 32.85685920539135], [-96.56107260490276, 32.85677105086435], [-96.56137719458224, 32.85589749247746], [-96.56243485597682, 32.855273670591274], [-96.56265249936308, 32.854751416554514], [-96.56265490032766, 32.854005801389675], [-96.56514106591146, 32.85404879973462], [-96.56530498127395, 32.852734145076354], [-96.56544426490315, 32.85267684828065], [-96.56555089057025, 32.85303652055582], [-96.56550688758256, 32.85520591389455], [-96.56477292794064, 32.855235125289724], [-96.5642079494251, 32.85542413851175], [-96.56391788648027, 32.85561228351486], [-96.56285432146056, 32.85657813416966], [-96.56253059762375, 32.85676647874831], [-96.56199088011476, 32.85689904171718], [-96.56145145583221, 32.85685920539135]]]}, "properties": {"title": "BRIDGEWATER | 2 Future Lots", "description": "Garland | Single-Family | Total 78 | Built 76 | Future Lots 2 | Future Units 2 | 3_parcels_with_year_built_since_2024", "feature_role": "project_boundary", "legend_category": "Other Active Residential", "rank": null, "project_id": "DCAD-SUBD-04717-4fedab383a", "subdivision_number": "04717", "subdivision_name": "BRIDGEWATER", "city": "Garland", "housing_type": "Single-Family", "total_lots": 78, "built_lots": 76, "future_lots": 2, "future_units": 2, "activity_status": "active_residential", "active_evidence": "3_parcels_with_year_built_since_2024", "match_confidence": 1.0, "review_status": "high_confidence_spatial_subset", "source_snapshot_date": "GIS parcel 2026-07-10; subdivision 2026-06-27; appraisal retrieved 2026-08-13 (2027 current)", "stroke": "#176B66", "stroke-width": 1, "stroke-opacity": 0.7, "fill": "#2A9D8F", "fill-opacity": 0.22}}, {"type": "Feature", "geometry": {"type": "Polygon", "coordinates": [[[-96.89556939023123, 32.933214998247216], [-96.8953052369783, 32.93299579824285], [-96.89427418889372, 32.932597650063826], [-96.89391474032742, 32.93251054567157], [-96.89050298476346, 32.93243901934164], [-96.89011726818276, 32.93236256058017], [-96.88971565074566, 32.93217455999363], [-96.89016300699461, 32.93146010061456], [-96.89043519064019, 32.9308327192182], [-96.89097123113052, 32.93093311108358], [-96.89389437438652, 32.93098183211954], [-96.89460373878808, 32.931096813541004], [-96.89542880566756, 32.93134798296764], [-96.89634615030312, 32.931363919889144], [-96.89633940344584, 32.93268198401931], [-96.89641248448329, 32.93287673013023], [-96.89561071329635, 32.9332732597236], [-96.89556939023123, 32.933214998247216]]]}, "properties": {"title": "VALWOOD PARK #3 | 2 Future Lots", "description": "Farmers Branch | Single-Family | Total 127 | Built 125 | Future Lots 2 | Future Units 2 | 1_parcels_with_year_built_since_2024", "feature_role": "project_boundary", "legend_category": "Other Active Residential", "rank": null, "project_id": "DCAD-SUBD-19150-0e1b7dd663", "subdivision_number": "19150", "subdivision_name": "VALWOOD PARK #3", "city": "Farmers Branch", "housing_type": "Single-Family", "total_lots": 127, "built_lots": 125, "future_lots": 2, "future_units": 2, "activity_status": "active_residential", "active_evidence": "1_parcels_with_year_built_since_2024", "match_confidence": 0.999996, "review_status": "high_confidence_spatial_subset", "source_snapshot_date": "GIS parcel 2026-07-10; subdivision 2026-06-27; appraisal retrieved 2026-08-13 (2027 current)", "stroke": "#176B66", "stroke-width": 1, "stroke-opacity": 0.7, "fill": "#2A9D8F", "fill-opacity": 0.22}}, {"type": "Feature", "geometry": {"type": "Polygon", "coordinates": [[[-96.97903203526869, 32.70993108418065], [-96.97906915651593, 32.70783357444803], [-96.981255319844, 32.70785386267129], [-96.98126245076416, 32.70730414581993], [-96.97999455947382, 32.707292384196435], [-96.97999598830363, 32.7071823963175], [-96.98134129344976, 32.70719522101751], [-96.98135789265041, 32.7060822397276], [-96.98146628749988, 32.70587258583371], [-96.98184662297896, 32.70587792783233], [-96.9816833782588, 32.70612931425615], [-96.9816007731688, 32.70644455053428], [-96.98158536947244, 32.70747537264661], [-96.98175032475221, 32.70747786400418], [-96.98174296284085, 32.70785933991268], [-96.98213309598734, 32.70786199801202], [-96.98213906146877, 32.70755280874625], [-96.98441612566077, 32.70757387697248], [-96.9844213198112, 32.707053717512004], [-96.98455596378538, 32.70705410214687], [-96.9845495767358, 32.7079960764765], [-96.98503475774808, 32.707994768757025], [-96.98502835431553, 32.70857792537077], [-96.98454474695991, 32.70857219278242], [-96.98454231606172, 32.70877944017719], [-96.98552305126428, 32.70879139814697], [-96.98549670026469, 32.71038620272163], [-96.98438829865023, 32.71038799418331], [-96.98439495138396, 32.70987450937512], [-96.9828903187993, 32.7098710742338], [-96.98288596160316, 32.71044430158591], [-96.9790183369521, 32.71037626280032], [-96.97903203526869, 32.70993108418065]], [[-96.98501392362995, 32.70989659759136], [-96.98452926565547, 32.70989294148512], [-96.98452622522498, 32.710151148487746], [-96.98501113030251, 32.71015183864689], [-96.98501392362995, 32.70989659759136]], [[-96.98361570836785, 32.7097336778087], [-96.98361893218804, 32.70945917126474], [-96.98328643271982, 32.70945455489278], [-96.98328083058294, 32.709733080359705], [-96.98361570836785, 32.7097336778087]], [[-96.984412991543, 32.70907367239721], [-96.98408364951231, 32.709069132392464], [-96.98408195276339, 32.709273309826294], [-96.9844108626114, 32.7092784493417], [-96.984412991543, 32.70907367239721]], [[-96.98331383316636, 32.70798548455915], [-96.98331036381603, 32.708236236486904], [-96.98363327486943, 32.70824017777853], [-96.98363623664673, 32.70798672560623], [-96.98331383316636, 32.70798548455915]]]}, "properties": {"title": "MOUNTAIN LAKEVIEW | 2 Future Lots", "description": "Grand Prairie | Single-Family | Total 156 | Built 154 | Future Lots 2 | Future Units 2 | 1_parcels_with_year_built_since_2024", "feature_role": "project_boundary", "legend_category": "Other Active Residential", "rank": null, "project_id": "DCAD-SUBD-15750-e314c3c12e", "subdivision_number": "15750", "subdivision_name": "MOUNTAIN LAKEVIEW", "city": "Grand Prairie", "housing_type": "Single-Family", "total_lots": 156, "built_lots": 154, "future_lots": 2, "future_units": 2, "activity_status": "active_residential", "active_evidence": "1_parcels_with_year_built_since_2024", "match_confidence": 0.999994, "review_status": "high_confidence_spatial_subset", "source_snapshot_date": "GIS parcel 2026-07-10; subdivision 2026-06-27; appraisal retrieved 2026-08-13 (2027 current)", "stroke": "#176B66", "stroke-width": 1, "stroke-opacity": 0.7, "fill": "#2A9D8F", "fill-opacity": 0.22}}, {"type": "Feature", "geometry": {"type": "Polygon", "coordinates": [[[-96.56890129107302, 32.809785416200846], [-96.56908475395302, 32.80997838597811], [-96.56908119348692, 32.81013073485298], [-96.56874973216715, 32.811083444236246], [-96.56901514208671, 32.81123936810879], [-96.5686033710874, 32.8119408478395], [-96.56781254649528, 32.81306163017758], [-96.56781310461507, 32.813831273400666], [-96.56355901908897, 32.81384372027764], [-96.56359043340629, 32.80975680934599], [-96.56890129107302, 32.809785416200846]]]}, "properties": {"title": "STONEY CREEK PH 1B | 2 Future Lots", "description": "Sunnyvale | Single-Family | Total 23 | Built 21 | Future Lots 2 | Future Units 2 | 4_parcels_with_year_built_since_2024; 1_parcels_with_incomplete_official_structure_records", "feature_role": "project_boundary", "legend_category": "Other Active Residential", "rank": null, "project_id": "DCAD-SUBD-77550-66b1c6aaaa", "subdivision_number": "77550", "subdivision_name": "STONEY CREEK PH 1B", "city": "Sunnyvale", "housing_type": "Single-Family", "total_lots": 23, "built_lots": 21, "future_lots": 2, "future_units": 2, "activity_status": "active_residential", "active_evidence": "4_parcels_with_year_built_since_2024; 1_parcels_with_incomplete_official_structure_records", "match_confidence": 1.0, "review_status": "high_confidence_spatial_subset", "source_snapshot_date": "GIS parcel 2026-07-10; subdivision 2026-06-27; appraisal retrieved 2026-08-13 (2027 current)", "stroke": "#176B66", "stroke-width": 1, "stroke-opacity": 0.7, "fill": "#2A9D8F", "fill-opacity": 0.22}}, {"type": "Feature", "geometry": {"type": "Polygon", "coordinates": [[[-96.62262399970689, 32.7604233364491], [-96.62262904390484, 32.75959872569338], [-96.62268329632475, 32.75921163342415], [-96.62264749768161, 32.755960455137405], [-96.62549615954437, 32.755957330836516], [-96.6254894776024, 32.757145997022306], [-96.62721308481366, 32.757180875547384], [-96.62722297372797, 32.760447596360144], [-96.62262399970689, 32.7604233364491]]]}, "properties": {"title": "VALLEY VIEW HEIGHTS | 2 Future Lots", "description": "Mesquite | Single-Family | Total 161 | Built 159 | Future Lots 2 | Future Units 2 | 2_parcels_with_year_built_since_2024; 1_parcels_with_incomplete_official_structure_records", "feature_role": "project_boundary", "legend_category": "Other Active Residential", "rank": null, "project_id": "DCAD-SUBD-22450-429de45d2a", "subdivision_number": "22450", "subdivision_name": "VALLEY VIEW HEIGHTS", "city": "Mesquite", "housing_type": "Single-Family", "total_lots": 161, "built_lots": 159, "future_lots": 2, "future_units": 2, "activity_status": "active_residential", "active_evidence": "2_parcels_with_year_built_since_2024; 1_parcels_with_incomplete_official_structure_records", "match_confidence": 0.999924, "review_status": "high_confidence_spatial_subset", "source_snapshot_date": "GIS parcel 2026-07-10; subdivision 2026-06-27; appraisal retrieved 2026-08-13 (2027 current)", "stroke": "#176B66", "stroke-width": 1, "stroke-opacity": 0.7, "fill": "#2A9D8F", "fill-opacity": 0.22}}, {"type": "Feature", "geometry": {"type": "Polygon", "coordinates": [[[-96.7475122782888, 32.82760773822873], [-96.74771475564168, 32.82752636030879], [-96.74768817582081, 32.827098824565425], [-96.74837453576133, 32.82699686919078], [-96.75278121040076, 32.82713399449421], [-96.75276279779075, 32.831809401599], [-96.74924683460272, 32.83148169259757], [-96.74892196885834, 32.83061644816697], [-96.74771500205648, 32.83069519435839], [-96.7477624497951, 32.83046790690013], [-96.74669114495995, 32.82917008118708], [-96.74624149901257, 32.828965110059656], [-96.7462369878957, 32.82863775178254], [-96.74606861500644, 32.828436971261034], [-96.74587905657607, 32.82850728072434], [-96.74581856334332, 32.82797620514443], [-96.74705526969123, 32.827964621741145], [-96.74704635105242, 32.82761852123716], [-96.7475122782888, 32.82760773822873]]]}, "properties": {"title": "BOB-O-LINKS ESTATES | 2 Future Lots", "description": "Dallas | Single-Family | Total 180 | Built 178 | Future Lots 2 | Future Units 2 | 3_parcels_with_year_built_since_2024; 1_parcels_with_incomplete_official_structure_records", "feature_role": "project_boundary", "legend_category": "Other Active Residential", "rank": null, "project_id": "DCAD-SUBD-ROW2167-6b84fab2eb", "subdivision_number": null, "subdivision_name": "BOB-O-LINKS ESTATES", "city": "Dallas", "housing_type": "Single-Family", "total_lots": 180, "built_lots": 178, "future_lots": 2, "future_units": 2, "activity_status": "active_residential", "active_evidence": "3_parcels_with_year_built_since_2024; 1_parcels_with_incomplete_official_structure_records", "match_confidence": 0.999786, "review_status": "high_confidence_spatial_subset", "source_snapshot_date": "GIS parcel 2026-07-10; subdivision 2026-06-27; appraisal retrieved 2026-08-13 (2027 current)", "stroke": "#176B66", "stroke-width": 1, "stroke-opacity": 0.7, "fill": "#2A9D8F", "fill-opacity": 0.22}}, {"type": "Feature", "geometry": {"type": "Polygon", "coordinates": [[[-96.78978708466462, 32.857103208357174], [-96.78940208109644, 32.85710087254555], [-96.78935235757858, 32.85696769725871], [-96.789603968493, 32.856967424866816], [-96.78959754283846, 32.856527661267585], [-96.78928307798374, 32.85652800162368], [-96.78928579615234, 32.85648216510497], [-96.78982977608882, 32.8564822997733], [-96.78982334772142, 32.85604253614184], [-96.78931677246298, 32.856042438587714], [-96.78933105839019, 32.85591311208849], [-96.78965776466946, 32.855912758431394], [-96.78965133882454, 32.85547299478817], [-96.78950580056865, 32.85547315126512], [-96.7895669456092, 32.85542797615869], [-96.79004640121981, 32.85542745546607], [-96.79003997348259, 32.85498769182144], [-96.78989415650473, 32.85495218798071], [-96.79022915252678, 32.85465267103659], [-96.79023102085564, 32.85484485458281], [-96.79073579404405, 32.854844303842874], [-96.79072936293007, 32.85440454020805], [-96.79564421148065, 32.854397528577536], [-96.795651276613, 32.85545595252034], [-96.79542399287625, 32.8554565345351], [-96.79542976816495, 32.85589630232347], [-96.79565773378935, 32.85589571862449], [-96.79569225321767, 32.858020344750436], [-96.79455240139966, 32.85802163060782], [-96.79454595112594, 32.85758186731146], [-96.7940900123252, 32.85758237870359], [-96.79409646033763, 32.858022142023536], [-96.79364052089846, 32.85802265179149], [-96.79363407351916, 32.857582888425604], [-96.79281501325714, 32.857583798778116], [-96.79282145494601, 32.85802356216403], [-96.78975655227644, 32.85802514037265], [-96.78958562933747, 32.85754044507932], [-96.79005400792748, 32.857540321785194], [-96.79004761976972, 32.85710330923415], [-96.78978708466462, 32.857103208357174]], [[-96.79182891164723, 32.85753799575756], [-96.79221971593192, 32.85753756383462], [-96.7922132756347, 32.85709780037353], [-96.79182247328824, 32.857098232276286], [-96.79182891164723, 32.85753799575756]], [[-96.79324331333102, 32.85754853857606], [-96.79345444385952, 32.85754812660067], [-96.79344790127216, 32.85710836738355], [-96.79280851664366, 32.857109254666206], [-96.79281495826584, 32.85754901807358], [-96.79324331333102, 32.85754853857606]], [[-96.79408995683376, 32.857547597999606], [-96.79408350888811, 32.857107834658194], [-96.79366013954083, 32.85710830702483], [-96.79366658538675, 32.8575480703882], [-96.79408995683376, 32.857547597999606]], [[-96.79005131523947, 32.856042645877636], [-96.79005572179427, 32.85648242431423], [-96.79051165368381, 32.856481571676746], [-96.7905072448677, 32.85604179325624], [-96.79005131523947, 32.856042645877636]], [[-96.79096317413901, 32.85604129496565], [-96.7909696081595, 32.856481058538265], [-96.79142554131498, 32.856480558576365], [-96.79141910503333, 32.85604079502727], [-96.79096317413901, 32.85604129496565]], [[-96.79542996027197, 32.85604445681264], [-96.79497403057789, 32.85604550203125], [-96.79497830519634, 32.856485280900046], [-96.79543423712533, 32.85648423704], [-96.79542996027197, 32.85604445681264]], [[-96.7931826835593, 32.85589817002643], [-96.79337808127104, 32.85589795208182], [-96.79337163697595, 32.85545818863026], [-96.79298084188804, 32.855458622795894], [-96.79298728587307, 32.85589838629002], [-96.7931826835593, 32.85589817002643]]]}, "properties": {"title": "UNIVERSITY HEIGHTS REV NO 2 & 3 | 2 Future Lots", "description": "University Park | Single-Family | Total 116 | Built 114 | Future Lots 2 | Future Units 2 | 3_parcels_with_year_built_since_2024", "feature_role": "project_boundary", "legend_category": "Other Active Residential", "rank": null, "project_id": "DCAD-SUBD-21850-e4aa1d686a", "subdivision_number": "21850", "subdivision_name": "UNIVERSITY HEIGHTS REV NO 2 & 3", "city": "University Park", "housing_type": "Single-Family", "total_lots": 116, "built_lots": 114, "future_lots": 2, "future_units": 2, "activity_status": "active_residential", "active_evidence": "3_parcels_with_year_built_since_2024", "match_confidence": 1.0, "review_status": "high_confidence_spatial_subset", "source_snapshot_date": "GIS parcel 2026-07-10; subdivision 2026-06-27; appraisal retrieved 2026-08-13 (2027 current)", "stroke": "#176B66", "stroke-width": 1, "stroke-opacity": 0.7, "fill": "#2A9D8F", "fill-opacity": 0.22}}, {"type": "Feature", "geometry": {"type": "Polygon", "coordinates": [[[-96.89504005708082, 32.93107906951674], [-96.89448698305998, 32.930928993460206], [-96.8939163950375, 32.93084603991588], [-96.8910014037885, 32.93079742463901], [-96.89047916494894, 32.93069996024255], [-96.89063935827953, 32.93004639014433], [-96.8907039771354, 32.929270628414514], [-96.89333909584656, 32.929290900542995], [-96.89333125459038, 32.92987080963283], [-96.89642277872201, 32.92990228361865], [-96.89641301573535, 32.931226585140614], [-96.89548659874905, 32.931216774838276], [-96.89504005708082, 32.93107906951674]]]}, "properties": {"title": "VALWOOD PARK #3 | 2 Future Lots", "description": "Farmers Branch | Single-Family | Total 89 | Built 87 | Future Lots 2 | Future Units 2 | 4_parcels_with_year_built_since_2024; 1_parcels_with_incomplete_official_structure_records", "feature_role": "project_boundary", "legend_category": "Other Active Residential", "rank": null, "project_id": "DCAD-SUBD-19150-e1c4a07f6a", "subdivision_number": "19150", "subdivision_name": "VALWOOD PARK #3", "city": "Farmers Branch", "housing_type": "Single-Family", "total_lots": 89, "built_lots": 87, "future_lots": 2, "future_units": 2, "activity_status": "active_residential", "active_evidence": "4_parcels_with_year_built_since_2024; 1_parcels_with_incomplete_official_structure_records", "match_confidence": 0.999978, "review_status": "high_confidence_spatial_subset", "source_snapshot_date": "GIS parcel 2026-07-10; subdivision 2026-06-27; appraisal retrieved 2026-08-13 (2027 current)", "stroke": "#176B66", "stroke-width": 1, "stroke-opacity": 0.7, "fill": "#2A9D8F", "fill-opacity": 0.22}}, {"type": "Feature", "geometry": {"type": "Polygon", "coordinates": [[[-96.59234610699667, 32.75059745001236], [-96.59231992064856, 32.750461833227924], [-96.59484061645261, 32.750467661677604], [-96.59486150547126, 32.75096198813197], [-96.59597915872388, 32.750934027309775], [-96.59591907101978, 32.75105681636662], [-96.59575831494624, 32.751009005926086], [-96.59567028346184, 32.75111938444231], [-96.59577058591074, 32.751322499928776], [-96.59591643128748, 32.75137006270105], [-96.5958922606611, 32.751569418406476], [-96.595818708279, 32.751607209254615], [-96.59579231045846, 32.751548675988715], [-96.59575439265626, 32.75155686504704], [-96.59551339479613, 32.75173651923019], [-96.59522527114072, 32.75170057683798], [-96.59516993255288, 32.75177587731976], [-96.594239249758, 32.75177340769986], [-96.59420185357612, 32.754732159857724], [-96.5934498252837, 32.75467219709951], [-96.59347351733345, 32.75343005384894], [-96.59233363347902, 32.75341319704595], [-96.59234610699667, 32.75059745001236]]]}, "properties": {"title": "ESPERANZA | 2 Future Lots", "description": "Mesquite | Single-Family | Total 90 | Built 88 | Future Lots 2 | Future Units 2 | 17_parcels_with_year_built_since_2024", "feature_role": "project_boundary", "legend_category": "Other Active Residential", "rank": null, "project_id": "DCAD-SUBD-30150-5e2fdd0b75", "subdivision_number": "30150", "subdivision_name": "ESPERANZA", "city": "Mesquite", "housing_type": "Single-Family", "total_lots": 90, "built_lots": 88, "future_lots": 2, "future_units": 2, "activity_status": "active_residential", "active_evidence": "17_parcels_with_year_built_since_2024", "match_confidence": 1.0, "review_status": "high_confidence_spatial_subset", "source_snapshot_date": "GIS parcel 2026-07-10; subdivision 2026-06-27; appraisal retrieved 2026-08-13 (2027 current)", "stroke": "#176B66", "stroke-width": 1, "stroke-opacity": 0.7, "fill": "#2A9D8F", "fill-opacity": 0.22}}, {"type": "Feature", "geometry": {"type": "Polygon", "coordinates": [[[-96.81365276157086, 32.83669277700365], [-96.81473807858156, 32.83670792112036], [-96.81444691053404, 32.8387047418432], [-96.81442624817193, 32.839252559772355], [-96.81311655218373, 32.83924817071295], [-96.81305004147296, 32.838211539006195], [-96.81309514392474, 32.836689287146314], [-96.8131071472449, 32.83722551384487], [-96.81348252137883, 32.837230993978395], [-96.81348820352784, 32.8366929260089], [-96.81365276157086, 32.83669277700365]], [[-96.81441140916017, 32.837824655073675], [-96.81424860954064, 32.837824268122354], [-96.81424474358086, 32.83822969033214], [-96.81440754231683, 32.838230077266445], [-96.81441140916017, 32.837824655073675]], [[-96.81408581155023, 32.83782388098002], [-96.8139230135613, 32.83782349362477], [-96.81391914448535, 32.83822891580244], [-96.8140819448463, 32.838229303184775], [-96.81408581155023, 32.83782388098002]], [[-96.81325866338048, 32.83781932802583], [-96.81325514612266, 32.8382244127336], [-96.81341710888206, 32.838224922961686], [-96.81342212142701, 32.837820367105806], [-96.81325866338048, 32.83781932802583]]]}, "properties": {"title": "POTOMAC PARK | 2 Future Lots", "description": "University Park | Single-Family | Total 30 | Built 28 | Future Lots 2 | Future Units 2 | 1_parcels_with_year_built_since_2024", "feature_role": "project_boundary", "legend_category": "Other Active Residential", "rank": null, "project_id": "DCAD-SUBD-16450-ebada68c1b", "subdivision_number": "16450", "subdivision_name": "POTOMAC PARK", "city": "University Park", "housing_type": "Single-Family", "total_lots": 30, "built_lots": 28, "future_lots": 2, "future_units": 2, "activity_status": "active_residential", "active_evidence": "1_parcels_with_year_built_since_2024", "match_confidence": 0.999835, "review_status": "high_confidence_spatial_subset", "source_snapshot_date": "GIS parcel 2026-07-10; subdivision 2026-06-27; appraisal retrieved 2026-08-13 (2027 current)", "stroke": "#176B66", "stroke-width": 1, "stroke-opacity": 0.7, "fill": "#2A9D8F", "fill-opacity": 0.22}}, {"type": "Feature", "geometry": {"type": "MultiPolygon", "coordinates": [[[[-96.81296858059063, 32.97667033470434], [-96.81382213821487, 32.97667529387834], [-96.813823061514, 32.97715985299038], [-96.81271199597269, 32.97713150185672], [-96.8123993057654, 32.97700552252377], [-96.81212263628987, 32.97680381772358], [-96.81214197149859, 32.9766655284797], [-96.81296858059063, 32.97667033470434]]], [[[-96.8143853356473, 32.9766765526481], [-96.81554496139655, 32.97667815368275], [-96.8155868652865, 32.976719123891165], [-96.81521187293322, 32.97725074654687], [-96.81484834444102, 32.977162596565904], [-96.81399077869703, 32.97715695111205], [-96.81398452047381, 32.976676235832336], [-96.8143853356473, 32.9766765526481]]], [[[-96.81537632864905, 32.97730972744771], [-96.8157175056769, 32.97681441282341], [-96.81610981851266, 32.977194586718674], [-96.81701789261763, 32.97783456563048], [-96.81791519358387, 32.97801909845854], [-96.82043544921792, 32.97784091826753], [-96.82043518240465, 32.97794438800932], [-96.82017846720535, 32.97821199221202], [-96.81979971339186, 32.97837057227184], [-96.81780028565765, 32.978489212853404], [-96.81693917954094, 32.97831920632266], [-96.81670722826397, 32.97823678820037], [-96.81537632864905, 32.97730972744771]]], [[[-96.81199617880003, 32.9783959318938], [-96.81192361321996, 32.97828909146295], [-96.81194381888123, 32.97816716663835], [-96.81250815162937, 32.97751372888856], [-96.81267612945487, 32.97724186016737], [-96.81300228479768, 32.977286403093224], [-96.81498810168968, 32.97730780286125], [-96.8153226827594, 32.97744824057873], [-96.81631701214542, 32.97815734650352], [-96.81592118981627, 32.97849070263867], [-96.81538548450438, 32.978705631123546], [-96.81525311584026, 32.97866511962093], [-96.81483525398444, 32.978367276549434], [-96.8146046106628, 32.97827887885008], [-96.8134582263274, 32.97826907954512], [-96.81320039548258, 32.97838847483096], [-96.81266384515865, 32.97891500040926], [-96.81199617880003, 32.9783959318938]]], [[[-96.81325930771067, 32.97855064986314], [-96.81335606358562, 32.9784550610697], [-96.81352138616462, 32.97839929646363], [-96.81441774864625, 32.97839332644253], [-96.81466821882697, 32.97844466565334], [-96.8149409797582, 32.97862414528259], [-96.8145997720977, 32.97884761838802], [-96.8144195616388, 32.978891068474766], [-96.8144038417039, 32.979034760841095], [-96.81455198250049, 32.97910703391047], [-96.81464690295196, 32.97907597422778], [-96.81470285274455, 32.97895823120491], [-96.8150741992003, 32.97871924840863], [-96.81536870834205, 32.97887787326942], [-96.81578976070169, 32.978719078788], [-96.81609090671108, 32.97855857731636], [-96.81644834302621, 32.978250608284824], [-96.81691003715619, 32.97845716581029], [-96.81777194555345, 32.978628202899486], [-96.81807029624251, 32.97863463706452], [-96.81811603820876, 32.97911004125495], [-96.81807541362275, 32.979201390461945], [-96.81796492237477, 32.97927562811564], [-96.8168820489187, 32.97958482000754], [-96.81568448331802, 32.979823459757526], [-96.81489242888641, 32.980043956900154], [-96.81384511052038, 32.98002138294089], [-96.81370681798018, 32.97994211939884], [-96.81338950411376, 32.97948235323], [-96.81278424560678, 32.979008338016506], [-96.81325930771067, 32.97855064986314]]], [[[-96.81268634541232, 32.97977267209208], [-96.81147845822737, 32.978786455889164], [-96.81067765972236, 32.97853163439037], [-96.81208881397421, 32.9769386531552], [-96.81250350407788, 32.97719142312666], [-96.81235250617931, 32.97743971867882], [-96.81169290220973, 32.978193316148015], [-96.81168191738406, 32.97832050978874], [-96.8132331759798, 32.979542228166025], [-96.81339344509995, 32.97971549666971], [-96.8136004404552, 32.98008212120681], [-96.81370656771664, 32.980151687046934], [-96.81486702915878, 32.98019097090694], [-96.81566668899258, 32.9799712744742], [-96.81694755132949, 32.979711063781956], [-96.81816894324459, 32.97936690695715], [-96.81825913708887, 32.97930845157243], [-96.81829630005876, 32.97921692539836], [-96.8182390731104, 32.97862484642743], [-96.81922190691061, 32.978556623776555], [-96.81926095991031, 32.978820191691575], [-96.81943364073075, 32.978887398586885], [-96.81955531747025, 32.97878764828597], [-96.81953885062896, 32.9785368437382], [-96.81987525038733, 32.97849705086123], [-96.82021779230566, 32.97836425835816], [-96.82044403772055, 32.97851734385336], [-96.82083784656861, 32.97891983502728], [-96.8207255474927, 32.97897844314621], [-96.82044941123871, 32.97895405088396], [-96.82019627025983, 32.97902931498421], [-96.8186372754027, 32.979652087170834], [-96.81693363637962, 32.98022343188917], [-96.8158374954417, 32.980434484579966], [-96.81515612778392, 32.98063040780555], [-96.81450491578288, 32.98068645229309], [-96.81386477970663, 32.980650688258116], [-96.81338436079209, 32.980550198579266], [-96.81320691350962, 32.98044990423078], [-96.81283289325235, 32.97989231444361], [-96.81268634541232, 32.97977267209208]]]]}, "properties": {"title": "BENT TREE | 2 Future Lots", "description": "Dallas | Single-Family | Total 86 | Built 84 | Future Lots 2 | Future Units 2 | 1_parcels_with_year_built_since_2024", "feature_role": "project_boundary", "legend_category": "Other Active Residential", "rank": null, "project_id": "DCAD-SUBD-ROW1821-7944deeba3", "subdivision_number": null, "subdivision_name": "BENT TREE", "city": "Dallas", "housing_type": "Single-Family", "total_lots": 86, "built_lots": 84, "future_lots": 2, "future_units": 2, "activity_status": "active_residential", "active_evidence": "1_parcels_with_year_built_since_2024", "match_confidence": 1.0, "review_status": "high_confidence_spatial_subset", "source_snapshot_date": "GIS parcel 2026-07-10; subdivision 2026-06-27; appraisal retrieved 2026-08-13 (2027 current)", "stroke": "#176B66", "stroke-width": 1, "stroke-opacity": 0.7, "fill": "#2A9D8F", "fill-opacity": 0.22}}, {"type": "Feature", "geometry": {"type": "Polygon", "coordinates": [[[-96.81661030705885, 32.8269015049493], [-96.81666059432993, 32.82691033910612], [-96.81681446043915, 32.826765331557], [-96.81670767426998, 32.82662762615199], [-96.81701913053203, 32.82639573397622], [-96.81886946194425, 32.82793426531623], [-96.81856224772376, 32.82820300204002], [-96.81891647831574, 32.82852419759845], [-96.81913131762182, 32.82835120213424], [-96.81914404638623, 32.82889001662277], [-96.81902491219813, 32.82867138558057], [-96.8188955004178, 32.82882433294503], [-96.81901638018012, 32.82912368262952], [-96.81741600658648, 32.829094953771744], [-96.81621986645239, 32.82900694218829], [-96.8164834235962, 32.82688995190196], [-96.81661030705885, 32.8269015049493]]]}, "properties": {"title": "HIGHLAND PARK WEST 9TH INST 7TH FILING BLKS 160-16 | 2 Future Lots", "description": "Highland Park | Single-Family | Total 47 | Built 45 | Future Lots 2 | Future Units 2 | 1_parcels_with_year_built_since_2024; 1_parcels_with_incomplete_official_structure_records", "feature_role": "project_boundary", "legend_category": "Other Active Residential", "rank": null, "project_id": "DCAD-SUBD-08450-5255ee4635", "subdivision_number": "08450", "subdivision_name": "HIGHLAND PARK WEST 9TH INST 7TH FILING BLKS 160-16", "city": "Highland Park", "housing_type": "Single-Family", "total_lots": 47, "built_lots": 45, "future_lots": 2, "future_units": 2, "activity_status": "active_residential", "active_evidence": "1_parcels_with_year_built_since_2024; 1_parcels_with_incomplete_official_structure_records", "match_confidence": 0.999631, "review_status": "high_confidence_spatial_subset", "source_snapshot_date": "GIS parcel 2026-07-10; subdivision 2026-06-27; appraisal retrieved 2026-08-13 (2027 current)", "stroke": "#176B66", "stroke-width": 1, "stroke-opacity": 0.7, "fill": "#2A9D8F", "fill-opacity": 0.22}}, {"type": "Feature", "geometry": {"type": "Polygon", "coordinates": [[[-96.79806250990038, 32.936790232532985], [-96.79802013765307, 32.936954376709146], [-96.79804861492369, 32.93706038429317], [-96.79849028831464, 32.93746934613007], [-96.79895091980953, 32.9370814507609], [-96.79898667927044, 32.936940720372114], [-96.7994819897166, 32.93704713590281], [-96.79969832169297, 32.93621623063454], [-96.79983674978993, 32.936066519085045], [-96.80002572280266, 32.935975857673654], [-96.79961591349775, 32.935296169852386], [-96.80043666340502, 32.93477844648839], [-96.80049732321554, 32.93479026067607], [-96.80073858238295, 32.93519760182858], [-96.80120070254205, 32.93503369057626], [-96.80113152649352, 32.93493606577067], [-96.80117324386723, 32.934827918114806], [-96.80126946509476, 32.93478525850434], [-96.801398465456, 32.93481704350525], [-96.80178385673737, 32.93448592990298], [-96.80201111006247, 32.93489902791374], [-96.80217185671262, 32.9348651514288], [-96.80233496884084, 32.93463639938913], [-96.80247393676342, 32.93469956953881], [-96.80305098543748, 32.93467036779802], [-96.80320322055789, 32.934751141332086], [-96.80320749695856, 32.934352767559396], [-96.80363363150717, 32.93435089883561], [-96.80370589554761, 32.93546813407207], [-96.80369365296225, 32.93644110292634], [-96.80355785294411, 32.93761667082667], [-96.80291765356802, 32.937571362364054], [-96.80296738572082, 32.93705356804104], [-96.80253344101055, 32.937041607737505], [-96.80240460074396, 32.93819917099285], [-96.80053762906265, 32.938194040176725], [-96.8005381625838, 32.93855365051337], [-96.79870648554277, 32.938547224082235], [-96.79807367910199, 32.938608276888715], [-96.79808072590794, 32.93838218135472], [-96.7983056436311, 32.93819755850124], [-96.79758819549745, 32.937553659995], [-96.79801552731782, 32.93726388426087], [-96.79785005626668, 32.937011866647396], [-96.79790825813737, 32.93668900451177], [-96.79785500967145, 32.93664888116199], [-96.79758593710903, 32.936684332131016], [-96.7973478799735, 32.93662911515574], [-96.79812781223713, 32.9362026135045], [-96.79806250990038, 32.936790232532985]], [[-96.80248274468215, 32.93704003721746], [-96.80211823069772, 32.93706176237329], [-96.80171681110653, 32.937289162714016], [-96.801913015691, 32.93752141045774], [-96.80242802060499, 32.93754632594518], [-96.80248274468215, 32.93704003721746]], [[-96.80076876127345, 32.93524682287847], [-96.80104948323938, 32.935704665646185], [-96.8015364771963, 32.93549334001344], [-96.80127691787592, 32.93504243140387], [-96.80076876127345, 32.93524682287847]]]}, "properties": {"title": "PRESTON ROAD NORTH ESTATES | 2 Future Lots", "description": "Dallas | Single-Family | Total 36 | Built 34 | Future Lots 2 | Future Units 2 | 1_parcels_with_year_built_since_2024; 1_parcels_with_incomplete_official_structure_records", "feature_role": "project_boundary", "legend_category": "Other Active Residential", "rank": null, "project_id": "DCAD-SUBD-ROW19329-53ee9037f1", "subdivision_number": null, "subdivision_name": "PRESTON ROAD NORTH ESTATES", "city": "Dallas", "housing_type": "Single-Family", "total_lots": 36, "built_lots": 34, "future_lots": 2, "future_units": 2, "activity_status": "active_residential", "active_evidence": "1_parcels_with_year_built_since_2024; 1_parcels_with_incomplete_official_structure_records", "match_confidence": 0.999985, "review_status": "high_confidence_spatial_subset", "source_snapshot_date": "GIS parcel 2026-07-10; subdivision 2026-06-27; appraisal retrieved 2026-08-13 (2027 current)", "stroke": "#176B66", "stroke-width": 1, "stroke-opacity": 0.7, "fill": "#2A9D8F", "fill-opacity": 0.22}}, {"type": "Feature", "geometry": {"type": "Polygon", "coordinates": [[[-96.7842611674588, 32.97086693789698], [-96.78447087552696, 32.97047610689396], [-96.78592528713884, 32.96873719963145], [-96.78617624843041, 32.968367688527835], [-96.78644090212447, 32.96770845102111], [-96.78650461334725, 32.96739057541811], [-96.78648737129244, 32.96700921082572], [-96.79118783599156, 32.967052121574184], [-96.79118395784428, 32.96914238494228], [-96.79112266409479, 32.969454230607184], [-96.7909981584731, 32.96973189044243], [-96.79076199778991, 32.97003935833875], [-96.79051402549088, 32.970247890328096], [-96.78940545681905, 32.97080771054194], [-96.78902412766433, 32.97105841139308], [-96.788654701608, 32.97144909082752], [-96.7884845422022, 32.97178230203475], [-96.78840016482371, 32.97219767798113], [-96.78842293340918, 32.972588876913704], [-96.78853460731789, 32.97293115429768], [-96.78882911513561, 32.9734607876738], [-96.78837828607922, 32.97353025021241], [-96.78410076254085, 32.97348627220847], [-96.7841215004717, 32.97254742961603], [-96.78417262317399, 32.97235300640419], [-96.78418155233906, 32.971131509340594], [-96.7842611674588, 32.97086693789698]]]}, "properties": {"title": "PRESTONWOOD 6 | 2 Future Lots", "description": "Dallas | Single-Family | Total 302 | Built 300 | Future Lots 2 | Future Units 2 | 3_parcels_with_year_built_since_2024; 2_parcels_with_incomplete_official_structure_records", "feature_role": "project_boundary", "legend_category": "Other Active Residential", "rank": null, "project_id": "DCAD-SUBD-ROW19374-dc7347263a", "subdivision_number": null, "subdivision_name": "PRESTONWOOD 6", "city": "Dallas", "housing_type": "Single-Family", "total_lots": 302, "built_lots": 300, "future_lots": 2, "future_units": 2, "activity_status": "active_residential", "active_evidence": "3_parcels_with_year_built_since_2024; 2_parcels_with_incomplete_official_structure_records", "match_confidence": 0.999999, "review_status": "high_confidence_spatial_subset", "source_snapshot_date": "GIS parcel 2026-07-10; subdivision 2026-06-27; appraisal retrieved 2026-08-13 (2027 current)", "stroke": "#176B66", "stroke-width": 1, "stroke-opacity": 0.7, "fill": "#2A9D8F", "fill-opacity": 0.22}}, {"type": "Feature", "geometry": {"type": "Polygon", "coordinates": [[[-96.89225010512521, 32.79360255243783], [-96.89207478643885, 32.793983593150635], [-96.89099032940237, 32.793635727033326], [-96.89106337333973, 32.79347323807744], [-96.89225010512521, 32.79360255243783]]]}, "properties": {"title": "COLONIA WEISENBERGER 3 AT CANADA DRIVE | 2 Future Lots", "description": "Dallas | Single-Family | Total 6 | Built 4 | Future Lots 2 | Future Units 2 | 2_parcels_with_year_built_since_2024", "feature_role": "project_boundary", "legend_category": "Other Active Residential", "rank": null, "project_id": "DCAD-SUBD-ROW4821-53a6ab18c7", "subdivision_number": null, "subdivision_name": "COLONIA WEISENBERGER 3 AT CANADA DRIVE", "city": "Dallas", "housing_type": "Single-Family", "total_lots": 6, "built_lots": 4, "future_lots": 2, "future_units": 2, "activity_status": "active_residential", "active_evidence": "2_parcels_with_year_built_since_2024", "match_confidence": 0.999999, "review_status": "high_confidence_spatial_subset", "source_snapshot_date": "GIS parcel 2026-07-10; subdivision 2026-06-27; appraisal retrieved 2026-08-13 (2027 current)", "stroke": "#176B66", "stroke-width": 1, "stroke-opacity": 0.7, "fill": "#2A9D8F", "fill-opacity": 0.22}}, {"type": "Feature", "geometry": {"type": "Polygon", "coordinates": [[[-96.63133731747494, 32.73845541463076], [-96.63134266216223, 32.736046984015246], [-96.63265038125714, 32.73607600422442], [-96.63263993195929, 32.73563107587652], [-96.63134081172703, 32.735607147010384], [-96.6313413235999, 32.73419096979578], [-96.63433037262159, 32.73421982654243], [-96.63433682537556, 32.734703565263686], [-96.63515311438665, 32.73470736945466], [-96.63514668433048, 32.73425245766107], [-96.63545423560413, 32.734225082699716], [-96.63552598995913, 32.73668312843273], [-96.63554997566715, 32.74130933964143], [-96.63236471870319, 32.74132633533489], [-96.63236026769181, 32.7410349933211], [-96.63135230952513, 32.74102775133528], [-96.63133989925672, 32.74131907086639], [-96.63133731747494, 32.73845541463076]], [[-96.63266326773477, 32.73848130066731], [-96.63268502244352, 32.739905029671654], [-96.63403471805337, 32.73991457962121], [-96.63401294007355, 32.73849085082968], [-96.63266326773477, 32.73848130066731]]]}, "properties": {"title": "CRYSTAL ACRES | 2 Future Lots", "description": "Balch Springs | Single-Family | Total 18 | Built 16 | Future Lots 2 | Future Units 2 | 1_parcels_with_year_built_since_2024; 1_parcels_with_incomplete_official_structure_records", "feature_role": "project_boundary", "legend_category": "Other Active Residential", "rank": null, "project_id": "DCAD-SUBD-04050-f4cf93a45f", "subdivision_number": "04050", "subdivision_name": "CRYSTAL ACRES", "city": "Balch Springs", "housing_type": "Single-Family", "total_lots": 18, "built_lots": 16, "future_lots": 2, "future_units": 2, "activity_status": "active_residential", "active_evidence": "1_parcels_with_year_built_since_2024; 1_parcels_with_incomplete_official_structure_records", "match_confidence": 0.999997, "review_status": "high_confidence_spatial_subset", "source_snapshot_date": "GIS parcel 2026-07-10; subdivision 2026-06-27; appraisal retrieved 2026-08-13 (2027 current)", "stroke": "#176B66", "stroke-width": 1, "stroke-opacity": 0.7, "fill": "#2A9D8F", "fill-opacity": 0.22}}, {"type": "Feature", "geometry": {"type": "Polygon", "coordinates": [[[-97.003383199864, 32.742216057689866], [-97.00283962898266, 32.74210213486579], [-97.00283932884476, 32.74225475683708], [-97.00072040979356, 32.742232130425556], [-97.00079360199967, 32.739971891338755], [-97.00074395079763, 32.73976454406799], [-97.00074985607507, 32.73877422404396], [-97.00367938052445, 32.738803226795035], [-97.00366588670268, 32.741309865449004], [-97.00301174602872, 32.74130457297039], [-97.00300957435142, 32.74146808601565], [-97.00368383400696, 32.74147679443392], [-97.00368198612416, 32.74207035563921], [-97.00358436687158, 32.74221911197184], [-97.003383199864, 32.742216057689866]]]}, "properties": {"title": "BRANNONS | 2 Future Lots", "description": "Grand Prairie | Single-Family | Total 60 | Built 58 | Future Lots 2 | Future Units 2 | 1_parcels_with_year_built_since_2024", "feature_role": "project_boundary", "legend_category": "Other Active Residential", "rank": null, "project_id": "DCAD-SUBD-01350-500232c695", "subdivision_number": "01350", "subdivision_name": "BRANNONS", "city": "Grand Prairie", "housing_type": "Single-Family", "total_lots": 60, "built_lots": 58, "future_lots": 2, "future_units": 2, "activity_status": "active_residential", "active_evidence": "1_parcels_with_year_built_since_2024", "match_confidence": 0.999945, "review_status": "high_confidence_spatial_subset", "source_snapshot_date": "GIS parcel 2026-07-10; subdivision 2026-06-27; appraisal retrieved 2026-08-13 (2027 current)", "stroke": "#176B66", "stroke-width": 1, "stroke-opacity": 0.7, "fill": "#2A9D8F", "fill-opacity": 0.22}}, {"type": "Feature", "geometry": {"type": "Polygon", "coordinates": [[[-96.77876984924376, 32.81575766160985], [-96.77955791386563, 32.816448658634485], [-96.77749597763273, 32.81799180973781], [-96.77749588652267, 32.814071657324625], [-96.77786890784658, 32.8143969265663], [-96.77751630691264, 32.814659696590056], [-96.77797134829753, 32.81505826487912], [-96.77832500857494, 32.81479460103193], [-96.77878544442505, 32.8151976697292], [-96.77843096027496, 32.815460830015084], [-96.77876984924376, 32.81575766160985]]]}, "properties": {"title": "HENDERSON AVENUE | 2 Future Lots", "description": "Dallas | Mixed-Use | Total 32 | Built 30 | Future Lots 2 | Future Units not quantified | 1_parcels_with_year_built_since_2024; 1_parcels_with_incomplete_official_structure_records", "feature_role": "project_boundary", "legend_category": "Other Active Residential", "rank": null, "project_id": "DCAD-SUBD-ROW10484-a218640779", "subdivision_number": null, "subdivision_name": "HENDERSON AVENUE", "city": "Dallas", "housing_type": "Mixed-Use", "total_lots": 32, "built_lots": 30, "future_lots": 2, "future_units": null, "activity_status": "active_residential", "active_evidence": "1_parcels_with_year_built_since_2024; 1_parcels_with_incomplete_official_structure_records", "match_confidence": 0.999991, "review_status": "high_confidence_spatial_subset", "source_snapshot_date": "GIS parcel 2026-07-10; subdivision 2026-06-27; appraisal retrieved 2026-08-13 (2027 current)", "stroke": "#176B66", "stroke-width": 1, "stroke-opacity": 0.7, "fill": "#2A9D8F", "fill-opacity": 0.22}}, {"type": "Feature", "geometry": {"type": "Polygon", "coordinates": [[[-96.758101722832, 32.70585714856228], [-96.75835539298251, 32.706464723173795], [-96.75775811368275, 32.706569166341765], [-96.75757480901008, 32.70611570081425], [-96.758101722832, 32.70585714856228]]]}, "properties": {"title": "GARZA ESTATES | 2 Future Lots", "description": "Dallas | Single-Family | Total 3 | Built 1 | Future Lots 2 | Future Units 2 | 1_parcels_with_year_built_since_2024; 1_parcels_with_incomplete_official_structure_records", "feature_role": "project_boundary", "legend_category": "Other Active Residential", "rank": null, "project_id": "DCAD-SUBD-ROW9061-65ccc19a4d", "subdivision_number": null, "subdivision_name": "GARZA ESTATES", "city": "Dallas", "housing_type": "Single-Family", "total_lots": 3, "built_lots": 1, "future_lots": 2, "future_units": 2, "activity_status": "active_residential", "active_evidence": "1_parcels_with_year_built_since_2024; 1_parcels_with_incomplete_official_structure_records", "match_confidence": 1.0, "review_status": "high_confidence_spatial_subset", "source_snapshot_date": "GIS parcel 2026-07-10; subdivision 2026-06-27; appraisal retrieved 2026-08-13 (2027 current)", "stroke": "#176B66", "stroke-width": 1, "stroke-opacity": 0.7, "fill": "#2A9D8F", "fill-opacity": 0.22}}, {"type": "Feature", "geometry": {"type": "Polygon", "coordinates": [[[-96.73758315078986, 32.829972685564485], [-96.73779538269837, 32.829484791664825], [-96.73763789930351, 32.82943893817252], [-96.73781317867379, 32.82902571854457], [-96.73837836304749, 32.82919517742019], [-96.74071662046674, 32.82869268173781], [-96.74176691148126, 32.82972497176584], [-96.74212445112713, 32.830234101417666], [-96.7417140954641, 32.83039250707431], [-96.73925985721131, 32.83092029722184], [-96.73879199022538, 32.831305310379776], [-96.73687453094362, 32.8308239689833], [-96.73733166476018, 32.83037319103348], [-96.73758315078986, 32.829972685564485]]]}, "properties": {"title": "NORTH RIDGE ESTATES NO. 4 | 2 Future Lots", "description": "Dallas | Single-Family | Total 70 | Built 68 | Future Lots 2 | Future Units 2 | 1_parcels_with_year_built_since_2024", "feature_role": "project_boundary", "legend_category": "Other Active Residential", "rank": null, "project_id": "DCAD-SUBD-2984-0692a2133a", "subdivision_number": "2984", "subdivision_name": "NORTH RIDGE ESTATES NO. 4", "city": "Dallas", "housing_type": "Single-Family", "total_lots": 70, "built_lots": 68, "future_lots": 2, "future_units": 2, "activity_status": "active_residential", "active_evidence": "1_parcels_with_year_built_since_2024", "match_confidence": 1.0, "review_status": "high_confidence_spatial_subset", "source_snapshot_date": "GIS parcel 2026-07-10; subdivision 2026-06-27; appraisal retrieved 2026-08-13 (2027 current)", "stroke": "#176B66", "stroke-width": 1, "stroke-opacity": 0.7, "fill": "#2A9D8F", "fill-opacity": 0.22}}, {"type": "Feature", "geometry": {"type": "Polygon", "coordinates": [[[-96.7682120531054, 32.75431217913912], [-96.76944554567874, 32.75327978998866], [-96.77056024737753, 32.75426545883683], [-96.76934492358431, 32.75529572569978], [-96.7682120531054, 32.75431217913912]]]}, "properties": {"title": "CAVENS COLONIAL AVENUE | 2 Future Lots", "description": "Dallas | Single-Family | Total 36 | Built 34 | Future Lots 2 | Future Units 2 | 5_parcels_with_year_built_since_2024; 3_parcels_with_incomplete_official_structure_records", "feature_role": "project_boundary", "legend_category": "Other Active Residential", "rank": null, "project_id": "DCAD-SUBD-1260-5b671472ca", "subdivision_number": "1260", "subdivision_name": "CAVENS COLONIAL AVENUE", "city": "Dallas", "housing_type": "Single-Family", "total_lots": 36, "built_lots": 34, "future_lots": 2, "future_units": 2, "activity_status": "active_residential", "active_evidence": "5_parcels_with_year_built_since_2024; 3_parcels_with_incomplete_official_structure_records", "match_confidence": 1.0, "review_status": "high_confidence_spatial_subset", "source_snapshot_date": "GIS parcel 2026-07-10; subdivision 2026-06-27; appraisal retrieved 2026-08-13 (2027 current)", "stroke": "#176B66", "stroke-width": 1, "stroke-opacity": 0.7, "fill": "#2A9D8F", "fill-opacity": 0.22}}, {"type": "Feature", "geometry": {"type": "Polygon", "coordinates": [[[-96.55900688759105, 32.69042305338667], [-96.55875853820534, 32.69020549778256], [-96.55747398690146, 32.69128623831717], [-96.55726333097559, 32.691620987918036], [-96.55720650318435, 32.69185073663093], [-96.55722292962544, 32.6921265546232], [-96.55736901890977, 32.69253431610517], [-96.55649745007148, 32.69278321567774], [-96.55594455330673, 32.691412379505344], [-96.55853471360344, 32.68926279243002], [-96.55945345754778, 32.69005067963531], [-96.55900688759105, 32.69042305338667]]]}, "properties": {"title": "CALDWELL LAKES PH 2 | 2 Future Lots", "description": "Dallas | Single-Family | Total 5 | Built 3 | Future Lots 2 | Future Units not quantified | 3_parcels_with_year_built_since_2024", "feature_role": "project_boundary", "legend_category": "Other Active Residential", "rank": null, "project_id": "DCAD-SUBD-ROW3103-aa6bdeca6a", "subdivision_number": null, "subdivision_name": "CALDWELL LAKES PH 2", "city": "Dallas", "housing_type": "Single-Family", "total_lots": 5, "built_lots": 3, "future_lots": 2, "future_units": null, "activity_status": "active_residential", "active_evidence": "3_parcels_with_year_built_since_2024", "match_confidence": 1.0, "review_status": "high_confidence_spatial_subset", "source_snapshot_date": "GIS parcel 2026-07-10; subdivision 2026-06-27; appraisal retrieved 2026-08-13 (2027 current)", "stroke": "#176B66", "stroke-width": 1, "stroke-opacity": 0.7, "fill": "#2A9D8F", "fill-opacity": 0.22}}, {"type": "Feature", "geometry": {"type": "Polygon", "coordinates": [[[-96.86559309843618, 32.565789409433336], [-96.86560541030056, 32.565651954826706], [-96.86549867990205, 32.565652116916176], [-96.86549714308474, 32.56530943190176], [-96.86805781408276, 32.56530487848629], [-96.8680429682572, 32.56795333384811], [-96.86811819807485, 32.56795366510106], [-96.86811801034204, 32.568024418745885], [-96.8678673021372, 32.56808142865873], [-96.86752342717215, 32.56826527025086], [-96.86716175583463, 32.56797685760622], [-96.86718954916964, 32.56794333812943], [-96.86623450722475, 32.567373085769106], [-96.86648737074299, 32.56706960883251], [-96.86662711173652, 32.5671496866671], [-96.86696172635506, 32.56674784228035], [-96.86709261705944, 32.566779836928646], [-96.86709077951271, 32.56607615518512], [-96.86559189874754, 32.56606469599684], [-96.86559309843618, 32.565789409433336]]]}, "properties": {"title": "PARKERVILLE MEADOWS PH 4A | 2 Future Lots", "description": "DeSoto | Single-Family | Total 23 | Built 21 | Future Lots 2 | Future Units not quantified | 21_parcels_with_year_built_since_2024", "feature_role": "project_boundary", "legend_category": "Other Active Residential", "rank": null, "project_id": "DCAD-SUBD-07960-df891db41b", "subdivision_number": "07960", "subdivision_name": "PARKERVILLE MEADOWS PH 4A", "city": "DeSoto", "housing_type": "Single-Family", "total_lots": 23, "built_lots": 21, "future_lots": 2, "future_units": null, "activity_status": "active_residential", "active_evidence": "21_parcels_with_year_built_since_2024", "match_confidence": 0.999876, "review_status": "high_confidence_spatial_subset", "source_snapshot_date": "GIS parcel 2026-07-10; subdivision 2026-06-27; appraisal retrieved 2026-08-13 (2027 current)", "stroke": "#176B66", "stroke-width": 1, "stroke-opacity": 0.7, "fill": "#2A9D8F", "fill-opacity": 0.22}}, {"type": "Feature", "geometry": {"type": "Polygon", "coordinates": [[[-96.77537393617563, 32.815258044381764], [-96.77416471158924, 32.81524801622345], [-96.77416730284259, 32.81120107255972], [-96.77734797059367, 32.81394174864185], [-96.77734816386898, 32.8151605625919], [-96.77726243539882, 32.81528338707054], [-96.77537393617563, 32.815258044381764]]]}, "properties": {"title": "ROSS ANNEX | 2 Future Lots", "description": "Dallas | Single-Family | Total 75 | Built 73 | Future Lots 2 | Future Units 2 | 5_parcels_with_year_built_since_2024; 2_parcels_with_incomplete_official_structure_records", "feature_role": "project_boundary", "legend_category": "Other Active Residential", "rank": null, "project_id": "DCAD-SUBD-ROW21136-098e5dc7a1", "subdivision_number": null, "subdivision_name": "ROSS ANNEX", "city": "Dallas", "housing_type": "Single-Family", "total_lots": 75, "built_lots": 73, "future_lots": 2, "future_units": 2, "activity_status": "active_residential", "active_evidence": "5_parcels_with_year_built_since_2024; 2_parcels_with_incomplete_official_structure_records", "match_confidence": 1.0, "review_status": "high_confidence_spatial_subset", "source_snapshot_date": "GIS parcel 2026-07-10; subdivision 2026-06-27; appraisal retrieved 2026-08-13 (2027 current)", "stroke": "#176B66", "stroke-width": 1, "stroke-opacity": 0.7, "fill": "#2A9D8F", "fill-opacity": 0.22}}, {"type": "Feature", "geometry": {"type": "Polygon", "coordinates": [[[-97.00346360089759, 32.862760775838694], [-97.00566220630787, 32.86166796159639], [-97.006054549713, 32.86200860225873], [-97.00344438398517, 32.86415032080078], [-97.00346360089759, 32.862760775838694]]]}, "properties": {"title": "GRANADA HILLS | 2 Future Lots", "description": "Irving | Single-Family | Total 20 | Built 18 | Future Lots 2 | Future Units 2 | 1_parcels_with_year_built_since_2024", "feature_role": "project_boundary", "legend_category": "Other Active Residential", "rank": null, "project_id": "DCAD-SUBD-26051-0988bff99e", "subdivision_number": "26051", "subdivision_name": "GRANADA HILLS", "city": "Irving", "housing_type": "Single-Family", "total_lots": 20, "built_lots": 18, "future_lots": 2, "future_units": 2, "activity_status": "active_residential", "active_evidence": "1_parcels_with_year_built_since_2024", "match_confidence": 1.0, "review_status": "high_confidence_spatial_subset", "source_snapshot_date": "GIS parcel 2026-07-10; subdivision 2026-06-27; appraisal retrieved 2026-08-13 (2027 current)", "stroke": "#176B66", "stroke-width": 1, "stroke-opacity": 0.7, "fill": "#2A9D8F", "fill-opacity": 0.22}}, {"type": "Feature", "geometry": {"type": "Polygon", "coordinates": [[[-96.631219331732, 32.70284575349552], [-96.63118549434635, 32.70481682595283], [-96.62770687552282, 32.70482004054711], [-96.62775744375998, 32.70130479443858], [-96.63123533372783, 32.70134234678591], [-96.631219331732, 32.70284575349552]]]}, "properties": {"title": "SPENCE ESTATES NO.1 | 2 Future Lots", "description": "Balch Springs | Single-Family | Total 67 | Built 65 | Future Lots 2 | Future Units 2 | 1_parcels_with_incomplete_official_structure_records", "feature_role": "project_boundary", "legend_category": "Other Active Residential", "rank": null, "project_id": "DCAD-SUBD-06950-19dd1dbc7b", "subdivision_number": "06950", "subdivision_name": "SPENCE ESTATES NO.1", "city": "Balch Springs", "housing_type": "Single-Family", "total_lots": 67, "built_lots": 65, "future_lots": 2, "future_units": 2, "activity_status": "active_residential", "active_evidence": "1_parcels_with_incomplete_official_structure_records", "match_confidence": 1.0, "review_status": "high_confidence_spatial_subset", "source_snapshot_date": "GIS parcel 2026-07-10; subdivision 2026-06-27; appraisal retrieved 2026-08-13 (2027 current)", "stroke": "#176B66", "stroke-width": 1, "stroke-opacity": 0.7, "fill": "#2A9D8F", "fill-opacity": 0.22}}, {"type": "Feature", "geometry": {"type": "Polygon", "coordinates": [[[-96.76248878856754, 32.96506150597521], [-96.76244729808221, 32.96246916837269], [-96.76623689261244, 32.96242147745041], [-96.76666943092565, 32.96236615809058], [-96.76872046200667, 32.9623416152174], [-96.76867310987947, 32.964632216283256], [-96.76776758335643, 32.964634943832465], [-96.7668075876712, 32.96495302088514], [-96.7663062864163, 32.965011748327186], [-96.76248878856754, 32.96506150597521]]]}, "properties": {"title": "First Section of Fifteenth Installment Richardson | 2 Future Lots", "description": "Richardson | Single-Family | Total 117 | Built 115 | Future Lots 2 | Future Units 2 | 3_parcels_with_year_built_since_2024; 1_parcels_with_incomplete_official_structure_records", "feature_role": "project_boundary", "legend_category": "Other Active Residential", "rank": null, "project_id": "DCAD-SUBD-17950-03a1683da4", "subdivision_number": "17950", "subdivision_name": "First Section of Fifteenth Installment Richardson", "city": "Richardson", "housing_type": "Single-Family", "total_lots": 117, "built_lots": 115, "future_lots": 2, "future_units": 2, "activity_status": "active_residential", "active_evidence": "3_parcels_with_year_built_since_2024; 1_parcels_with_incomplete_official_structure_records", "match_confidence": 0.999998, "review_status": "high_confidence_spatial_subset", "source_snapshot_date": "GIS parcel 2026-07-10; subdivision 2026-06-27; appraisal retrieved 2026-08-13 (2027 current)", "stroke": "#176B66", "stroke-width": 1, "stroke-opacity": 0.7, "fill": "#2A9D8F", "fill-opacity": 0.22}}, {"type": "Feature", "geometry": {"type": "Polygon", "coordinates": [[[-96.77037928947132, 32.75459043180221], [-96.7706492149088, 32.75436199721291], [-96.7707900827312, 32.754485714921536], [-96.77105418513318, 32.755185848072], [-96.77133128301189, 32.755738451579184], [-96.77057281281422, 32.756376444916214], [-96.76943140888993, 32.75537530685846], [-96.77037928947132, 32.75459043180221]]]}, "properties": {"title": "ERVAY STREET HEIGHTS | 2 Future Lots", "description": "Dallas | Single-Family | Total 29 | Built 27 | Future Lots 2 | Future Units 2 | 4_parcels_with_year_built_since_2024; 1_parcels_with_incomplete_official_structure_records", "feature_role": "project_boundary", "legend_category": "Other Active Residential", "rank": null, "project_id": "DCAD-SUBD-1208-11bfb266db", "subdivision_number": "1208", "subdivision_name": "ERVAY STREET HEIGHTS", "city": "Dallas", "housing_type": "Single-Family", "total_lots": 29, "built_lots": 27, "future_lots": 2, "future_units": 2, "activity_status": "active_residential", "active_evidence": "4_parcels_with_year_built_since_2024; 1_parcels_with_incomplete_official_structure_records", "match_confidence": 1.0, "review_status": "high_confidence_spatial_subset", "source_snapshot_date": "GIS parcel 2026-07-10; subdivision 2026-06-27; appraisal retrieved 2026-08-13 (2027 current)", "stroke": "#176B66", "stroke-width": 1, "stroke-opacity": 0.7, "fill": "#2A9D8F", "fill-opacity": 0.22}}, {"type": "Feature", "geometry": {"type": "Polygon", "coordinates": [[[-96.65520546330796, 32.83759877605566], [-96.65257744329266, 32.83533435182084], [-96.65092938594776, 32.83671009345697], [-96.64906265868296, 32.83509513648635], [-96.65077514228938, 32.83365879329875], [-96.65161270906376, 32.832785028145615], [-96.65262900481547, 32.83158896645024], [-96.65324473508826, 32.83100483879623], [-96.65403623977136, 32.830348942224745], [-96.65888148521888, 32.83450042587229], [-96.65520546330796, 32.83759877605566]], [[-96.65763110981679, 32.83354399094972], [-96.65644799345111, 32.83253814913905], [-96.65620551053921, 32.833198474348926], [-96.65621401776717, 32.833415782802874], [-96.6563180150702, 32.833582272518264], [-96.6569968777044, 32.834173773895635], [-96.65717632140013, 32.83392213598374], [-96.65763110981679, 32.83354399094972]]]}, "properties": {"title": "COUNTRY CLUB ESTATES 1 | 2 Future Lots", "description": "Mesquite | Single-Family | Total 323 | Built 321 | Future Lots 2 | Future Units 2 | 1_parcels_with_year_built_since_2024", "feature_role": "project_boundary", "legend_category": "Other Active Residential", "rank": null, "project_id": "DCAD-SUBD-04750-7dab7a2a03", "subdivision_number": "04750", "subdivision_name": "COUNTRY CLUB ESTATES 1", "city": "Mesquite", "housing_type": "Single-Family", "total_lots": 323, "built_lots": 321, "future_lots": 2, "future_units": 2, "activity_status": "active_residential", "active_evidence": "1_parcels_with_year_built_since_2024", "match_confidence": 0.999917, "review_status": "high_confidence_spatial_subset", "source_snapshot_date": "GIS parcel 2026-07-10; subdivision 2026-06-27; appraisal retrieved 2026-08-13 (2027 current)", "stroke": "#176B66", "stroke-width": 1, "stroke-opacity": 0.7, "fill": "#2A9D8F", "fill-opacity": 0.22}}, {"type": "Feature", "geometry": {"type": "Polygon", "coordinates": [[[-96.89102807890139, 32.57152185573036], [-96.89103942283867, 32.57361782872643], [-96.89098251573517, 32.57361804872716], [-96.89098423564923, 32.57517280194268], [-96.8909501780009, 32.57520246405052], [-96.88692469786874, 32.575193212531666], [-96.88690926380902, 32.571652366751366], [-96.89043139230417, 32.57165746363709], [-96.89043121391757, 32.571522983091434], [-96.89102807890139, 32.57152185573036]]]}, "properties": {"title": "TREES FARM PH 2 | 2 Future Lots", "description": "DeSoto | Single-Family | Total 88 | Built 86 | Future Lots 2 | Future Units 2 | 50_parcels_with_year_built_since_2024", "feature_role": "project_boundary", "legend_category": "Other Active Residential", "rank": null, "project_id": "DCAD-SUBD-10431-0ada9e1eb4", "subdivision_number": "10431", "subdivision_name": "TREES FARM PH 2", "city": "DeSoto", "housing_type": "Single-Family", "total_lots": 88, "built_lots": 86, "future_lots": 2, "future_units": 2, "activity_status": "active_residential", "active_evidence": "50_parcels_with_year_built_since_2024", "match_confidence": 1.0, "review_status": "high_confidence_spatial_subset", "source_snapshot_date": "GIS parcel 2026-07-10; subdivision 2026-06-27; appraisal retrieved 2026-08-13 (2027 current)", "stroke": "#176B66", "stroke-width": 1, "stroke-opacity": 0.7, "fill": "#2A9D8F", "fill-opacity": 0.22}}, {"type": "Feature", "geometry": {"type": "Polygon", "coordinates": [[[-96.78000599939482, 32.65813359822606], [-96.77986829853565, 32.65792646065478], [-96.77931687306213, 32.65814606331981], [-96.77920131092372, 32.65803923106523], [-96.77966846842634, 32.6578236011066], [-96.77974759896098, 32.65767967037601], [-96.77974956591761, 32.657455595783915], [-96.77900460946701, 32.65745910148987], [-96.77889637833778, 32.6555642493579], [-96.78142064679837, 32.65430467626049], [-96.78207370137487, 32.65387721586683], [-96.78214594997976, 32.653884014689865], [-96.78250959462196, 32.653714056616565], [-96.78308308148281, 32.65697700265724], [-96.78017590816738, 32.65838919236751], [-96.78000599939482, 32.65813359822606]], [[-96.78231876497188, 32.65652367416404], [-96.78230580461937, 32.65631773969227], [-96.78167549999428, 32.65632049395799], [-96.78168811211816, 32.656861271434934], [-96.78178611186618, 32.65689127553949], [-96.78232549358695, 32.656630602194355], [-96.78231876497188, 32.65652367416404]]]}, "properties": {"title": "ALTA MESA PARK ESTATES 1ST INST | 2 Future Lots", "description": "Dallas | Single-Family | Total 25 | Built 23 | Future Lots 2 | Future Units 2 | 1_parcels_with_year_built_since_2024; 1_parcels_with_incomplete_official_structure_records", "feature_role": "project_boundary", "legend_category": "Other Active Residential", "rank": null, "project_id": "DCAD-SUBD-ROW619-7486bb39f3", "subdivision_number": null, "subdivision_name": "ALTA MESA PARK ESTATES 1ST INST", "city": "Dallas", "housing_type": "Single-Family", "total_lots": 25, "built_lots": 23, "future_lots": 2, "future_units": 2, "activity_status": "active_residential", "active_evidence": "1_parcels_with_year_built_since_2024; 1_parcels_with_incomplete_official_structure_records", "match_confidence": 0.999947, "review_status": "high_confidence_spatial_subset", "source_snapshot_date": "GIS parcel 2026-07-10; subdivision 2026-06-27; appraisal retrieved 2026-08-13 (2027 current)", "stroke": "#176B66", "stroke-width": 1, "stroke-opacity": 0.7, "fill": "#2A9D8F", "fill-opacity": 0.22}}, {"type": "Feature", "geometry": {"type": "Polygon", "coordinates": [[[-96.95406856971962, 32.5684012582471], [-96.95340465145803, 32.56837790092754], [-96.95237368916641, 32.5682400881456], [-96.95221286158198, 32.568128360148556], [-96.95214098032727, 32.5679823505162], [-96.95211969925815, 32.56777385822704], [-96.95216513600104, 32.56759331441533], [-96.95225922112822, 32.567484421073544], [-96.9524511547981, 32.5674099211991], [-96.9540737245962, 32.5674246071412], [-96.95406856971962, 32.5684012582471]]]}, "properties": {"title": "DEPENDABLE LOOP | 2 Future Lots", "description": "Cedar Hill | Single-Family | Total 4 | Built 2 | Future Lots 2 | Future Units 2 | 1_parcels_with_year_built_since_2024; 1_parcels_with_incomplete_official_structure_records", "feature_role": "project_boundary", "legend_category": "Other Active Residential", "rank": null, "project_id": "DCAD-SUBD-31075-08a97452f4", "subdivision_number": "31075", "subdivision_name": "DEPENDABLE LOOP", "city": "Cedar Hill", "housing_type": "Single-Family", "total_lots": 4, "built_lots": 2, "future_lots": 2, "future_units": 2, "activity_status": "active_residential", "active_evidence": "1_parcels_with_year_built_since_2024; 1_parcels_with_incomplete_official_structure_records", "match_confidence": 1.0, "review_status": "high_confidence_spatial_subset", "source_snapshot_date": "GIS parcel 2026-07-10; subdivision 2026-06-27; appraisal retrieved 2026-08-13 (2027 current)", "stroke": "#176B66", "stroke-width": 1, "stroke-opacity": 0.7, "fill": "#2A9D8F", "fill-opacity": 0.22}}, {"type": "Feature", "geometry": {"type": "Polygon", "coordinates": [[[-96.67475978731522, 32.7650453194485], [-96.67410587165236, 32.76504582476736], [-96.67411520779774, 32.76413327925344], [-96.67476852955319, 32.764132768014036], [-96.67475978731522, 32.7650453194485]]]}, "properties": {"title": "DELAFIELD ESTATES | 2 Future Lots", "description": "Dallas | Single-Family | Total 6 | Built 4 | Future Lots 2 | Future Units 2 | 2_parcels_with_year_built_since_2024; 1_parcels_with_incomplete_official_structure_records", "feature_role": "project_boundary", "legend_category": "Other Active Residential", "rank": null, "project_id": "DCAD-SUBD-ROW6307-585bfddda0", "subdivision_number": null, "subdivision_name": "DELAFIELD ESTATES", "city": "Dallas", "housing_type": "Single-Family", "total_lots": 6, "built_lots": 4, "future_lots": 2, "future_units": 2, "activity_status": "active_residential", "active_evidence": "2_parcels_with_year_built_since_2024; 1_parcels_with_incomplete_official_structure_records", "match_confidence": 1.0, "review_status": "high_confidence_spatial_subset", "source_snapshot_date": "GIS parcel 2026-07-10; subdivision 2026-06-27; appraisal retrieved 2026-08-13 (2027 current)", "stroke": "#176B66", "stroke-width": 1, "stroke-opacity": 0.7, "fill": "#2A9D8F", "fill-opacity": 0.22}}, {"type": "Feature", "geometry": {"type": "Polygon", "coordinates": [[[-96.86855542308865, 32.79252958786925], [-96.86774220863101, 32.79249608375629], [-96.86778588758543, 32.78891467771893], [-96.86797817930757, 32.789158251564515], [-96.86816504450292, 32.789847096572856], [-96.86857765302307, 32.7907055852844], [-96.86915789610406, 32.791161443937746], [-96.86986987970445, 32.79148949361583], [-96.87035134566777, 32.79145215668507], [-96.87056456928354, 32.7914787202826], [-96.87085701994204, 32.7913748200336], [-96.87109608995554, 32.79101333941336], [-96.8711509153677, 32.79051901751534], [-96.87097394635582, 32.79035255033931], [-96.87065125318497, 32.789490296841464], [-96.87067079016936, 32.78933913447733], [-96.87083030533175, 32.78921996313784], [-96.87106070443778, 32.789191229532996], [-96.87132825337245, 32.789316548737396], [-96.87191438039333, 32.78928864364808], [-96.87190282588965, 32.790239653846584], [-96.8736209708092, 32.79025453513993], [-96.87359316491238, 32.79254685613728], [-96.87290979412961, 32.79254094146018], [-96.87291780006254, 32.79188127996613], [-96.87204569596639, 32.79187372547048], [-96.87203768194898, 32.792533385513295], [-96.86888082438807, 32.792533473935535], [-96.86888886187417, 32.79187381409645], [-96.8685634500703, 32.7918709848959], [-96.86855542308865, 32.79252958786925]]]}, "properties": {"title": "COLONIA WEISENBERGER NO 2 | 2 Future Lots", "description": "Dallas | Single-Family | Total 52 | Built 49 | Future Lots 2 | Future Units 2 | 5_parcels_with_year_built_since_2024; 1_parcels_with_incomplete_official_structure_records", "feature_role": "project_boundary", "legend_category": "Other Active Residential", "rank": null, "project_id": "DCAD-SUBD-ROW4822-9b8b68a805", "subdivision_number": null, "subdivision_name": "COLONIA WEISENBERGER NO 2", "city": "Dallas", "housing_type": "Single-Family", "total_lots": 52, "built_lots": 49, "future_lots": 2, "future_units": 2, "activity_status": "active_residential", "active_evidence": "5_parcels_with_year_built_since_2024; 1_parcels_with_incomplete_official_structure_records", "match_confidence": 0.999484, "review_status": "high_confidence_spatial_subset", "source_snapshot_date": "GIS parcel 2026-07-10; subdivision 2026-06-27; appraisal retrieved 2026-08-13 (2027 current)", "stroke": "#176B66", "stroke-width": 1, "stroke-opacity": 0.7, "fill": "#2A9D8F", "fill-opacity": 0.22}}, {"type": "Feature", "geometry": {"type": "Polygon", "coordinates": [[[-96.87821483189605, 32.778957841709314], [-96.87820338307431, 32.78317583454818], [-96.87696654710291, 32.78316339945272], [-96.87702960633135, 32.77894237796755], [-96.87821483189605, 32.778957841709314]]]}, "properties": {"title": "WESTMORELAND PARK | 2 Future Lots", "description": "Dallas | Single-Family | Total 52 | Built 50 | Future Lots 2 | Future Units 2 | 1_parcels_with_year_built_since_2024; 1_parcels_with_incomplete_official_structure_records", "feature_role": "project_boundary", "legend_category": "Other Active Residential", "rank": null, "project_id": "DCAD-SUBD-ROW27883-855329b956", "subdivision_number": null, "subdivision_name": "WESTMORELAND PARK", "city": "Dallas", "housing_type": "Single-Family", "total_lots": 52, "built_lots": 50, "future_lots": 2, "future_units": 2, "activity_status": "active_residential", "active_evidence": "1_parcels_with_year_built_since_2024; 1_parcels_with_incomplete_official_structure_records", "match_confidence": 1.0, "review_status": "high_confidence_spatial_subset", "source_snapshot_date": "GIS parcel 2026-07-10; subdivision 2026-06-27; appraisal retrieved 2026-08-13 (2027 current)", "stroke": "#176B66", "stroke-width": 1, "stroke-opacity": 0.7, "fill": "#2A9D8F", "fill-opacity": 0.22}}, {"type": "Feature", "geometry": {"type": "Polygon", "coordinates": [[[-96.55651540404523, 32.6953440627764], [-96.55386263394881, 32.69310855711812], [-96.55502145747626, 32.69214112347426], [-96.55767814600252, 32.69437547260196], [-96.55651540404523, 32.6953440627764]]]}, "properties": {"title": "CALDWELL LAKES | 2 Future Lots", "description": "Mesquite | Single-Family | Total 30 | Built 28 | Future Lots 2 | Future Units 2 | 3_parcels_with_year_built_since_2024", "feature_role": "project_boundary", "legend_category": "Other Active Residential", "rank": null, "project_id": "DCAD-SUBD-01800-bf7c049856", "subdivision_number": "01800", "subdivision_name": "CALDWELL LAKES", "city": "Mesquite", "housing_type": "Single-Family", "total_lots": 30, "built_lots": 28, "future_lots": 2, "future_units": 2, "activity_status": "active_residential", "active_evidence": "3_parcels_with_year_built_since_2024", "match_confidence": 1.0, "review_status": "high_confidence_spatial_subset", "source_snapshot_date": "GIS parcel 2026-07-10; subdivision 2026-06-27; appraisal retrieved 2026-08-13 (2027 current)", "stroke": "#176B66", "stroke-width": 1, "stroke-opacity": 0.7, "fill": "#2A9D8F", "fill-opacity": 0.22}}, {"type": "Feature", "geometry": {"type": "Polygon", "coordinates": [[[-96.60316239020501, 32.724301686731714], [-96.5997116233519, 32.72429977077562], [-96.59919258282525, 32.72386364559425], [-96.59924051290369, 32.72382921379366], [-96.59910382790895, 32.72370764028733], [-96.59815363183665, 32.722930376015995], [-96.6023734700008, 32.72292534698381], [-96.60237633133958, 32.721917713960295], [-96.60323537634932, 32.7219218629028], [-96.60325049517706, 32.72347372402657], [-96.60316239020501, 32.724301686731714]]]}, "properties": {"title": "JOSEPH R. STORY SUBD | 2 Future Lots", "description": "Balch Springs | Single-Family | Total 22 | Built 20 | Future Lots 2 | Future Units 2 | 1_parcels_with_year_built_since_2024; 1_parcels_with_incomplete_official_structure_records", "feature_role": "project_boundary", "legend_category": "Other Active Residential", "rank": null, "project_id": "DCAD-SUBD-08150-33a4cb3411", "subdivision_number": "08150", "subdivision_name": "JOSEPH R. STORY SUBD", "city": "Balch Springs", "housing_type": "Single-Family", "total_lots": 22, "built_lots": 20, "future_lots": 2, "future_units": 2, "activity_status": "active_residential", "active_evidence": "1_parcels_with_year_built_since_2024; 1_parcels_with_incomplete_official_structure_records", "match_confidence": 1.0, "review_status": "high_confidence_spatial_subset", "source_snapshot_date": "GIS parcel 2026-07-10; subdivision 2026-06-27; appraisal retrieved 2026-08-13 (2027 current)", "stroke": "#176B66", "stroke-width": 1, "stroke-opacity": 0.7, "fill": "#2A9D8F", "fill-opacity": 0.22}}, {"type": "Feature", "geometry": {"type": "Polygon", "coordinates": [[[-96.90808009960016, 32.95981318200714], [-96.90946660026957, 32.95989035420239], [-96.90944388614437, 32.960478536403286], [-96.91027204503965, 32.96048086338711], [-96.91025527745494, 32.961591095268794], [-96.90895728379937, 32.96157314450879], [-96.90896372376798, 32.96129519740159], [-96.90805400359693, 32.96128907221672], [-96.90808009960016, 32.95981318200714]]]}, "properties": {"title": "NORTHSIDE PLACE | 2 Future Lots", "description": "Carrollton | Single-Family | Total 22 | Built 20 | Future Lots 2 | Future Units 2 | 20_parcels_with_year_built_since_2024; 3_parcels_with_incomplete_official_structure_records", "feature_role": "project_boundary", "legend_category": "Other Active Residential", "rank": null, "project_id": "DCAD-SUBD-52500-75850624e1", "subdivision_number": "52500", "subdivision_name": "NORTHSIDE PLACE", "city": "Carrollton", "housing_type": "Single-Family", "total_lots": 22, "built_lots": 20, "future_lots": 2, "future_units": 2, "activity_status": "active_residential", "active_evidence": "20_parcels_with_year_built_since_2024; 3_parcels_with_incomplete_official_structure_records", "match_confidence": 0.999993, "review_status": "high_confidence_spatial_subset", "source_snapshot_date": "GIS parcel 2026-07-10; subdivision 2026-06-27; appraisal retrieved 2026-08-13 (2027 current)", "stroke": "#176B66", "stroke-width": 1, "stroke-opacity": 0.7, "fill": "#2A9D8F", "fill-opacity": 0.22}}, {"type": "Feature", "geometry": {"type": "Polygon", "coordinates": [[[-96.87396838725405, 32.57243419197371], [-96.87397591804611, 32.57344702614028], [-96.87114573356772, 32.57342228377783], [-96.87115373075537, 32.57384092397704], [-96.8687050512797, 32.57381323634743], [-96.86872489687292, 32.57166403805228], [-96.87279881837371, 32.571698583105245], [-96.87278920412993, 32.572424217961554], [-96.87396838725405, 32.57243419197371]]]}, "properties": {"title": "COLE CROSSING ESTATES | 2 Future Lots", "description": "DeSoto | Single-Family | Total 59 | Built 57 | Future Lots 2 | Future Units not quantified | 20_parcels_with_year_built_since_2024; 9_parcels_with_incomplete_official_structure_records", "feature_role": "project_boundary", "legend_category": "Other Active Residential", "rank": null, "project_id": "DCAD-SUBD-01888-b70303fb14", "subdivision_number": "01888", "subdivision_name": "COLE CROSSING ESTATES", "city": "DeSoto", "housing_type": "Single-Family", "total_lots": 59, "built_lots": 57, "future_lots": 2, "future_units": null, "activity_status": "active_residential", "active_evidence": "20_parcels_with_year_built_since_2024; 9_parcels_with_incomplete_official_structure_records", "match_confidence": 0.999487, "review_status": "high_confidence_spatial_subset", "source_snapshot_date": "GIS parcel 2026-07-10; subdivision 2026-06-27; appraisal retrieved 2026-08-13 (2027 current)", "stroke": "#176B66", "stroke-width": 1, "stroke-opacity": 0.7, "fill": "#2A9D8F", "fill-opacity": 0.22}}, {"type": "Feature", "geometry": {"type": "Polygon", "coordinates": [[[-96.8690912985872, 32.92416039373055], [-96.86910763640498, 32.92376194678063], [-96.8673517922496, 32.92336147189848], [-96.86720881344223, 32.92360288643752], [-96.86691582706115, 32.92387682060301], [-96.86575090710836, 32.92374087408241], [-96.86520384415181, 32.923791178425006], [-96.86520427911543, 32.92284810020145], [-96.86474884896153, 32.92284349615035], [-96.86476034008692, 32.92186774227468], [-96.86706272099673, 32.92189107678103], [-96.86708553249203, 32.92109553259852], [-96.86738336455572, 32.92080804015938], [-96.86798084788069, 32.920399393151015], [-96.86850443877263, 32.92037463913503], [-96.8690058206737, 32.92005132272209], [-96.8694683754512, 32.91993367299733], [-96.87020513519134, 32.92001479090002], [-96.87052148818688, 32.92009598127916], [-96.8707643568344, 32.9203283681763], [-96.87072341887762, 32.92061796894262], [-96.87153076395111, 32.92022921241785], [-96.87121914516437, 32.91948336663037], [-96.87158761606186, 32.919080886429036], [-96.87231699453419, 32.91905138458396], [-96.87242062146103, 32.91930977270573], [-96.87326829256075, 32.919094199729834], [-96.87318428752353, 32.9236691957683], [-96.87176369318102, 32.9236558794231], [-96.8717597987702, 32.92417814308804], [-96.8690912985872, 32.92416039373055]], [[-96.86991751910926, 32.92227210058296], [-96.86993031535, 32.92172348147706], [-96.86962310319788, 32.92191458981302], [-96.86941079985462, 32.9221821630335], [-96.8693265347685, 32.92243035484239], [-96.8693119347757, 32.9229002951593], [-96.86991159113767, 32.922904298812334], [-96.86991751910926, 32.92227210058296]]]}, "properties": {"title": "PT. OF BROOK HOLLOW ESTATES | 2 Future Lots", "description": "Farmers Branch | Single-Family | Total 35 | Built 33 | Future Lots 2 | Future Units 2 | 3_parcels_with_year_built_since_2024; 3_parcels_with_incomplete_official_structure_records", "feature_role": "project_boundary", "legend_category": "Other Active Residential", "rank": null, "project_id": "DCAD-SUBD-04050-d68b0faa36", "subdivision_number": "04050", "subdivision_name": "PT. OF BROOK HOLLOW ESTATES", "city": "Farmers Branch", "housing_type": "Single-Family", "total_lots": 35, "built_lots": 33, "future_lots": 2, "future_units": 2, "activity_status": "active_residential", "active_evidence": "3_parcels_with_year_built_since_2024; 3_parcels_with_incomplete_official_structure_records", "match_confidence": 0.99955, "review_status": "high_confidence_spatial_subset", "source_snapshot_date": "GIS parcel 2026-07-10; subdivision 2026-06-27; appraisal retrieved 2026-08-13 (2027 current)", "stroke": "#176B66", "stroke-width": 1, "stroke-opacity": 0.7, "fill": "#2A9D8F", "fill-opacity": 0.22}}, {"type": "Feature", "geometry": {"type": "Polygon", "coordinates": [[[-96.68632113603617, 32.59302440093854], [-96.68606214903647, 32.59264058114297], [-96.68565659635007, 32.592834835304814], [-96.68363894315044, 32.58985760377166], [-96.68624384432819, 32.58861572052562], [-96.68654189449339, 32.58905510130267], [-96.68626419266842, 32.589189204487184], [-96.68642696920574, 32.58942657857404], [-96.68670342701728, 32.58929322935479], [-96.68742145474258, 32.5903517047516], [-96.68697135228985, 32.59056406980432], [-96.68718984934408, 32.59088785781812], [-96.68764065034026, 32.590675529652685], [-96.68851041451406, 32.5919706745618], [-96.68632113603617, 32.59302440093854]], [[-96.68629240141203, 32.59140411460514], [-96.68602753389419, 32.591028065821355], [-96.68562999313399, 32.59121469389009], [-96.68589025073209, 32.59160287420024], [-96.68629240141203, 32.59140411460514]]]}, "properties": {"title": "J W JOHNSON | 2 Future Lots", "description": "Wilmer | Single-Family | Total 50 | Built 48 | Future Lots 2 | Future Units 2 | 3_parcels_with_year_built_since_2024", "feature_role": "project_boundary", "legend_category": "Other Active Residential", "rank": null, "project_id": "DCAD-SUBD-00550-2e7ea9d5af", "subdivision_number": "00550", "subdivision_name": "J W JOHNSON", "city": "Wilmer", "housing_type": "Single-Family", "total_lots": 50, "built_lots": 48, "future_lots": 2, "future_units": 2, "activity_status": "active_residential", "active_evidence": "3_parcels_with_year_built_since_2024", "match_confidence": 0.999019, "review_status": "high_confidence_spatial_subset", "source_snapshot_date": "GIS parcel 2026-07-10; subdivision 2026-06-27; appraisal retrieved 2026-08-13 (2027 current)", "stroke": "#176B66", "stroke-width": 1, "stroke-opacity": 0.7, "fill": "#2A9D8F", "fill-opacity": 0.22}}, {"type": "Feature", "geometry": {"type": "Polygon", "coordinates": [[[-96.66637232242967, 32.934357627438644], [-96.66572049505581, 32.93435762508134], [-96.66572041931933, 32.933983916897304], [-96.66529676199251, 32.933983799870255], [-96.66523161259796, 32.931190338080135], [-96.6653298069948, 32.93119359335115], [-96.66560682399479, 32.93136858408635], [-96.66602309451443, 32.931815978930686], [-96.66629478470111, 32.9323371194178], [-96.66652160120323, 32.932647922768524], [-96.66711232153428, 32.93305674509521], [-96.66705749722206, 32.93359766682364], [-96.66718922603974, 32.9340916681275], [-96.6675784274311, 32.934357623359894], [-96.66637232242967, 32.934357627438644]]]}, "properties": {"title": "OAK HAVEN ON THE CREEK | 2 Future Lots", "description": "Garland | Single-Family | Total 13 | Built 11 | Future Lots 2 | Future Units 2 | 9_parcels_with_year_built_since_2024", "feature_role": "project_boundary", "legend_category": "Other Active Residential", "rank": null, "project_id": "DCAD-SUBD-41991-2beb74d19c", "subdivision_number": "41991", "subdivision_name": "OAK HAVEN ON THE CREEK", "city": "Garland", "housing_type": "Single-Family", "total_lots": 13, "built_lots": 11, "future_lots": 2, "future_units": 2, "activity_status": "active_residential", "active_evidence": "9_parcels_with_year_built_since_2024", "match_confidence": 0.999795, "review_status": "high_confidence_spatial_subset", "source_snapshot_date": "GIS parcel 2026-07-10; subdivision 2026-06-27; appraisal retrieved 2026-08-13 (2027 current)", "stroke": "#176B66", "stroke-width": 1, "stroke-opacity": 0.7, "fill": "#2A9D8F", "fill-opacity": 0.22}}, {"type": "Feature", "geometry": {"type": "Polygon", "coordinates": [[[-96.80048521801406, 32.836827468462474], [-96.80041792989026, 32.83718997769934], [-96.80043230974883, 32.837746285384476], [-96.80024234322117, 32.83813980536351], [-96.80012422739202, 32.83828279338355], [-96.79954627504331, 32.83856481443321], [-96.79923057366672, 32.83891576326707], [-96.79895208647002, 32.83935862695858], [-96.7989747119626, 32.839634009150686], [-96.79910630551356, 32.83995492112832], [-96.7992498933803, 32.840133477744764], [-96.79938205441624, 32.84013528404626], [-96.79947706337195, 32.84032823865896], [-96.79944023230004, 32.84062906461726], [-96.79855435505281, 32.8406276486701], [-96.79855547024454, 32.84013146882766], [-96.79802766980566, 32.84013084859766], [-96.7980235235956, 32.840627172581236], [-96.79562432690277, 32.84062484177421], [-96.79567205503429, 32.83665557496292], [-96.80048752001902, 32.836658074131044], [-96.80048521801406, 32.836827468462474]], [[-96.79588002095768, 32.837640054345734], [-96.79631461670256, 32.83763753564522], [-96.79629916663664, 32.83717717877396], [-96.7962860544249, 32.83721143697956], [-96.79587906655134, 32.83721345945086], [-96.79588002095768, 32.837640054345734]]]}, "properties": {"title": "MOUNT VERNON 3 | 3 Future Lots", "description": "Highland Park | Single-Family | Total 83 | Built 80 | Future Lots 3 | Future Units 3 | 1_parcels_with_year_built_since_2024; 1_parcels_with_incomplete_official_structure_records", "feature_role": "project_boundary", "legend_category": "Other Active Residential", "rank": null, "project_id": "DCAD-SUBD-13650-b63e974bdd", "subdivision_number": "13650", "subdivision_name": "MOUNT VERNON 3", "city": "Highland Park", "housing_type": "Single-Family", "total_lots": 83, "built_lots": 80, "future_lots": 3, "future_units": 3, "activity_status": "active_residential", "active_evidence": "1_parcels_with_year_built_since_2024; 1_parcels_with_incomplete_official_structure_records", "match_confidence": 0.997806, "review_status": "high_confidence_spatial_subset", "source_snapshot_date": "GIS parcel 2026-07-10; subdivision 2026-06-27; appraisal retrieved 2026-08-13 (2027 current)", "stroke": "#176B66", "stroke-width": 1, "stroke-opacity": 0.7, "fill": "#2A9D8F", "fill-opacity": 0.22}}, {"type": "Feature", "geometry": {"type": "Polygon", "coordinates": [[[-96.65679274849185, 32.8944113733438], [-96.65526863164604, 32.89441777284062], [-96.65524860551967, 32.89048865767302], [-96.65572679699025, 32.89072998980743], [-96.65640485889128, 32.890446489883686], [-96.65679362357506, 32.89042409215748], [-96.65679274849185, 32.8944113733438]]]}, "properties": {"title": "HERITAGE PARK | 3 Future Lots", "description": "Garland | Single-Family | Total 77 | Built 74 | Future Lots 3 | Future Units 3 | 74_parcels_with_year_built_since_2024", "feature_role": "project_boundary", "legend_category": "Other Active Residential", "rank": null, "project_id": "DCAD-SUBD-26275-a980f9d3b0", "subdivision_number": "26275", "subdivision_name": "HERITAGE PARK", "city": "Garland", "housing_type": "Single-Family", "total_lots": 77, "built_lots": 74, "future_lots": 3, "future_units": 3, "activity_status": "active_residential", "active_evidence": "74_parcels_with_year_built_since_2024", "match_confidence": 0.999998, "review_status": "high_confidence_spatial_subset", "source_snapshot_date": "GIS parcel 2026-07-10; subdivision 2026-06-27; appraisal retrieved 2026-08-13 (2027 current)", "stroke": "#176B66", "stroke-width": 1, "stroke-opacity": 0.7, "fill": "#2A9D8F", "fill-opacity": 0.22}}, {"type": "Feature", "geometry": {"type": "Polygon", "coordinates": [[[-96.80707687929872, 32.83536138172733], [-96.8070728611308, 32.83499531492021], [-96.80714156867555, 32.83499635831603], [-96.80712583841228, 32.83486351094521], [-96.80448725661331, 32.83480890899904], [-96.80447829522626, 32.83397968712908], [-96.80453731874157, 32.83397702208477], [-96.80465423605405, 32.83383986690409], [-96.80478853963356, 32.83383783937391], [-96.80491419056656, 32.83370708413638], [-96.80465721198011, 32.83359765202824], [-96.80454024428565, 32.83342882100717], [-96.80453254184577, 32.832436538194926], [-96.80477309880459, 32.83252342644197], [-96.80495708245114, 32.83245504391618], [-96.80509126642039, 32.83231249580107], [-96.8055899312542, 32.83224575669458], [-96.80998997398531, 32.8322453948343], [-96.81024293748096, 32.83355066531302], [-96.81031125001108, 32.83569091981456], [-96.8070813312522, 32.835764429509275], [-96.80707687929872, 32.83536138172733]], [[-96.80770910766152, 32.83448749538363], [-96.80731092610178, 32.83446550220685], [-96.80731033705027, 32.83485292164629], [-96.8077099464836, 32.83485307905851], [-96.80770910766152, 32.83448749538363]]]}, "properties": {"title": "ARMSTRONG SCHOOL | 3 Future Lots", "description": "Highland Park | Single-Family | Total 150 | Built 147 | Future Lots 3 | Future Units 3 | 1_parcels_with_year_built_since_2024", "feature_role": "project_boundary", "legend_category": "Other Active Residential", "rank": null, "project_id": "DCAD-SUBD-ROW1006-e4091882a0", "subdivision_number": null, "subdivision_name": "ARMSTRONG SCHOOL", "city": "Highland Park", "housing_type": "Single-Family", "total_lots": 150, "built_lots": 147, "future_lots": 3, "future_units": 3, "activity_status": "active_residential", "active_evidence": "1_parcels_with_year_built_since_2024", "match_confidence": 0.998805, "review_status": "high_confidence_spatial_subset", "source_snapshot_date": "GIS parcel 2026-07-10; subdivision 2026-06-27; appraisal retrieved 2026-08-13 (2027 current)", "stroke": "#176B66", "stroke-width": 1, "stroke-opacity": 0.7, "fill": "#2A9D8F", "fill-opacity": 0.22}}, {"type": "Feature", "geometry": {"type": "Polygon", "coordinates": [[[-96.78189150716727, 32.80574062378168], [-96.78154147572596, 32.80599002742747], [-96.78142801685851, 32.80589149927493], [-96.78175468824875, 32.80562320998813], [-96.78141431309948, 32.8053276257917], [-96.78108764179488, 32.80559591281727], [-96.7805203550179, 32.80510326892533], [-96.78098702756849, 32.80472000339725], [-96.78132739576193, 32.80501558598479], [-96.78150242416656, 32.80487188439695], [-96.78116459593458, 32.80457465768717], [-96.78133766869612, 32.80443046746113], [-96.78190519125994, 32.804924559681], [-96.78194596464972, 32.80488891178923], [-96.78278874322281, 32.80563461731974], [-96.78229938567259, 32.806648192511354], [-96.78165493321819, 32.80608855545315], [-96.78198255358592, 32.80582017971438], [-96.78189150716727, 32.80574062378168]], [[-96.78215392433907, 32.805141953114735], [-96.78204046587604, 32.8050434255137], [-96.78169046395838, 32.805330878811766], [-96.78203084004019, 32.80562646225243], [-96.78238084202114, 32.80533900800387], [-96.78215392433907, 32.805141953114735]]]}, "properties": {"title": "BERGFIELD | 3 Future Lots", "description": "Dallas | Single-Family | Total 10 | Built 7 | Future Lots 3 | Future Units 3 | 2_parcels_with_year_built_since_2024; 1_parcels_with_incomplete_official_structure_records", "feature_role": "project_boundary", "legend_category": "Other Active Residential", "rank": null, "project_id": "DCAD-SUBD-ROW1854-9c3e635720", "subdivision_number": null, "subdivision_name": "BERGFIELD", "city": "Dallas", "housing_type": "Single-Family", "total_lots": 10, "built_lots": 7, "future_lots": 3, "future_units": 3, "activity_status": "active_residential", "active_evidence": "2_parcels_with_year_built_since_2024; 1_parcels_with_incomplete_official_structure_records", "match_confidence": 0.995492, "review_status": "high_confidence_spatial_subset", "source_snapshot_date": "GIS parcel 2026-07-10; subdivision 2026-06-27; appraisal retrieved 2026-08-13 (2027 current)", "stroke": "#176B66", "stroke-width": 1, "stroke-opacity": 0.7, "fill": "#2A9D8F", "fill-opacity": 0.22}}, {"type": "Feature", "geometry": {"type": "Polygon", "coordinates": [[[-96.9269943122232, 32.80364227090531], [-96.92699136133848, 32.80416456831814], [-96.925746000337, 32.804148311070065], [-96.92578956026546, 32.803709241942066], [-96.92656829671236, 32.8036359699183], [-96.9269943122232, 32.80364227090531]]]}, "properties": {"title": "LINDY PLACE | 3 Future Lots", "description": "Irving | Single-Family | Total 5 | Built 2 | Future Lots 3 | Future Units 3 | 1_parcels_with_year_built_since_2024; 1_parcels_with_incomplete_official_structure_records", "feature_role": "project_boundary", "legend_category": "Other Active Residential", "rank": null, "project_id": "DCAD-SUBD-26494-7112fa189f", "subdivision_number": "26494", "subdivision_name": "LINDY PLACE", "city": "Irving", "housing_type": "Single-Family", "total_lots": 5, "built_lots": 2, "future_lots": 3, "future_units": 3, "activity_status": "active_residential", "active_evidence": "1_parcels_with_year_built_since_2024; 1_parcels_with_incomplete_official_structure_records", "match_confidence": 1.0, "review_status": "high_confidence_spatial_subset", "source_snapshot_date": "GIS parcel 2026-07-10; subdivision 2026-06-27; appraisal retrieved 2026-08-13 (2027 current)", "stroke": "#176B66", "stroke-width": 1, "stroke-opacity": 0.7, "fill": "#2A9D8F", "fill-opacity": 0.22}}, {"type": "Feature", "geometry": {"type": "Polygon", "coordinates": [[[-96.79093059743802, 32.86920113904276], [-96.79143515845392, 32.86920231334895], [-96.79143475728645, 32.87050300348394], [-96.78690838358165, 32.87050226133711], [-96.78690774688053, 32.869191623606966], [-96.79093059743802, 32.86920113904276]]]}, "properties": {"title": "PRESTON | 3 Future Lots", "description": "Dallas | Single-Family | Total 49 | Built 46 | Future Lots 3 | Future Units 3 | 1_parcels_with_year_built_since_2024; 1_parcels_with_incomplete_official_structure_records", "feature_role": "project_boundary", "legend_category": "Other Active Residential", "rank": null, "project_id": "DCAD-SUBD-ROW19242-3fa0276e4b", "subdivision_number": null, "subdivision_name": "PRESTON", "city": "Dallas", "housing_type": "Single-Family", "total_lots": 49, "built_lots": 46, "future_lots": 3, "future_units": 3, "activity_status": "active_residential", "active_evidence": "1_parcels_with_year_built_since_2024; 1_parcels_with_incomplete_official_structure_records", "match_confidence": 0.999991, "review_status": "high_confidence_spatial_subset", "source_snapshot_date": "GIS parcel 2026-07-10; subdivision 2026-06-27; appraisal retrieved 2026-08-13 (2027 current)", "stroke": "#176B66", "stroke-width": 1, "stroke-opacity": 0.7, "fill": "#2A9D8F", "fill-opacity": 0.22}}, {"type": "Feature", "geometry": {"type": "Polygon", "coordinates": [[[-96.573668771741, 32.936360600019356], [-96.57440825869558, 32.93701535409649], [-96.57275098862509, 32.93836312791377], [-96.57181429168128, 32.93896721108525], [-96.57004396344344, 32.93711887404855], [-96.56984779705483, 32.93727924569709], [-96.56902651898307, 32.93656490041755], [-96.57207585272964, 32.93403686599236], [-96.5741975217758, 32.93591745151323], [-96.573668771741, 32.936360600019356]]]}, "properties": {"title": "MERRITT VILLAGE | 3 Future Lots", "description": "Rowlett | Single-Family | Total 110 | Built 107 | Future Lots 3 | Future Units 3 | 3_parcels_with_year_built_since_2024", "feature_role": "project_boundary", "legend_category": "Other Active Residential", "rank": null, "project_id": "DCAD-SUBD-01473-8c4a9abdf8", "subdivision_number": "01473", "subdivision_name": "MERRITT VILLAGE", "city": "Rowlett", "housing_type": "Single-Family", "total_lots": 110, "built_lots": 107, "future_lots": 3, "future_units": 3, "activity_status": "active_residential", "active_evidence": "3_parcels_with_year_built_since_2024", "match_confidence": 1.0, "review_status": "high_confidence_spatial_subset", "source_snapshot_date": "GIS parcel 2026-07-10; subdivision 2026-06-27; appraisal retrieved 2026-08-13 (2027 current)", "stroke": "#176B66", "stroke-width": 1, "stroke-opacity": 0.7, "fill": "#2A9D8F", "fill-opacity": 0.22}}, {"type": "Feature", "geometry": {"type": "Polygon", "coordinates": [[[-96.80250471367346, 32.82217115010541], [-96.80249109197304, 32.821562006729316], [-96.80314172374251, 32.821595495293614], [-96.80314600723875, 32.82120107002387], [-96.80249497605497, 32.821195066818134], [-96.80249553588428, 32.82115390694387], [-96.80347197880437, 32.82116236061816], [-96.80347626081121, 32.82076793532163], [-96.80249971122608, 32.82075941281343], [-96.80250281409218, 32.82015990767309], [-96.80299096780765, 32.82016458131672], [-96.8029952519051, 32.819770156001375], [-96.80380893490849, 32.819776388297875], [-96.80380475197497, 32.82017184175324], [-96.80442298998537, 32.82017725655282], [-96.80442715670934, 32.819782762323165], [-96.80464317848478, 32.81978523218736], [-96.80463901437508, 32.82017972507219], [-96.80480175984192, 32.820181942817555], [-96.80480593830494, 32.8197864907032], [-96.80578237983177, 32.819793966999846], [-96.80577820569515, 32.820189420520876], [-96.80659190779733, 32.82019467539212], [-96.80659617588479, 32.819800249954035], [-96.8067589357602, 32.819801505914995], [-96.80675466676897, 32.820195931336464], [-96.80691742739886, 32.820197185715834], [-96.80692169403902, 32.8198027602667], [-96.80711886577873, 32.81976493717239], [-96.80792122719421, 32.81977464066166], [-96.80791230980567, 32.82016835542043], [-96.80823990555291, 32.82017338806299], [-96.80824750086217, 32.81977858592968], [-96.80844279464834, 32.819781241534486], [-96.80875117820493, 32.820061277031186], [-96.8088306315329, 32.82006230216772], [-96.80888750420792, 32.82018177094768], [-96.80942554604923, 32.822762930161126], [-96.80940552763755, 32.82317022563491], [-96.80949297500602, 32.82319270279167], [-96.80822329492766, 32.823172814091784], [-96.80822755590427, 32.82277838870387], [-96.80806479217325, 32.82277713468666], [-96.80806052884549, 32.823171560046944], [-96.80460685751022, 32.82314490404482], [-96.80461455775297, 32.82258570150468], [-96.80250053828742, 32.82256564418564], [-96.80250471367346, 32.82217115010541]], [[-96.80348600918073, 32.82174401856976], [-96.80348172717012, 32.8221384438318], [-96.80380724032969, 32.82214192291278], [-96.80381142169128, 32.82174647087949], [-96.80348600918073, 32.82174401856976]], [[-96.804285100504, 32.8212107102765], [-96.8042809330812, 32.82160520445068], [-96.80441113153913, 32.821606979038535], [-96.80441529838299, 32.82121248486006], [-96.804285100504, 32.8212107102765]], [[-96.80544484700799, 32.82120245411374], [-96.8052820862081, 32.82120119645603], [-96.8052778105826, 32.821595621777035], [-96.8054405737336, 32.82159687946244], [-96.80544484700799, 32.82120245411374]], [[-96.80658406660861, 32.8212111829588], [-96.80609578087136, 32.82120741377351], [-96.80609151049116, 32.82160183914442], [-96.80657979839943, 32.82160560834626], [-96.80658406660861, 32.8212111829588]], [[-96.80442240874028, 32.82076892393522], [-96.80364112513908, 32.82076769004808], [-96.80364024911582, 32.82116213154305], [-96.80441575081369, 32.82116335668631], [-96.80442240874028, 32.82076892393522]], [[-96.8054495676918, 32.820766799997244], [-96.80528680769119, 32.82076554234565], [-96.80528253210767, 32.821159967682306], [-96.80544529445937, 32.82116122536165], [-96.8054495676918, 32.820766799997244]], [[-96.80792353561199, 32.8207858196438], [-96.80776077388781, 32.82078456658067], [-96.80775651093141, 32.82117899202377], [-96.80791927175177, 32.82118024507025], [-96.80792353561199, 32.8207858196438]], [[-96.80442255508346, 32.82021848548233], [-96.80347879931222, 32.820209591436125], [-96.8034745157162, 32.82060401673032], [-96.80441838994601, 32.8206129797186], [-96.80442255508346, 32.82021848548233]], [[-96.8046384555203, 32.820220886333914], [-96.80463428971541, 32.820615380555104], [-96.80495969814352, 32.820617828487585], [-96.80496397513637, 32.82022340314277], [-96.8046384555203, 32.820220886333914]]]}, "properties": {"title": "UNIVERSITY PLACE | 3 Future Lots", "description": "Dallas | Mixed-Use | Total 175 | Built 172 | Future Lots 3 | Future Units 15 | 10_parcels_with_year_built_since_2024; 6_parcels_with_incomplete_official_structure_records", "feature_role": "project_boundary", "legend_category": "Other Active Residential", "rank": null, "project_id": "DCAD-SUBD-ROW26100-da95e0b790", "subdivision_number": null, "subdivision_name": "UNIVERSITY PLACE", "city": "Dallas", "housing_type": "Mixed-Use", "total_lots": 175, "built_lots": 172, "future_lots": 3, "future_units": 15, "activity_status": "active_residential", "active_evidence": "10_parcels_with_year_built_since_2024; 6_parcels_with_incomplete_official_structure_records", "match_confidence": 0.999985, "review_status": "high_confidence_spatial_subset", "source_snapshot_date": "GIS parcel 2026-07-10; subdivision 2026-06-27; appraisal retrieved 2026-08-13 (2027 current)", "stroke": "#176B66", "stroke-width": 1, "stroke-opacity": 0.7, "fill": "#2A9D8F", "fill-opacity": 0.22}}, {"type": "Feature", "geometry": {"type": "Polygon", "coordinates": [[[-96.55731965440978, 32.69150273411609], [-96.55757552683288, 32.691191927880446], [-96.55875853820534, 32.69020549778256], [-96.55900688759105, 32.69042305338667], [-96.55945345754778, 32.69005067963531], [-96.56151805468974, 32.691859136684116], [-96.55952528774824, 32.693542612862636], [-96.55909337573372, 32.693172804946684], [-96.557679717755, 32.69437444285196], [-96.55504656360814, 32.69215662215656], [-96.55594455330673, 32.691412379505344], [-96.55649745007148, 32.69278321567774], [-96.5568367601275, 32.692687821324434], [-96.55736901890977, 32.69253431610517], [-96.5572029846005, 32.692000159384584], [-96.55722786357217, 32.69174489724008], [-96.55731965440978, 32.69150273411609]]]}, "properties": {"title": "CALDWELL LAKES PH 1 | 3 Future Lots", "description": "Dallas | Single-Family | Total 92 | Built 89 | Future Lots 3 | Future Units 3 | 89_parcels_with_year_built_since_2024", "feature_role": "project_boundary", "legend_category": "Other Active Residential", "rank": null, "project_id": "DCAD-SUBD-ROW3102-ef281a7a3b", "subdivision_number": null, "subdivision_name": "CALDWELL LAKES PH 1", "city": "Dallas", "housing_type": "Single-Family", "total_lots": 92, "built_lots": 89, "future_lots": 3, "future_units": 3, "activity_status": "active_residential", "active_evidence": "89_parcels_with_year_built_since_2024", "match_confidence": 1.0, "review_status": "high_confidence_spatial_subset", "source_snapshot_date": "GIS parcel 2026-07-10; subdivision 2026-06-27; appraisal retrieved 2026-08-13 (2027 current)", "stroke": "#176B66", "stroke-width": 1, "stroke-opacity": 0.7, "fill": "#2A9D8F", "fill-opacity": 0.22}}, {"type": "Feature", "geometry": {"type": "Polygon", "coordinates": [[[-96.80265034305835, 32.853848010151836], [-96.80265881766324, 32.85346325673166], [-96.80184469473366, 32.85345900410178], [-96.80183621657027, 32.85384375884086], [-96.80053362631264, 32.85383547205095], [-96.80058699777236, 32.851169623926964], [-96.80416793166702, 32.85118931926455], [-96.80411577497007, 32.85385518262915], [-96.80265034305835, 32.853848010151836]]]}, "properties": {"title": "UNIVERSITY HIGHLANDS | 3 Future Lots", "description": "University Park | Single-Family | Total 125 | Built 122 | Future Lots 3 | Future Units 3 | 4_parcels_with_year_built_since_2024; 1_parcels_with_incomplete_official_structure_records", "feature_role": "project_boundary", "legend_category": "Other Active Residential", "rank": null, "project_id": "DCAD-SUBD-21950-96a6774235", "subdivision_number": "21950", "subdivision_name": "UNIVERSITY HIGHLANDS", "city": "University Park", "housing_type": "Single-Family", "total_lots": 125, "built_lots": 122, "future_lots": 3, "future_units": 3, "activity_status": "active_residential", "active_evidence": "4_parcels_with_year_built_since_2024; 1_parcels_with_incomplete_official_structure_records", "match_confidence": 0.999791, "review_status": "high_confidence_spatial_subset", "source_snapshot_date": "GIS parcel 2026-07-10; subdivision 2026-06-27; appraisal retrieved 2026-08-13 (2027 current)", "stroke": "#176B66", "stroke-width": 1, "stroke-opacity": 0.7, "fill": "#2A9D8F", "fill-opacity": 0.22}}, {"type": "Feature", "geometry": {"type": "Polygon", "coordinates": [[[-96.56876023009208, 32.71835926749048], [-96.5685911950978, 32.718353642199624], [-96.56857149018795, 32.71842048260727], [-96.56787081192208, 32.718543280868154], [-96.56782767003563, 32.71849472430009], [-96.56726228420568, 32.71857496740315], [-96.56400964159573, 32.72123524077839], [-96.56306794087546, 32.720023689430285], [-96.56481973682503, 32.71824270219024], [-96.5650085529755, 32.71779767654018], [-96.56491455307192, 32.71776620093281], [-96.56505644062301, 32.717396950808094], [-96.56547795930972, 32.716841592711106], [-96.56596715049263, 32.71646812641234], [-96.56616012273102, 32.716917381778856], [-96.5665612812387, 32.71670066279999], [-96.56707991017186, 32.716525368249435], [-96.56762629396019, 32.716524341766345], [-96.56812841524953, 32.716606055339476], [-96.56859538048245, 32.71617776692824], [-96.5688007686004, 32.71642530628651], [-96.56898158320985, 32.71634339950674], [-96.56916149677954, 32.716733059994375], [-96.57002157298524, 32.71748888014672], [-96.57006076313776, 32.71745698495], [-96.57058569233405, 32.71791714670411], [-96.5691010783605, 32.719125373799955], [-96.56883533346866, 32.71863927035988], [-96.56880708760883, 32.718550349627954], [-96.56887900245258, 32.71850549225983], [-96.5688285011228, 32.718371965951754], [-96.56876023009208, 32.71835926749048]]]}, "properties": {"title": "SOLTERRA SOUTH PH 2 | 3 Future Lots", "description": "Mesquite | Single-Family | Total 96 | Built 93 | Future Lots 3 | Future Units not quantified | 93_parcels_with_year_built_since_2024; 9_parcels_with_incomplete_official_structure_records", "feature_role": "project_boundary", "legend_category": "Other Active Residential", "rank": null, "project_id": "DCAD-SUBD-19465-efaf4af0e7", "subdivision_number": "19465", "subdivision_name": "SOLTERRA SOUTH PH 2", "city": "Mesquite", "housing_type": "Single-Family", "total_lots": 96, "built_lots": 93, "future_lots": 3, "future_units": null, "activity_status": "active_residential", "active_evidence": "93_parcels_with_year_built_since_2024; 9_parcels_with_incomplete_official_structure_records", "match_confidence": 0.999733, "review_status": "high_confidence_spatial_subset", "source_snapshot_date": "GIS parcel 2026-07-10; subdivision 2026-06-27; appraisal retrieved 2026-08-13 (2027 current)", "stroke": "#176B66", "stroke-width": 1, "stroke-opacity": 0.7, "fill": "#2A9D8F", "fill-opacity": 0.22}}, {"type": "Feature", "geometry": {"type": "Polygon", "coordinates": [[[-96.97793999482093, 32.7184850680675], [-96.97983292150275, 32.71849686661753], [-96.9798254066714, 32.718981816748], [-96.9803372603898, 32.7189859331423], [-96.98034712938409, 32.71848515676019], [-96.97984039624444, 32.718480711275696], [-96.97984906464363, 32.71697065541348], [-96.98124255668831, 32.71697501490719], [-96.98124891656784, 32.716423559767016], [-96.9839735633671, 32.7163984184418], [-96.98395671321153, 32.72035063233334], [-96.97738729836298, 32.72033103976453], [-96.97740341541059, 32.7184816573198], [-96.97742417788922, 32.719122693561246], [-96.97793088062197, 32.719127422010864], [-96.97793999482093, 32.7184850680675]], [[-96.98033105499337, 32.71930103381386], [-96.97982045532612, 32.71930144117086], [-96.97981566434294, 32.719609796516636], [-96.98032488247783, 32.71961421055928], [-96.98033105499337, 32.71930103381386]], [[-96.97961698584467, 32.71899525525865], [-96.97962250491237, 32.718682400395885], [-96.97911203407722, 32.71867928761292], [-96.97910724264814, 32.71899322350358], [-96.97961698584467, 32.71899525525865]], [[-96.98086646654704, 32.71852850737094], [-96.98036608695297, 32.71852475748889], [-96.98035923084574, 32.718872284669885], [-96.98086126697345, 32.71887616889151], [-96.98086646654704, 32.71852850737094]], [[-96.98156235493745, 32.71849526039445], [-96.98156020791828, 32.71885531336156], [-96.9819663034912, 32.71885593560407], [-96.98196902995731, 32.71849613164352], [-96.98156235493745, 32.71849526039445]], [[-96.98257193579806, 32.71849860073635], [-96.98216412448849, 32.71849676366712], [-96.98216186503859, 32.71885697331079], [-96.98256821801762, 32.718858040698954], [-96.98257193579806, 32.71849860073635]]]}, "properties": {"title": "LAKE CREST NO 3 | 3 Future Lots", "description": "Grand Prairie | Single-Family | Total 103 | Built 100 | Future Lots 3 | Future Units 3 | 2_parcels_with_year_built_since_2024", "feature_role": "project_boundary", "legend_category": "Other Active Residential", "rank": null, "project_id": "DCAD-SUBD-11450-769cce5fe7", "subdivision_number": "11450", "subdivision_name": "LAKE CREST NO 3", "city": "Grand Prairie", "housing_type": "Single-Family", "total_lots": 103, "built_lots": 100, "future_lots": 3, "future_units": 3, "activity_status": "active_residential", "active_evidence": "2_parcels_with_year_built_since_2024", "match_confidence": 0.999829, "review_status": "high_confidence_spatial_subset", "source_snapshot_date": "GIS parcel 2026-07-10; subdivision 2026-06-27; appraisal retrieved 2026-08-13 (2027 current)", "stroke": "#176B66", "stroke-width": 1, "stroke-opacity": 0.7, "fill": "#2A9D8F", "fill-opacity": 0.22}}, {"type": "Feature", "geometry": {"type": "Polygon", "coordinates": [[[-96.51550119814897, 32.87605841306891], [-96.51545063303085, 32.87596811499466], [-96.5152354144076, 32.876027733787], [-96.51502466803609, 32.87587053916305], [-96.51494410830203, 32.87563036417893], [-96.5150387586068, 32.87548988559247], [-96.515709836045, 32.87515693765076], [-96.51631758669683, 32.874976659998474], [-96.5166006414265, 32.874650246547496], [-96.51668533760571, 32.87434148361105], [-96.51613328894679, 32.873830348664875], [-96.5154817558385, 32.8734003581652], [-96.51478236672465, 32.87342485066116], [-96.5139886031157, 32.87381373292822], [-96.51357034637705, 32.87406667430715], [-96.51357075127194, 32.874116424810666], [-96.51321799481265, 32.874195041494005], [-96.51321467893976, 32.87413956055117], [-96.51301262424401, 32.87406347331309], [-96.51251681470549, 32.873540192574474], [-96.5123942775337, 32.873331570256575], [-96.51217789772409, 32.87318928990003], [-96.5121444703943, 32.873133942489645], [-96.51225284989498, 32.8730158190323], [-96.51209540065291, 32.87287615657043], [-96.51088597309814, 32.873280944357695], [-96.51083767353119, 32.87326156592502], [-96.5120653625026, 32.87279687509742], [-96.51257211781599, 32.87247973935417], [-96.5142968100375, 32.87108243883132], [-96.5151160553961, 32.87028141747746], [-96.51516441289048, 32.87028690072773], [-96.51538188075935, 32.869958862729916], [-96.51557358264213, 32.86987780458237], [-96.51557094514548, 32.86973513534866], [-96.51576838929, 32.8694208011395], [-96.51589093090563, 32.86937004412122], [-96.51585140251275, 32.8691834223075], [-96.51590846037975, 32.86914140305975], [-96.51589821787655, 32.86900096179656], [-96.51601232153524, 32.86862313514478], [-96.5162753940424, 32.8684684998864], [-96.5165149487018, 32.868039847573506], [-96.51670576304161, 32.86790933334558], [-96.51668442434453, 32.86770807895547], [-96.51687877417955, 32.86756189812702], [-96.51712616566675, 32.86742680140903], [-96.51740035840558, 32.867357771042535], [-96.5176311689346, 32.867208681092144], [-96.51796942319677, 32.867191976724236], [-96.51827705113374, 32.86727820187799], [-96.51841915298684, 32.86719577928066], [-96.51855670698696, 32.86727949941308], [-96.51871219964548, 32.86729120921594], [-96.51899231943139, 32.86723435657426], [-96.51909934503121, 32.86705588696674], [-96.5193433677318, 32.86704247787742], [-96.51941654408434, 32.86712011268897], [-96.51950468098774, 32.86711129360427], [-96.5195237456738, 32.86702288576749], [-96.51962424234704, 32.86699071636451], [-96.519674770366, 32.86709765453468], [-96.51990569162584, 32.86728838941507], [-96.51984006283742, 32.867410105363604], [-96.51986862301607, 32.867600334233494], [-96.52003761443285, 32.86778954612605], [-96.52009356989971, 32.86818239508705], [-96.51993946291152, 32.86859941099944], [-96.5200034303429, 32.86895895303275], [-96.52016484114127, 32.86923595248339], [-96.5202276966311, 32.86964898982712], [-96.5201715713107, 32.87002550989497], [-96.52044380802907, 32.870269848921055], [-96.52047940347646, 32.870585119900994], [-96.52029558595979, 32.870638649886864], [-96.52023414533367, 32.87073313447488], [-96.51986014438471, 32.870893529748514], [-96.5198269040963, 32.87105261805795], [-96.52014468415466, 32.8714180709662], [-96.52015679219994, 32.871654926927874], [-96.52035858670108, 32.871948146615686], [-96.52052349610211, 32.87195738516848], [-96.52083530494411, 32.87253218198949], [-96.5211092283217, 32.87264856826283], [-96.5214086733151, 32.87261766171302], [-96.52164880218822, 32.872713478947965], [-96.52162022179203, 32.87276446630951], [-96.52178381046102, 32.87301134477871], [-96.52186611855836, 32.87303206902482], [-96.52188528424243, 32.87353135699408], [-96.5220055717256, 32.87375179251764], [-96.52208162181395, 32.87379625820046], [-96.52016351899785, 32.87420699762375], [-96.5199249511983, 32.87422553054968], [-96.51960568560989, 32.87420263126293], [-96.51930829273545, 32.87396559775429], [-96.51926421235541, 32.873858709930936], [-96.5188881506815, 32.87402886094796], [-96.5191782468286, 32.87462182525522], [-96.5183417449075, 32.875363959288144], [-96.51792309097962, 32.87556198535954], [-96.51774693331122, 32.87583792976975], [-96.51652445639611, 32.876416155925874], [-96.51609901383655, 32.87577565693858], [-96.51550119814897, 32.87605841306891]]]}, "properties": {"title": "SAPPHIRE BAY | 3 Future Lots", "description": "City not provided | Single-Family | Total 50 | Built 47 | Future Lots 3 | Future Units 3 | 16_parcels_with_year_built_since_2024", "feature_role": "project_boundary", "legend_category": "Other Active Residential", "rank": null, "project_id": "DCAD-SUBD-75500-6e0a82a4d7", "subdivision_number": "75500", "subdivision_name": "SAPPHIRE BAY", "city": "City not provided", "housing_type": "Single-Family", "total_lots": 50, "built_lots": 47, "future_lots": 3, "future_units": 3, "activity_status": "active_residential", "active_evidence": "16_parcels_with_year_built_since_2024", "match_confidence": 1.0, "review_status": "high_confidence_spatial_subset", "source_snapshot_date": "GIS parcel 2026-07-10; subdivision 2026-06-27; appraisal retrieved 2026-08-13 (2027 current)", "stroke": "#176B66", "stroke-width": 1, "stroke-opacity": 0.7, "fill": "#2A9D8F", "fill-opacity": 0.22}}, {"type": "Feature", "geometry": {"type": "Polygon", "coordinates": [[[-96.90033597784667, 32.59874296661613], [-96.90009175221026, 32.59902297171055], [-96.89972436393784, 32.59926516082335], [-96.89946648345155, 32.59925630529187], [-96.8992844481651, 32.599391764467896], [-96.89923242822675, 32.599799978839876], [-96.89910987226266, 32.5999252389383], [-96.89861131103918, 32.59975538191213], [-96.89848331555052, 32.59963760498104], [-96.89777471122407, 32.59942613834688], [-96.89707523493958, 32.598598322606875], [-96.8979958804768, 32.5979885126433], [-96.89776328554068, 32.59769663199048], [-96.89773981500844, 32.59753705469077], [-96.89823123084271, 32.5973039744767], [-96.89854680186247, 32.59707156083932], [-96.8987222782805, 32.596896577278144], [-96.89861015995942, 32.59681725183987], [-96.89888065345023, 32.596543290181096], [-96.90079380408206, 32.59786102010945], [-96.90039775002074, 32.59823263113548], [-96.90044838169023, 32.59861409553225], [-96.90033597784667, 32.59874296661613]]]}, "properties": {"title": "SILVER CREEK CROSSING 6TH INST PH 1, AMENDED | 3 Future Lots", "description": "DeSoto | Single-Family | Total 33 | Built 30 | Future Lots 3 | Future Units 3 | 1_parcels_with_year_built_since_2024", "feature_role": "project_boundary", "legend_category": "Other Active Residential", "rank": null, "project_id": "DCAD-SUBD-09567-d1a0b30fc9", "subdivision_number": "09567", "subdivision_name": "SILVER CREEK CROSSING 6TH INST PH 1, AMENDED", "city": "DeSoto", "housing_type": "Single-Family", "total_lots": 33, "built_lots": 30, "future_lots": 3, "future_units": 3, "activity_status": "active_residential", "active_evidence": "1_parcels_with_year_built_since_2024", "match_confidence": 1.0, "review_status": "high_confidence_spatial_subset", "source_snapshot_date": "GIS parcel 2026-07-10; subdivision 2026-06-27; appraisal retrieved 2026-08-13 (2027 current)", "stroke": "#176B66", "stroke-width": 1, "stroke-opacity": 0.7, "fill": "#2A9D8F", "fill-opacity": 0.22}}, {"type": "Feature", "geometry": {"type": "Polygon", "coordinates": [[[-96.76923919151103, 32.75544422183027], [-96.76781337063825, 32.75665197434907], [-96.76709697985011, 32.75581141470241], [-96.76712986051949, 32.75578508294757], [-96.7667793146956, 32.75548710353305], [-96.76805931375809, 32.75442859294548], [-96.76923919151103, 32.75544422183027]]]}, "properties": {"title": "CAVENS 2ND COLONIAL AVENUE | 3 Future Lots", "description": "Dallas | Single-Family | Total 28 | Built 25 | Future Lots 3 | Future Units 3 | 2_parcels_with_year_built_since_2024; 2_parcels_with_incomplete_official_structure_records", "feature_role": "project_boundary", "legend_category": "Other Active Residential", "rank": null, "project_id": "DCAD-SUBD-1212-0ba389fefa", "subdivision_number": "1212", "subdivision_name": "CAVENS 2ND COLONIAL AVENUE", "city": "Dallas", "housing_type": "Single-Family", "total_lots": 28, "built_lots": 25, "future_lots": 3, "future_units": 3, "activity_status": "active_residential", "active_evidence": "2_parcels_with_year_built_since_2024; 2_parcels_with_incomplete_official_structure_records", "match_confidence": 1.0, "review_status": "high_confidence_spatial_subset", "source_snapshot_date": "GIS parcel 2026-07-10; subdivision 2026-06-27; appraisal retrieved 2026-08-13 (2027 current)", "stroke": "#176B66", "stroke-width": 1, "stroke-opacity": 0.7, "fill": "#2A9D8F", "fill-opacity": 0.22}}, {"type": "Feature", "geometry": {"type": "Polygon", "coordinates": [[[-96.82482775319579, 32.70930843838742], [-96.82483732594167, 32.70762697297049], [-96.8247104707681, 32.70749646742282], [-96.82315335067861, 32.707469881435614], [-96.8231909587191, 32.706072386390225], [-96.8233555151103, 32.705998379058244], [-96.82673046338613, 32.70594713651135], [-96.82723532129225, 32.70616182127421], [-96.82792735048106, 32.70719124309933], [-96.82852496389657, 32.70825716323526], [-96.82905741670213, 32.70942218850678], [-96.8293732650173, 32.710353237722074], [-96.82947011857462, 32.71068767511037], [-96.82951915114671, 32.711735464061995], [-96.82947991463693, 32.71191458980869], [-96.82918867280338, 32.71197057660981], [-96.82935244389019, 32.713086601390515], [-96.823091784056, 32.71305705621814], [-96.8231355926371, 32.70965377153551], [-96.82482767928215, 32.70971574341833], [-96.82482775319579, 32.70930843838742]]]}, "properties": {"title": "WYNNEWOOD 3 | 3 Future Lots", "description": "Dallas | Single-Family | Total 417 | Built 414 | Future Lots 3 | Future Units 3 | 2_parcels_with_year_built_since_2024; 1_parcels_with_incomplete_official_structure_records", "feature_role": "project_boundary", "legend_category": "Other Active Residential", "rank": null, "project_id": "DCAD-SUBD-ROW28750-b3ed8d6cad", "subdivision_number": null, "subdivision_name": "WYNNEWOOD 3", "city": "Dallas", "housing_type": "Single-Family", "total_lots": 417, "built_lots": 414, "future_lots": 3, "future_units": 3, "activity_status": "active_residential", "active_evidence": "2_parcels_with_year_built_since_2024; 1_parcels_with_incomplete_official_structure_records", "match_confidence": 0.999995, "review_status": "high_confidence_spatial_subset", "source_snapshot_date": "GIS parcel 2026-07-10; subdivision 2026-06-27; appraisal retrieved 2026-08-13 (2027 current)", "stroke": "#176B66", "stroke-width": 1, "stroke-opacity": 0.7, "fill": "#2A9D8F", "fill-opacity": 0.22}}, {"type": "Feature", "geometry": {"type": "Polygon", "coordinates": [[[-96.88384428872413, 32.599472033478214], [-96.88405964646294, 32.5994755871159], [-96.88404255781445, 32.599285332825815], [-96.88977106583997, 32.599282767205395], [-96.88977689277752, 32.599889977374104], [-96.89108187045443, 32.59989318542504], [-96.89110183533066, 32.60092569651113], [-96.89101303822927, 32.60115392852585], [-96.89102027077548, 32.60185480002472], [-96.89111202024077, 32.60188308585761], [-96.89112197191547, 32.60275824716191], [-96.88981580939259, 32.602757168988056], [-96.8898203584346, 32.6030619361343], [-96.89014514648903, 32.603063098274745], [-96.8901619268698, 32.60418483090654], [-96.88335832204685, 32.60411351999576], [-96.88332783433118, 32.60300705386044], [-96.88274261996546, 32.60301102447664], [-96.88270237804403, 32.599475987837984], [-96.88384428872413, 32.599472033478214]]]}, "properties": {"title": "SHAMROCK GARDENS ADDITION | 3 Future Lots", "description": "DeSoto | Single-Family | Total 66 | Built 63 | Future Lots 3 | Future Units 3 | 1_parcels_with_year_built_since_2024", "feature_role": "project_boundary", "legend_category": "Other Active Residential", "rank": null, "project_id": "DCAD-SUBD-09550-f8d2a36fc9", "subdivision_number": "09550", "subdivision_name": "SHAMROCK GARDENS ADDITION", "city": "DeSoto", "housing_type": "Single-Family", "total_lots": 66, "built_lots": 63, "future_lots": 3, "future_units": 3, "activity_status": "active_residential", "active_evidence": "1_parcels_with_year_built_since_2024", "match_confidence": 0.998364, "review_status": "high_confidence_spatial_subset", "source_snapshot_date": "GIS parcel 2026-07-10; subdivision 2026-06-27; appraisal retrieved 2026-08-13 (2027 current)", "stroke": "#176B66", "stroke-width": 1, "stroke-opacity": 0.7, "fill": "#2A9D8F", "fill-opacity": 0.22}}, {"type": "Feature", "geometry": {"type": "Polygon", "coordinates": [[[-96.71339384534197, 32.64968225517412], [-96.71282641226026, 32.648590185055696], [-96.71319916633732, 32.648460879907425], [-96.71310658704677, 32.6482700499183], [-96.71273234857372, 32.6484000028312], [-96.7123273404706, 32.647578425922525], [-96.71552125138878, 32.64647300030127], [-96.71568529742562, 32.64681555848292], [-96.71494233172174, 32.64706855561649], [-96.715079388987, 32.64735517311786], [-96.71480117952427, 32.64745317230555], [-96.71532672783758, 32.648550213320966], [-96.71632250757712, 32.648200916983455], [-96.71663591491115, 32.648816609992174], [-96.7135051980567, 32.64991340466393], [-96.71339384534197, 32.64968225517412]], [[-96.71472731574737, 32.64909047785768], [-96.71482409752565, 32.649287142958244], [-96.71527402078064, 32.64912866879819], [-96.71503362937221, 32.64864017910443], [-96.71458370653714, 32.64879865237303], [-96.71472731574737, 32.64909047785768]]]}, "properties": {"title": "ORIGINAL TOWN OF HUTCHINS | 3 Future Lots", "description": "Hutchins | Single-Family | Total 31 | Built 28 | Future Lots 3 | Future Units 3 | 1_parcels_with_year_built_since_2024; 1_parcels_with_incomplete_official_structure_records", "feature_role": "project_boundary", "legend_category": "Other Active Residential", "rank": null, "project_id": "DCAD-SUBD-00050-a85d20038b", "subdivision_number": "00050", "subdivision_name": "ORIGINAL TOWN OF HUTCHINS", "city": "Hutchins", "housing_type": "Single-Family", "total_lots": 31, "built_lots": 28, "future_lots": 3, "future_units": 3, "activity_status": "active_residential", "active_evidence": "1_parcels_with_year_built_since_2024; 1_parcels_with_incomplete_official_structure_records", "match_confidence": 0.999778, "review_status": "high_confidence_spatial_subset", "source_snapshot_date": "GIS parcel 2026-07-10; subdivision 2026-06-27; appraisal retrieved 2026-08-13 (2027 current)", "stroke": "#176B66", "stroke-width": 1, "stroke-opacity": 0.7, "fill": "#2A9D8F", "fill-opacity": 0.22}}, {"type": "Feature", "geometry": {"type": "Polygon", "coordinates": [[[-96.65732287678843, 32.679697499297596], [-96.66159207476375, 32.67973996233296], [-96.66154527825734, 32.683364450543], [-96.6572422360494, 32.68332158123285], [-96.65732287678843, 32.679697499297596]], [[-96.65906357912895, 32.68177554555386], [-96.65908138691998, 32.68098963004266], [-96.65737514727185, 32.6810069458438], [-96.65736221524814, 32.68157720742655], [-96.65745971611899, 32.68157621943063], [-96.65745324954547, 32.681861350208756], [-96.65872045072497, 32.68186223782185], [-96.65906357912895, 32.68177554555386]]]}, "properties": {"title": "TIMBERLOAM ESTATES | 3 Future Lots", "description": "Dallas | Single-Family | Total 14 | Built 11 | Future Lots 3 | Future Units 3 | 2_parcels_with_year_built_since_2024; 2_parcels_with_incomplete_official_structure_records", "feature_role": "project_boundary", "legend_category": "Other Active Residential", "rank": null, "project_id": "DCAD-SUBD-ROW24614-3ce71d5ec1", "subdivision_number": null, "subdivision_name": "TIMBERLOAM ESTATES", "city": "Dallas", "housing_type": "Single-Family", "total_lots": 14, "built_lots": 11, "future_lots": 3, "future_units": 3, "activity_status": "active_residential", "active_evidence": "2_parcels_with_year_built_since_2024; 2_parcels_with_incomplete_official_structure_records", "match_confidence": 0.997928, "review_status": "high_confidence_spatial_subset", "source_snapshot_date": "GIS parcel 2026-07-10; subdivision 2026-06-27; appraisal retrieved 2026-08-13 (2027 current)", "stroke": "#176B66", "stroke-width": 1, "stroke-opacity": 0.7, "fill": "#2A9D8F", "fill-opacity": 0.22}}, {"type": "Feature", "geometry": {"type": "Polygon", "coordinates": [[[-96.76957938828053, 32.80787814784035], [-96.76941656523245, 32.80787831006867], [-96.76941422225477, 32.807482207751264], [-96.76957748706266, 32.807482141027435], [-96.76957938828053, 32.80787814784035]]]}, "properties": {"title": "GREENVILLE TERRACE | 3 Future Lots", "description": "Dallas | Single-Family | Total 7 | Built 4 | Future Lots 3 | Future Units 3 | 4_parcels_with_year_built_since_2024; 4_parcels_with_incomplete_official_structure_records", "feature_role": "project_boundary", "legend_category": "Other Active Residential", "rank": null, "project_id": "DCAD-SUBD-ROW9863-b6efb4ae6e", "subdivision_number": null, "subdivision_name": "GREENVILLE TERRACE", "city": "Dallas", "housing_type": "Single-Family", "total_lots": 7, "built_lots": 4, "future_lots": 3, "future_units": 3, "activity_status": "active_residential", "active_evidence": "4_parcels_with_year_built_since_2024; 4_parcels_with_incomplete_official_structure_records", "match_confidence": 0.999999, "review_status": "high_confidence_spatial_subset", "source_snapshot_date": "GIS parcel 2026-07-10; subdivision 2026-06-27; appraisal retrieved 2026-08-13 (2027 current)", "stroke": "#176B66", "stroke-width": 1, "stroke-opacity": 0.7, "fill": "#2A9D8F", "fill-opacity": 0.22}}, {"type": "Feature", "geometry": {"type": "Polygon", "coordinates": [[[-96.55423729848675, 32.659941894971105], [-96.55197267302952, 32.65886545663302], [-96.5531395412631, 32.65707769862951], [-96.55607703333934, 32.658468172895], [-96.55423729848675, 32.659941894971105]]]}, "properties": {"title": "TREDWAY ESTATES PH 1 | 3 Future Lots", "description": "Seagoville | Single-Family | Total 43 | Built 40 | Future Lots 3 | Future Units 3 | 2_parcels_with_year_built_since_2024", "feature_role": "project_boundary", "legend_category": "Other Active Residential", "rank": null, "project_id": "DCAD-SUBD-04989-b0edb76877", "subdivision_number": "04989", "subdivision_name": "TREDWAY ESTATES PH 1", "city": "Seagoville", "housing_type": "Single-Family", "total_lots": 43, "built_lots": 40, "future_lots": 3, "future_units": 3, "activity_status": "active_residential", "active_evidence": "2_parcels_with_year_built_since_2024", "match_confidence": 1.0, "review_status": "high_confidence_spatial_subset", "source_snapshot_date": "GIS parcel 2026-07-10; subdivision 2026-06-27; appraisal retrieved 2026-08-13 (2027 current)", "stroke": "#176B66", "stroke-width": 1, "stroke-opacity": 0.7, "fill": "#2A9D8F", "fill-opacity": 0.22}}, {"type": "Feature", "geometry": {"type": "Polygon", "coordinates": [[[-96.79234514386742, 32.92397319336025], [-96.79364983656215, 32.923972614416456], [-96.79393814921254, 32.92388663679954], [-96.79391865134637, 32.92352115482198], [-96.79200764640838, 32.92354878052164], [-96.79198398482654, 32.92057537472204], [-96.79495720947618, 32.92059756001612], [-96.79716101162118, 32.920562924736295], [-96.79735492682464, 32.92059977271942], [-96.79925307614671, 32.92059763247049], [-96.79924978135003, 32.92302096042488], [-96.79531986641891, 32.92304020060828], [-96.79446273257795, 32.9229331016241], [-96.79459258416203, 32.923934352699916], [-96.79409682507423, 32.9238810592097], [-96.79365825427513, 32.92401399994847], [-96.7920092104832, 32.9240146008586], [-96.79200907151353, 32.92397336996759], [-96.79234514386742, 32.92397319336025]]]}, "properties": {"title": "HUFFHINES HILL | 3 Future Lots", "description": "Dallas | Single-Family | Total 80 | Built 77 | Future Lots 3 | Future Units 3 | 3_parcels_with_year_built_since_2024; 2_parcels_with_incomplete_official_structure_records", "feature_role": "project_boundary", "legend_category": "Other Active Residential", "rank": null, "project_id": "DCAD-SUBD-ROW11362-672956f689", "subdivision_number": null, "subdivision_name": "HUFFHINES HILL", "city": "Dallas", "housing_type": "Single-Family", "total_lots": 80, "built_lots": 77, "future_lots": 3, "future_units": 3, "activity_status": "active_residential", "active_evidence": "3_parcels_with_year_built_since_2024; 2_parcels_with_incomplete_official_structure_records", "match_confidence": 0.999996, "review_status": "high_confidence_spatial_subset", "source_snapshot_date": "GIS parcel 2026-07-10; subdivision 2026-06-27; appraisal retrieved 2026-08-13 (2027 current)", "stroke": "#176B66", "stroke-width": 1, "stroke-opacity": 0.7, "fill": "#2A9D8F", "fill-opacity": 0.22}}, {"type": "Feature", "geometry": {"type": "Polygon", "coordinates": [[[-96.63152909754976, 32.69692595175541], [-96.63156936254566, 32.69408120091396], [-96.6343852296838, 32.694108280060426], [-96.63440835551371, 32.69299756466112], [-96.63540580327584, 32.693012408365014], [-96.63596922408364, 32.69334238490591], [-96.63589394470795, 32.69538571832158], [-96.63419062434917, 32.69540204751821], [-96.63410996805679, 32.6960544142276], [-96.63722307986167, 32.696027338902645], [-96.63717689608484, 32.696444699124186], [-96.63575573855819, 32.69643107276522], [-96.63574940292771, 32.69670589579357], [-96.6371465115352, 32.696719292125984], [-96.63686863390001, 32.69923182518875], [-96.63678305424646, 32.69937795945676], [-96.6365661444509, 32.69946284658097], [-96.63428824301458, 32.699440701950856], [-96.63432071712539, 32.698033126282304], [-96.63151380811225, 32.69800613142353], [-96.63152909754976, 32.69692595175541]]]}, "properties": {"title": "BUFORD JETT | 3 Future Lots", "description": "Balch Springs | Single-Family | Total 45 | Built 42 | Future Lots 3 | Future Units 3 | 2_parcels_with_year_built_since_2024; 1_parcels_with_incomplete_official_structure_records", "feature_role": "project_boundary", "legend_category": "Other Active Residential", "rank": null, "project_id": "DCAD-SUBD-03750-850093f586", "subdivision_number": "03750", "subdivision_name": "BUFORD JETT", "city": "Balch Springs", "housing_type": "Single-Family", "total_lots": 45, "built_lots": 42, "future_lots": 3, "future_units": 3, "activity_status": "active_residential", "active_evidence": "2_parcels_with_year_built_since_2024; 1_parcels_with_incomplete_official_structure_records", "match_confidence": 0.999988, "review_status": "high_confidence_spatial_subset", "source_snapshot_date": "GIS parcel 2026-07-10; subdivision 2026-06-27; appraisal retrieved 2026-08-13 (2027 current)", "stroke": "#176B66", "stroke-width": 1, "stroke-opacity": 0.7, "fill": "#2A9D8F", "fill-opacity": 0.22}}, {"type": "Feature", "geometry": {"type": "Polygon", "coordinates": [[[-96.56922890252804, 32.893959456583126], [-96.56934763233475, 32.89406103202428], [-96.56933747197725, 32.895315815851454], [-96.56718439210724, 32.89529599322651], [-96.56719863835905, 32.89392362047423], [-96.56922890252804, 32.893959456583126]]]}, "properties": {"title": "VILLAS AT LONG BRANCH | 3 Future Lots", "description": "Rowlett | Single-Family | Total 33 | Built 30 | Future Lots 3 | Future Units 3 | 10_parcels_with_year_built_since_2024", "feature_role": "project_boundary", "legend_category": "Other Active Residential", "rank": null, "project_id": "DCAD-SUBD-02343-dd60da591c", "subdivision_number": "02343", "subdivision_name": "VILLAS AT LONG BRANCH", "city": "Rowlett", "housing_type": "Single-Family", "total_lots": 33, "built_lots": 30, "future_lots": 3, "future_units": 3, "activity_status": "active_residential", "active_evidence": "10_parcels_with_year_built_since_2024", "match_confidence": 1.0, "review_status": "high_confidence_spatial_subset", "source_snapshot_date": "GIS parcel 2026-07-10; subdivision 2026-06-27; appraisal retrieved 2026-08-13 (2027 current)", "stroke": "#176B66", "stroke-width": 1, "stroke-opacity": 0.7, "fill": "#2A9D8F", "fill-opacity": 0.22}}, {"type": "Feature", "geometry": {"type": "Polygon", "coordinates": [[[-96.98924527141394, 32.57982682959835], [-96.98922347494836, 32.578251518932866], [-96.98964410865797, 32.578256063001106], [-96.98965744560303, 32.57739696235149], [-96.9912699169512, 32.57780147093705], [-96.99183808358217, 32.57751560585586], [-96.99283437994458, 32.57730366596914], [-96.99310743777724, 32.57876947320918], [-96.99339427684849, 32.57925090242132], [-96.99254063316022, 32.57929888185598], [-96.99284890306168, 32.57962392832472], [-96.9934170255026, 32.580580590598], [-96.99351523794944, 32.58061507816679], [-96.99265992378835, 32.58096268526733], [-96.99225188977394, 32.581309318912474], [-96.99203989510838, 32.58161351735135], [-96.99190509018628, 32.581915460984696], [-96.99183770832674, 32.582233174364326], [-96.9918400183658, 32.58255596308695], [-96.98945146445386, 32.581678612030274], [-96.98923988440498, 32.58156782531965], [-96.98924527141394, 32.57982682959835]]]}, "properties": {"title": "LAKE RIDGE SECTION 5 | 3 Future Lots", "description": "Cedar Hill | Single-Family | Total 17 | Built 14 | Future Lots 3 | Future Units 3 | 1_parcels_with_year_built_since_2024", "feature_role": "project_boundary", "legend_category": "Other Active Residential", "rank": null, "project_id": "DCAD-SUBD-02795-72492308d4", "subdivision_number": "02795", "subdivision_name": "LAKE RIDGE SECTION 5", "city": "Cedar Hill", "housing_type": "Single-Family", "total_lots": 17, "built_lots": 14, "future_lots": 3, "future_units": 3, "activity_status": "active_residential", "active_evidence": "1_parcels_with_year_built_since_2024", "match_confidence": 0.999864, "review_status": "high_confidence_spatial_subset", "source_snapshot_date": "GIS parcel 2026-07-10; subdivision 2026-06-27; appraisal retrieved 2026-08-13 (2027 current)", "stroke": "#176B66", "stroke-width": 1, "stroke-opacity": 0.7, "fill": "#2A9D8F", "fill-opacity": 0.22}}, {"type": "Feature", "geometry": {"type": "Polygon", "coordinates": [[[-96.68468447103895, 32.598386698524536], [-96.68372030011014, 32.59880353198181], [-96.68364551439056, 32.59866563732657], [-96.6848631817895, 32.59811863920253], [-96.6835420225719, 32.59613491560842], [-96.68435538995602, 32.59606095316206], [-96.68464239713255, 32.59653424295187], [-96.68675495476259, 32.595936698243925], [-96.68739080883033, 32.59795343018957], [-96.68405177080756, 32.59941478517305], [-96.68388441728987, 32.5991061885935], [-96.6848670561609, 32.59867946166292], [-96.68468447103895, 32.598386698524536]]]}, "properties": {"title": "KISSELL DALE #4 | 3 Future Lots", "description": "Wilmer | Single-Family | Total 46 | Built 43 | Future Lots 3 | Future Units 3 | 1_parcels_with_year_built_since_2024", "feature_role": "project_boundary", "legend_category": "Other Active Residential", "rank": null, "project_id": "DCAD-SUBD-01050-45983b02e1", "subdivision_number": "01050", "subdivision_name": "KISSELL DALE #4", "city": "Wilmer", "housing_type": "Single-Family", "total_lots": 46, "built_lots": 43, "future_lots": 3, "future_units": 3, "activity_status": "active_residential", "active_evidence": "1_parcels_with_year_built_since_2024", "match_confidence": 0.999908, "review_status": "high_confidence_spatial_subset", "source_snapshot_date": "GIS parcel 2026-07-10; subdivision 2026-06-27; appraisal retrieved 2026-08-13 (2027 current)", "stroke": "#176B66", "stroke-width": 1, "stroke-opacity": 0.7, "fill": "#2A9D8F", "fill-opacity": 0.22}}, {"type": "Feature", "geometry": {"type": "Polygon", "coordinates": [[[-96.69279199198733, 32.776349009662994], [-96.69855272755865, 32.776314803207335], [-96.69855480362936, 32.77688901828856], [-96.69888513871042, 32.77688907514322], [-96.69888459343272, 32.77631468983261], [-96.69991779690751, 32.77636470318951], [-96.69990619918272, 32.77795834773896], [-96.6964641281587, 32.77796264889667], [-96.69646092445628, 32.77753088452988], [-96.6954743997966, 32.777529245115986], [-96.69472507731363, 32.777542398605114], [-96.69473034786992, 32.77796477047], [-96.69132628837288, 32.777966825612296], [-96.69131048194569, 32.77636591502678], [-96.69164433098379, 32.776358578339725], [-96.69165575452453, 32.77692542497043], [-96.691975012287, 32.77692294732589], [-96.6919682769781, 32.7763558940107], [-96.69279199198733, 32.776349009662994]]]}, "properties": {"title": "URBANDALE NO. 3 | 3 Future Lots", "description": "Dallas | Single-Family | Total 91 | Built 88 | Future Lots 3 | Future Units 3 | 1_parcels_with_incomplete_official_structure_records", "feature_role": "project_boundary", "legend_category": "Other Active Residential", "rank": null, "project_id": "DCAD-SUBD-ROW26251-dd2bc0241f", "subdivision_number": null, "subdivision_name": "URBANDALE NO. 3", "city": "Dallas", "housing_type": "Single-Family", "total_lots": 91, "built_lots": 88, "future_lots": 3, "future_units": 3, "activity_status": "active_residential", "active_evidence": "1_parcels_with_incomplete_official_structure_records", "match_confidence": 0.999946, "review_status": "high_confidence_spatial_subset", "source_snapshot_date": "GIS parcel 2026-07-10; subdivision 2026-06-27; appraisal retrieved 2026-08-13 (2027 current)", "stroke": "#176B66", "stroke-width": 1, "stroke-opacity": 0.7, "fill": "#2A9D8F", "fill-opacity": 0.22}}, {"type": "Feature", "geometry": {"type": "Polygon", "coordinates": [[[-96.8905058310949, 32.737797980647535], [-96.89050325703572, 32.738130243193595], [-96.89071789696004, 32.73813219913759], [-96.8907183199013, 32.73868569153564], [-96.89133286873101, 32.738687318641446], [-96.89131273652544, 32.74227158518205], [-96.88723957871535, 32.74225866361099], [-96.88725039640565, 32.74101320271024], [-96.88770189554357, 32.74101631112824], [-96.88770116331996, 32.740881102625984], [-96.88725068005978, 32.74087940940077], [-96.88727923438843, 32.73844329445471], [-96.88993618832697, 32.73779448305607], [-96.89011106349058, 32.7378923030081], [-96.8905058310949, 32.737797980647535]], [[-96.88789716835608, 32.7394877042301], [-96.88851997879131, 32.73949280618515], [-96.88852255095074, 32.738943062326435], [-96.88789974437162, 32.738937960384064], [-96.88789716835608, 32.7394877042301]], [[-96.88868709279015, 32.73853208671862], [-96.88868323445912, 32.73935670250545], [-96.88930604564652, 32.739361800543065], [-96.88930989656743, 32.73853718471615], [-96.88868709279015, 32.73853208671862]]]}, "properties": {"title": "Cockrell Hill Annex | 3 Future Lots", "description": "Cockrell Hill | Single-Family | Total 114 | Built 111 | Future Lots 3 | Future Units 3 | 2_parcels_with_year_built_since_2024", "feature_role": "project_boundary", "legend_category": "Other Active Residential", "rank": null, "project_id": "DCAD-SUBD-03150-9bcb496323", "subdivision_number": "03150", "subdivision_name": "Cockrell Hill Annex", "city": "Cockrell Hill", "housing_type": "Single-Family", "total_lots": 114, "built_lots": 111, "future_lots": 3, "future_units": 3, "activity_status": "active_residential", "active_evidence": "2_parcels_with_year_built_since_2024", "match_confidence": 0.999146, "review_status": "high_confidence_spatial_subset", "source_snapshot_date": "GIS parcel 2026-07-10; subdivision 2026-06-27; appraisal retrieved 2026-08-13 (2027 current)", "stroke": "#176B66", "stroke-width": 1, "stroke-opacity": 0.7, "fill": "#2A9D8F", "fill-opacity": 0.22}}, {"type": "Feature", "geometry": {"type": "Polygon", "coordinates": [[[-96.68775431020502, 32.5983524558442], [-96.69073598200882, 32.59702789983621], [-96.69155476727983, 32.599032419465274], [-96.69098744010539, 32.599302970716025], [-96.69059377180754, 32.59838086412439], [-96.6883402687792, 32.59937209223372], [-96.68775431020502, 32.5983524558442]]]}, "properties": {"title": "kissell dale #3 | 3 Future Lots", "description": "Wilmer | Single-Family | Total 41 | Built 38 | Future Lots 3 | Future Units 3 | 1_parcels_with_year_built_since_2024", "feature_role": "project_boundary", "legend_category": "Other Active Residential", "rank": null, "project_id": "DCAD-SUBD-ROW12827-dfe575dc2c", "subdivision_number": null, "subdivision_name": "kissell dale #3", "city": "Wilmer", "housing_type": "Single-Family", "total_lots": 41, "built_lots": 38, "future_lots": 3, "future_units": 3, "activity_status": "active_residential", "active_evidence": "1_parcels_with_year_built_since_2024", "match_confidence": 0.999071, "review_status": "high_confidence_spatial_subset", "source_snapshot_date": "GIS parcel 2026-07-10; subdivision 2026-06-27; appraisal retrieved 2026-08-13 (2027 current)", "stroke": "#176B66", "stroke-width": 1, "stroke-opacity": 0.7, "fill": "#2A9D8F", "fill-opacity": 0.22}}, {"type": "Feature", "geometry": {"type": "Polygon", "coordinates": [[[-96.78212763257606, 32.811159120056885], [-96.78248171807033, 32.81087523647492], [-96.78218223327251, 32.81061392329822], [-96.78453315565899, 32.80870344249071], [-96.78531070508227, 32.809399143867516], [-96.78312464306508, 32.8120233114057], [-96.78212763257606, 32.811159120056885]]]}, "properties": {"title": "GOLF PARK 2ND REVISED | 3 Future Lots", "description": "Dallas | Single-Family | Total 44 | Built 41 | Future Lots 3 | Future Units 3 | 5_parcels_with_year_built_since_2024", "feature_role": "project_boundary", "legend_category": "Other Active Residential", "rank": null, "project_id": "DCAD-SUBD-ROW9475-0fa61c33f7", "subdivision_number": null, "subdivision_name": "GOLF PARK 2ND REVISED", "city": "Dallas", "housing_type": "Single-Family", "total_lots": 44, "built_lots": 41, "future_lots": 3, "future_units": 3, "activity_status": "active_residential", "active_evidence": "5_parcels_with_year_built_since_2024", "match_confidence": 0.999996, "review_status": "high_confidence_spatial_subset", "source_snapshot_date": "GIS parcel 2026-07-10; subdivision 2026-06-27; appraisal retrieved 2026-08-13 (2027 current)", "stroke": "#176B66", "stroke-width": 1, "stroke-opacity": 0.7, "fill": "#2A9D8F", "fill-opacity": 0.22}}, {"type": "Feature", "geometry": {"type": "Polygon", "coordinates": [[[-96.5998017211651, 32.777543615096064], [-96.59977307489218, 32.77740054692809], [-96.60071249957308, 32.77720947544466], [-96.60078605917202, 32.77704002870666], [-96.60077571148763, 32.77571241924236], [-96.60002144633552, 32.7756713243456], [-96.60002309030175, 32.77555813945069], [-96.59979591607485, 32.77559871549381], [-96.59933352799773, 32.775593282453755], [-96.59933062527132, 32.77551997094958], [-96.59986789454473, 32.77551710335205], [-96.6003952130517, 32.77535883500742], [-96.60272606470204, 32.775396127478274], [-96.60273399921144, 32.77502500854863], [-96.60610707384876, 32.775036064415566], [-96.60884185873994, 32.77387632566243], [-96.60887981596818, 32.77381078382887], [-96.61315311869635, 32.77193269373858], [-96.61314994078721, 32.77197410724608], [-96.61383168055177, 32.772534094338944], [-96.61328497260217, 32.77299409458268], [-96.61248357595649, 32.773358348859915], [-96.61214937316176, 32.77326821538917], [-96.60933936803212, 32.774538608893124], [-96.60940108994623, 32.77478473710235], [-96.60940431758608, 32.775845155709085], [-96.61130721605095, 32.77590156934396], [-96.6112908096665, 32.77613925740353], [-96.61117852923972, 32.77644545981627], [-96.61091153906914, 32.7767960477923], [-96.61045344290466, 32.777180845154575], [-96.609750553206, 32.7765680915906], [-96.60706915777381, 32.778774754418876], [-96.60602643699563, 32.77788957039109], [-96.60545395563574, 32.778382104484365], [-96.60067431526907, 32.77840750988131], [-96.6007293086405, 32.777354802468416], [-96.5998017211651, 32.777543615096064]], [[-96.60092434767921, 32.775435402700985], [-96.60092008812185, 32.77570887864398], [-96.60140810211077, 32.77571430788301], [-96.60141235850863, 32.77544083327271], [-96.60092434767921, 32.775435402700985]]]}, "properties": {"title": "EL ROSA | 3 Future Lots", "description": "Mesquite | Single-Family | Total 253 | Built 250 | Future Lots 3 | Future Units 3 | 1_parcels_with_year_built_since_2024; 1_parcels_with_incomplete_official_structure_records", "feature_role": "project_boundary", "legend_category": "Other Active Residential", "rank": null, "project_id": "DCAD-SUBD-08250-61b893f17d", "subdivision_number": "08250", "subdivision_name": "EL ROSA", "city": "Mesquite", "housing_type": "Single-Family", "total_lots": 253, "built_lots": 250, "future_lots": 3, "future_units": 3, "activity_status": "active_residential", "active_evidence": "1_parcels_with_year_built_since_2024; 1_parcels_with_incomplete_official_structure_records", "match_confidence": 0.999996, "review_status": "high_confidence_spatial_subset", "source_snapshot_date": "GIS parcel 2026-07-10; subdivision 2026-06-27; appraisal retrieved 2026-08-13 (2027 current)", "stroke": "#176B66", "stroke-width": 1, "stroke-opacity": 0.7, "fill": "#2A9D8F", "fill-opacity": 0.22}}, {"type": "Feature", "geometry": {"type": "Polygon", "coordinates": [[[-96.63607698464308, 32.7575031309684], [-96.63575134250517, 32.75749133520029], [-96.63576389742849, 32.75689357882805], [-96.63543865401526, 32.75688838757068], [-96.63542609690249, 32.75748614391029], [-96.6347756058402, 32.75747575740348], [-96.6347881673318, 32.75687800112915], [-96.6341376824269, 32.7568676113087], [-96.6341502481281, 32.75626985507314], [-96.63480072865424, 32.75628024482834], [-96.63481805433864, 32.75545575333559], [-96.63384234183833, 32.75544016823645], [-96.63379987114408, 32.75746017197341], [-96.63265442221895, 32.75744866894291], [-96.63265973069169, 32.75708035960402], [-96.63124811481279, 32.75706052203889], [-96.63126478687768, 32.75526418804835], [-96.63268447638498, 32.755285521718704], [-96.63269208483307, 32.75459839782575], [-96.63126895875537, 32.754577012414956], [-96.63129340189994, 32.749191693220126], [-96.6314493573649, 32.74912393373548], [-96.63342751458889, 32.75081690400624], [-96.63302444006436, 32.75114899906972], [-96.63313543404358, 32.7512468871277], [-96.63353775331579, 32.75091203119285], [-96.63456118934866, 32.751789259606944], [-96.63401159944469, 32.75224287181514], [-96.6342402416516, 32.75243187292072], [-96.63478652148737, 32.75198095921257], [-96.6348936816935, 32.75207610905654], [-96.63443998632074, 32.75244589908296], [-96.63455272704405, 32.75254495843826], [-96.63440054494224, 32.7526689963097], [-96.63451328753108, 32.752768055723635], [-96.63512201009708, 32.75227190663874], [-96.63558624291753, 32.75266787808546], [-96.63497399176264, 32.75316179227432], [-96.63514176720128, 32.75330589168364], [-96.6357532053289, 32.752811964479584], [-96.63743902904544, 32.75421869365257], [-96.63682322981946, 32.75470710526106], [-96.63726972098485, 32.755107398000064], [-96.63788463863582, 32.754611627949394], [-96.63934257926677, 32.755895489707015], [-96.63832897907258, 32.756729842226726], [-96.63788173917752, 32.756341596051605], [-96.6377266868713, 32.75633733659151], [-96.63771668354177, 32.756832877208666], [-96.63738208109957, 32.75682941476746], [-96.63737933873682, 32.757520953521016], [-96.63607698464308, 32.7575031309684]], [[-96.6326841523111, 32.7554116557618], [-96.63250289019408, 32.7554081671987], [-96.63249280709799, 32.75568816053801], [-96.63267995234197, 32.755692023393166], [-96.6326841523111, 32.7554116557618]], [[-96.63368410709374, 32.75447303259944], [-96.63368693882903, 32.754067572195325], [-96.63269658458249, 32.754052699638535], [-96.63269200648577, 32.75446363220125], [-96.63368410709374, 32.75447303259944]]]}, "properties": {"title": "SHERWOOD FOREST NO 2 | 3 Future Lots", "description": "Mesquite | Single-Family | Total 47 | Built 44 | Future Lots 3 | Future Units 3 | 1_parcels_with_year_built_since_2024; 1_parcels_with_incomplete_official_structure_records", "feature_role": "project_boundary", "legend_category": "Other Active Residential", "rank": null, "project_id": "DCAD-SUBD-18050-fc96e29a17", "subdivision_number": "18050", "subdivision_name": "SHERWOOD FOREST NO 2", "city": "Mesquite", "housing_type": "Single-Family", "total_lots": 47, "built_lots": 44, "future_lots": 3, "future_units": 3, "activity_status": "active_residential", "active_evidence": "1_parcels_with_year_built_since_2024; 1_parcels_with_incomplete_official_structure_records", "match_confidence": 1.0, "review_status": "high_confidence_spatial_subset", "source_snapshot_date": "GIS parcel 2026-07-10; subdivision 2026-06-27; appraisal retrieved 2026-08-13 (2027 current)", "stroke": "#176B66", "stroke-width": 1, "stroke-opacity": 0.7, "fill": "#2A9D8F", "fill-opacity": 0.22}}, {"type": "Feature", "geometry": {"type": "Polygon", "coordinates": [[[-96.55109956013352, 32.7277071635152], [-96.54947496972501, 32.72615263598782], [-96.55098653025651, 32.72490161461004], [-96.55310229983871, 32.72668880201608], [-96.55273733383926, 32.726973117683755], [-96.552361665721, 32.72719029780822], [-96.55151613355048, 32.72750427424063], [-96.55118887101679, 32.727709738027585], [-96.55109956013352, 32.7277071635152]]]}, "properties": {"title": "RIDGE RANCH PH 3 | 3 Future Lots", "description": "Mesquite | Single-Family | Total 44 | Built 41 | Future Lots 3 | Future Units 3 | 1_parcels_with_year_built_since_2024", "feature_role": "project_boundary", "legend_category": "Other Active Residential", "rank": null, "project_id": "DCAD-SUBD-16158-239cfc66a9", "subdivision_number": "16158", "subdivision_name": "RIDGE RANCH PH 3", "city": "Mesquite", "housing_type": "Single-Family", "total_lots": 44, "built_lots": 41, "future_lots": 3, "future_units": 3, "activity_status": "active_residential", "active_evidence": "1_parcels_with_year_built_since_2024", "match_confidence": 1.0, "review_status": "high_confidence_spatial_subset", "source_snapshot_date": "GIS parcel 2026-07-10; subdivision 2026-06-27; appraisal retrieved 2026-08-13 (2027 current)", "stroke": "#176B66", "stroke-width": 1, "stroke-opacity": 0.7, "fill": "#2A9D8F", "fill-opacity": 0.22}}, {"type": "Feature", "geometry": {"type": "Polygon", "coordinates": [[[-96.64873022627764, 32.68194107457259], [-96.64876967129685, 32.6793959395124], [-96.65134783726518, 32.679404502618475], [-96.65139000499708, 32.67618505844915], [-96.65719423062855, 32.67621241374705], [-96.65714473553476, 32.680038584095584], [-96.65048005269905, 32.679975016563354], [-96.65059487240342, 32.68194958605144], [-96.64873022627764, 32.68194107457259]]]}, "properties": {"title": "FOREST HEIGHTS | 3 Future Lots", "description": "Dallas | Single-Family | Total 142 | Built 138 | Future Lots 3 | Future Units 3 | 2_parcels_with_year_built_since_2024", "feature_role": "project_boundary", "legend_category": "Other Active Residential", "rank": null, "project_id": "DCAD-SUBD-ROW8446-96caa5bf97", "subdivision_number": null, "subdivision_name": "FOREST HEIGHTS", "city": "Dallas", "housing_type": "Single-Family", "total_lots": 142, "built_lots": 138, "future_lots": 3, "future_units": 3, "activity_status": "active_residential", "active_evidence": "2_parcels_with_year_built_since_2024", "match_confidence": 0.999551, "review_status": "high_confidence_spatial_subset", "source_snapshot_date": "GIS parcel 2026-07-10; subdivision 2026-06-27; appraisal retrieved 2026-08-13 (2027 current)", "stroke": "#176B66", "stroke-width": 1, "stroke-opacity": 0.7, "fill": "#2A9D8F", "fill-opacity": 0.22}}, {"type": "Feature", "geometry": {"type": "Polygon", "coordinates": [[[-96.55668232934258, 32.81013496101307], [-96.55564044547751, 32.810122470355324], [-96.55567826324801, 32.80851751194241], [-96.55578492640338, 32.80815991828705], [-96.55600914958721, 32.807843482419045], [-96.55718166569478, 32.80694612827394], [-96.55715400021691, 32.804539726199245], [-96.5607953640653, 32.804516368932596], [-96.56072502226806, 32.80755302229234], [-96.56074811289541, 32.80978069779048], [-96.55669804087437, 32.80978126799604], [-96.55668232934258, 32.81013496101307]]]}, "properties": {"title": "STONEY CREEK PHASE 3A | 3 Future Lots", "description": "Sunnyvale | Single-Family | Total 27 | Built 24 | Future Lots 3 | Future Units 3 | 1_parcels_with_year_built_since_2024", "feature_role": "project_boundary", "legend_category": "Other Active Residential", "rank": null, "project_id": "DCAD-SUBD-00893-560912097b", "subdivision_number": "00893", "subdivision_name": "STONEY CREEK PHASE 3A", "city": "Sunnyvale", "housing_type": "Single-Family", "total_lots": 27, "built_lots": 24, "future_lots": 3, "future_units": 3, "activity_status": "active_residential", "active_evidence": "1_parcels_with_year_built_since_2024", "match_confidence": 1.0, "review_status": "high_confidence_spatial_subset", "source_snapshot_date": "GIS parcel 2026-07-10; subdivision 2026-06-27; appraisal retrieved 2026-08-13 (2027 current)", "stroke": "#176B66", "stroke-width": 1, "stroke-opacity": 0.7, "fill": "#2A9D8F", "fill-opacity": 0.22}}, {"type": "Feature", "geometry": {"type": "Polygon", "coordinates": [[[-96.52541969947204, 32.955552105151604], [-96.52581405785587, 32.955816351468435], [-96.52619965617264, 32.95615208316219], [-96.5262546459527, 32.95612474645158], [-96.52661120120199, 32.956443843373215], [-96.52299423711692, 32.95852441281642], [-96.52146341716804, 32.957205091212394], [-96.52541969947204, 32.955552105151604]]]}, "properties": {"title": "COUNTRY WAY | 3 Future Lots", "description": "No Town | Single-Family | Total 14 | Built 11 | Future Lots 3 | Future Units 3 | 1_parcels_with_year_built_since_2024", "feature_role": "project_boundary", "legend_category": "Other Active Residential", "rank": null, "project_id": "DCAD-SUBD-03555-69972a0bcc", "subdivision_number": "03555", "subdivision_name": "COUNTRY WAY", "city": "No Town", "housing_type": "Single-Family", "total_lots": 14, "built_lots": 11, "future_lots": 3, "future_units": 3, "activity_status": "active_residential", "active_evidence": "1_parcels_with_year_built_since_2024", "match_confidence": 0.999974, "review_status": "high_confidence_spatial_subset", "source_snapshot_date": "GIS parcel 2026-07-10; subdivision 2026-06-27; appraisal retrieved 2026-08-13 (2027 current)", "stroke": "#176B66", "stroke-width": 1, "stroke-opacity": 0.7, "fill": "#2A9D8F", "fill-opacity": 0.22}}, {"type": "Feature", "geometry": {"type": "Polygon", "coordinates": [[[-96.689989611604, 32.6988090327124], [-96.68999193085365, 32.69679183339354], [-96.69091229085005, 32.69679893429], [-96.69093803780157, 32.69844568094449], [-96.689989611604, 32.6988090327124]]]}, "properties": {"title": "STEWARDSHIP | 3 Future Lots", "description": "Dallas | Single-Family | Total 14 | Built 11 | Future Lots 3 | Future Units 3 | 11_parcels_with_year_built_since_2024; 7_parcels_with_incomplete_official_structure_records", "feature_role": "project_boundary", "legend_category": "Other Active Residential", "rank": null, "project_id": "DCAD-SUBD-ROW23339-0451c2e504", "subdivision_number": null, "subdivision_name": "STEWARDSHIP", "city": "Dallas", "housing_type": "Single-Family", "total_lots": 14, "built_lots": 11, "future_lots": 3, "future_units": 3, "activity_status": "active_residential", "active_evidence": "11_parcels_with_year_built_since_2024; 7_parcels_with_incomplete_official_structure_records", "match_confidence": 0.999947, "review_status": "high_confidence_spatial_subset", "source_snapshot_date": "GIS parcel 2026-07-10; subdivision 2026-06-27; appraisal retrieved 2026-08-13 (2027 current)", "stroke": "#176B66", "stroke-width": 1, "stroke-opacity": 0.7, "fill": "#2A9D8F", "fill-opacity": 0.22}}, {"type": "Feature", "geometry": {"type": "Polygon", "coordinates": [[[-96.81312747931437, 32.83211552614991], [-96.80998806786623, 32.832063737443505], [-96.80965911274617, 32.83071436948231], [-96.80959601637124, 32.83025929732703], [-96.80979199617038, 32.830216660521856], [-96.80979617708648, 32.82811183520669], [-96.81081714941956, 32.82798497432464], [-96.81087237882875, 32.82841543243934], [-96.81156411185457, 32.82827090090055], [-96.81150719681587, 32.827862110474356], [-96.8121029222436, 32.82776358875376], [-96.81388145223129, 32.82762189678104], [-96.81459946729854, 32.82762791557277], [-96.81582733982422, 32.82771659616398], [-96.81526596043592, 32.832262207667114], [-96.81312747931437, 32.83211552614991]], [[-96.81055829843274, 32.830562375855074], [-96.81053640149287, 32.8305078199933], [-96.80986308272135, 32.83067001022058], [-96.80996236149134, 32.831073225755425], [-96.81066141637358, 32.830926681634445], [-96.81055829843274, 32.830562375855074]], [[-96.81311958898206, 32.829831375724474], [-96.81308323522812, 32.829463547163066], [-96.81244405502068, 32.82956848895536], [-96.81250614149943, 32.82993183387433], [-96.81311958898206, 32.829831375724474]]]}, "properties": {"title": "HIGHLAND PARK WEST 5TH INST | 3 Future Lots", "description": "Highland Park | Single-Family | Total 198 | Built 195 | Future Lots 3 | Future Units 3 | 3_parcels_with_year_built_since_2024; 1_parcels_with_incomplete_official_structure_records", "feature_role": "project_boundary", "legend_category": "Other Active Residential", "rank": null, "project_id": "DCAD-SUBD-08450-aadc59511b", "subdivision_number": "08450", "subdivision_name": "HIGHLAND PARK WEST 5TH INST", "city": "Highland Park", "housing_type": "Single-Family", "total_lots": 198, "built_lots": 195, "future_lots": 3, "future_units": 3, "activity_status": "active_residential", "active_evidence": "3_parcels_with_year_built_since_2024; 1_parcels_with_incomplete_official_structure_records", "match_confidence": 0.999962, "review_status": "high_confidence_spatial_subset", "source_snapshot_date": "GIS parcel 2026-07-10; subdivision 2026-06-27; appraisal retrieved 2026-08-13 (2027 current)", "stroke": "#176B66", "stroke-width": 1, "stroke-opacity": 0.7, "fill": "#2A9D8F", "fill-opacity": 0.22}}, {"type": "Feature", "geometry": {"type": "Polygon", "coordinates": [[[-96.75426140926452, 32.79948599620032], [-96.7545575077761, 32.799745807985644], [-96.7543244325561, 32.79993547892719], [-96.75443606210688, 32.80003211394138], [-96.75407497613297, 32.800328137714295], [-96.75367404238862, 32.79998032469071], [-96.75426140926452, 32.79948599620032]]]}, "properties": {"title": "LAMONT TRAIL | 3 Future Lots", "description": "Dallas | Mixed-Use | Total 5 | Built 2 | Future Lots 3 | Future Units 5 | 2_parcels_with_year_built_since_2024; 1_parcels_with_incomplete_official_structure_records", "feature_role": "project_boundary", "legend_category": "Other Active Residential", "rank": null, "project_id": "DCAD-SUBD-ROW13619-f8f1581e7c", "subdivision_number": null, "subdivision_name": "LAMONT TRAIL", "city": "Dallas", "housing_type": "Mixed-Use", "total_lots": 5, "built_lots": 2, "future_lots": 3, "future_units": 5, "activity_status": "active_residential", "active_evidence": "2_parcels_with_year_built_since_2024; 1_parcels_with_incomplete_official_structure_records", "match_confidence": 0.999973, "review_status": "high_confidence_spatial_subset", "source_snapshot_date": "GIS parcel 2026-07-10; subdivision 2026-06-27; appraisal retrieved 2026-08-13 (2027 current)", "stroke": "#176B66", "stroke-width": 1, "stroke-opacity": 0.7, "fill": "#2A9D8F", "fill-opacity": 0.22}}, {"type": "Feature", "geometry": {"type": "Polygon", "coordinates": [[[-96.76169039433138, 32.813936377047895], [-96.76282604705847, 32.813948517836565], [-96.7628172990307, 32.814315413075654], [-96.76363035129123, 32.81432514951257], [-96.76382325900502, 32.8143124594441], [-96.76380898466022, 32.8139531245441], [-96.76577498672883, 32.81397182693693], [-96.76576724670261, 32.81487767120072], [-96.76861464106696, 32.814874869053874], [-96.76861048315119, 32.81538043502521], [-96.76926814796998, 32.815384958657184], [-96.76927231270686, 32.81488043609398], [-96.77005288317434, 32.81488705454041], [-96.77003629555941, 32.81725134348651], [-96.77009507203094, 32.817456154868296], [-96.77005027677065, 32.82194395356996], [-96.76165885895392, 32.82192140384637], [-96.76168984109512, 32.81797420824664], [-96.76201063247733, 32.81797748214374], [-96.76201402011951, 32.81742542342361], [-96.76169254430067, 32.81742195712805], [-96.76169039433138, 32.813936377047895]], [[-96.76813425189314, 32.81668298022371], [-96.76811602668586, 32.817237150914615], [-96.7689343396956, 32.81724360463338], [-96.76894262770666, 32.81668813687085], [-96.76813425189314, 32.81668298022371]], [[-96.76860610007809, 32.81613545790391], [-96.76829758880938, 32.81613278560884], [-96.76828792149081, 32.81664513659508], [-96.7687748341031, 32.81664797839631], [-96.76878567292356, 32.816137011391284], [-96.76860610007809, 32.81613545790391]], [[-96.76862342503598, 32.81542100353309], [-96.76861830001835, 32.815929498929734], [-96.76959481797391, 32.81593651318001], [-96.76959993739436, 32.81542801774351], [-96.76862342503598, 32.81542100353309]]]}, "properties": {"title": "BELMONT SUBURBAN | 3 Future Lots", "description": "Dallas | Mixed-Use | Total 531 | Built 528 | Future Lots 3 | Future Units not quantified | 10_parcels_with_year_built_since_2024; 4_parcels_with_incomplete_official_structure_records", "feature_role": "project_boundary", "legend_category": "Other Active Residential", "rank": null, "project_id": "DCAD-SUBD-ROW1600-04fac9b08b", "subdivision_number": null, "subdivision_name": "BELMONT SUBURBAN", "city": "Dallas", "housing_type": "Mixed-Use", "total_lots": 531, "built_lots": 528, "future_lots": 3, "future_units": null, "activity_status": "active_residential", "active_evidence": "10_parcels_with_year_built_since_2024; 4_parcels_with_incomplete_official_structure_records", "match_confidence": 0.996939, "review_status": "high_confidence_spatial_subset", "source_snapshot_date": "GIS parcel 2026-07-10; subdivision 2026-06-27; appraisal retrieved 2026-08-13 (2027 current)", "stroke": "#176B66", "stroke-width": 1, "stroke-opacity": 0.7, "fill": "#2A9D8F", "fill-opacity": 0.22}}, {"type": "Feature", "geometry": {"type": "Polygon", "coordinates": [[[-96.81746724523002, 32.723903845239704], [-96.82219244226131, 32.72392201414587], [-96.82224398052384, 32.723962530605135], [-96.82273853864619, 32.723969188742394], [-96.82271210556232, 32.727710215587194], [-96.82031717615874, 32.727657094230665], [-96.8181150234285, 32.727655428462796], [-96.81794746735864, 32.72769634625918], [-96.81745382952137, 32.727692632948255], [-96.81746724523002, 32.723903845239704]]]}, "properties": {"title": "TRINITY HEIGHTS | 3 Future Lots", "description": "Dallas | Single-Family | Total 146 | Built 143 | Future Lots 3 | Future Units 3 | 4_parcels_with_year_built_since_2024; 1_parcels_with_incomplete_official_structure_records", "feature_role": "project_boundary", "legend_category": "Other Active Residential", "rank": null, "project_id": "DCAD-SUBD-ROW25087-1e134c9b08", "subdivision_number": null, "subdivision_name": "TRINITY HEIGHTS", "city": "Dallas", "housing_type": "Single-Family", "total_lots": 146, "built_lots": 143, "future_lots": 3, "future_units": 3, "activity_status": "active_residential", "active_evidence": "4_parcels_with_year_built_since_2024; 1_parcels_with_incomplete_official_structure_records", "match_confidence": 0.999817, "review_status": "high_confidence_spatial_subset", "source_snapshot_date": "GIS parcel 2026-07-10; subdivision 2026-06-27; appraisal retrieved 2026-08-13 (2027 current)", "stroke": "#176B66", "stroke-width": 1, "stroke-opacity": 0.7, "fill": "#2A9D8F", "fill-opacity": 0.22}}, {"type": "Feature", "geometry": {"type": "Polygon", "coordinates": [[[-96.77676848670289, 32.85708847165892], [-96.77675793439934, 32.856511379358125], [-96.7772083307822, 32.85651092765922], [-96.7772103346266, 32.856071136285465], [-96.77684399746407, 32.856071521619505], [-96.77705563204067, 32.8557228836028], [-96.77707596946962, 32.85250261633473], [-96.77746674900489, 32.852503958496264], [-96.77746683996716, 32.852119138683975], [-96.77707606212778, 32.852117796522705], [-96.77707643534524, 32.85118872898189], [-96.78279052102938, 32.85120823380068], [-96.7828079189344, 32.85213486263577], [-96.78235201291412, 32.852133316019724], [-96.78235194315249, 32.8525181358346], [-96.78280785277938, 32.85251968247327], [-96.78280732978426, 32.85306808978255], [-96.7824182063462, 32.85306940990586], [-96.7824209472707, 32.85345416538094], [-96.7828132582395, 32.853452819105726], [-96.78287934442736, 32.85756046909788], [-96.7810556507818, 32.85756429052313], [-96.78105002485302, 32.85712452185113], [-96.7803676655716, 32.857126179822444], [-96.78037174387147, 32.85756596705013], [-96.77676980073413, 32.857597418174166], [-96.77676848670289, 32.85708847165892]], [[-96.77970882373285, 32.85544233748583], [-96.77970968499153, 32.855002544148185], [-96.77925376253448, 32.85500384520654], [-96.77925289738631, 32.85544363851846], [-96.77970882373285, 32.85544233748583]], [[-96.77855707002826, 32.854889774215934], [-96.77855906714647, 32.854449982748775], [-96.77830099493079, 32.85444779836021], [-96.77786898759823, 32.854883944052744], [-96.77855707002826, 32.854889774215934]], [[-96.78077087649157, 32.85439258483308], [-96.78076692704535, 32.853999639539694], [-96.78031101003137, 32.85399807580599], [-96.78031357201758, 32.85439402183818], [-96.78077087649157, 32.85439258483308]], [[-96.78167879095933, 32.85400273491805], [-96.78168101263216, 32.854392607538486], [-96.78213693365804, 32.85439213195963], [-96.78213472270059, 32.85400429246959], [-96.78167879095933, 32.85400273491805]], [[-96.77945220032818, 32.853869980031924], [-96.77945228107389, 32.85348515887413], [-96.7792406068671, 32.85348443569104], [-96.7792405252294, 32.85386925547458], [-96.77945220032818, 32.853869980031924]], [[-96.77804471591632, 32.853447941870705], [-96.77804480276994, 32.853063120697605], [-96.77726324039324, 32.85306043880019], [-96.77726138330407, 32.85344525613329], [-96.77804471591632, 32.853447941870705]], [[-96.77843558479003, 32.853064459817126], [-96.77843549800431, 32.85344928096794], [-96.77867648147209, 32.85345010575979], [-96.7786765671853, 32.853065285982986], [-96.77843558479003, 32.853064459817126]], [[-96.77958611625212, 32.85306231407573], [-96.77924149533807, 32.8534459566742], [-96.77990820283685, 32.85344823455827], [-96.7799082832046, 32.85306341478062], [-96.77958611625212, 32.85306231407573]], [[-96.78085536495598, 32.85308154848093], [-96.78085808434042, 32.853466309284244], [-96.78183484780922, 32.85345748523025], [-96.78183212477258, 32.853072694216145], [-96.78085536495598, 32.85308154848093]], [[-96.78203012848849, 32.8534448109694], [-96.78222559254682, 32.85345595423891], [-96.78222285332188, 32.85307115478601], [-96.78202746854559, 32.853070923705154], [-96.78203012848849, 32.8534448109694]], [[-96.77824803506718, 32.85292994218179], [-96.7782481226659, 32.85254512101113], [-96.7774665632207, 32.85254244036783], [-96.77746647388487, 32.852927260186355], [-96.77824803506718, 32.85292994218179]], [[-96.77844351252128, 32.852545791092204], [-96.77844342579716, 32.852930610888826], [-96.77889933747635, 32.85293217184451], [-96.77889942059385, 32.85254735202513], [-96.77844351252128, 32.852545791092204]], [[-96.78049384762704, 32.85256039431364], [-96.78049351829648, 32.852944831262505], [-96.78147017147167, 32.85294300229284], [-96.78147074297516, 32.8525582031159], [-96.78049384762704, 32.85256039431364]], [[-96.77825129604841, 32.85251520951161], [-96.77903216812894, 32.85251721044651], [-96.77903286294398, 32.852132392205306], [-96.77805683673505, 32.852129963265384], [-96.77805529908281, 32.8525147781453], [-96.77825129604841, 32.85251520951161]], [[-96.77785752855199, 32.852505299430824], [-96.77785761619036, 32.85212047959581], [-96.77766222727661, 32.85211980859488], [-96.77766213876362, 32.852504629803974], [-96.77785752855199, 32.852505299430824]], [[-96.7792253371212, 32.85212516386832], [-96.77922525541851, 32.85250998370408], [-96.7796160350187, 32.85251131911731], [-96.77961611502549, 32.85212649928132], [-96.7792253371212, 32.85212516386832]], [[-96.78235001569301, 32.85256088908808], [-96.78216929083992, 32.852560949892684], [-96.78217187520517, 32.852945744483144], [-96.78241610828249, 32.85294594850244], [-96.78241352122934, 32.85256115389461], [-96.78235001569301, 32.85256088908808]], [[-96.78185948972279, 32.85294504995918], [-96.78186302446977, 32.85256027796828], [-96.78166616596444, 32.85255917786648], [-96.78166557264946, 32.852943969858764], [-96.78185948972279, 32.85294504995918]], [[-96.7776622570059, 32.85199336758184], [-96.77766234711919, 32.85160854774987], [-96.77727157155364, 32.85160720482821], [-96.77727147971783, 32.851992026034125], [-96.7776622570059, 32.85199336758184]], [[-96.77785773493306, 32.85160921737642], [-96.77785764566772, 32.851994037208506], [-96.77824842294683, 32.851995378289985], [-96.77824850891498, 32.85161055706097], [-96.77785773493306, 32.85160921737642]], [[-96.77844389671102, 32.8516112271415], [-96.7784438116175, 32.851996046996454], [-96.77942075330701, 32.85199939002774], [-96.77942083578887, 32.85161457019478], [-96.77844389671102, 32.8516112271415]], [[-96.77961483126772, 32.85161523843089], [-96.77961614199539, 32.85200005689379], [-96.77982290274855, 32.8520028819744], [-96.77982159112356, 32.85161806351377], [-96.77961483126772, 32.85161523843089]], [[-96.7807386994695, 32.85162456362638], [-96.78073862433487, 32.85200938348229], [-96.78119453131784, 32.85201093603072], [-96.78119460447394, 32.85162611617457], [-96.7807386994695, 32.85162456362638]]]}, "properties": {"title": "CARUTH HILLS | 3 Future Lots", "description": "University Park | Single-Family | Total 217 | Built 214 | Future Lots 3 | Future Units 3 | 2_parcels_with_year_built_since_2024; 1_parcels_with_incomplete_official_structure_records", "feature_role": "project_boundary", "legend_category": "Other Active Residential", "rank": null, "project_id": "DCAD-SUBD-02750-e3d835276e", "subdivision_number": "02750", "subdivision_name": "CARUTH HILLS", "city": "University Park", "housing_type": "Single-Family", "total_lots": 217, "built_lots": 214, "future_lots": 3, "future_units": 3, "activity_status": "active_residential", "active_evidence": "2_parcels_with_year_built_since_2024; 1_parcels_with_incomplete_official_structure_records", "match_confidence": 0.999963, "review_status": "high_confidence_spatial_subset", "source_snapshot_date": "GIS parcel 2026-07-10; subdivision 2026-06-27; appraisal retrieved 2026-08-13 (2027 current)", "stroke": "#176B66", "stroke-width": 1, "stroke-opacity": 0.7, "fill": "#2A9D8F", "fill-opacity": 0.22}}, {"type": "Feature", "geometry": {"type": "Polygon", "coordinates": [[[-96.79109664835859, 32.77132843671129], [-96.79135950113542, 32.771135586175646], [-96.79162129369378, 32.771380618954176], [-96.79066697654491, 32.7720880555462], [-96.7904850912568, 32.77191759598317], [-96.79109664835859, 32.77132843671129]]]}, "properties": {"title": "CEDARS TOWNHOMES | 4 Future Lots", "description": "Dallas | Single-Family | Total 19 | Built 15 | Future Lots 4 | Future Units 4 | 1_parcels_with_year_built_since_2024", "feature_role": "project_boundary", "legend_category": "Other Active Residential", "rank": null, "project_id": "DCAD-SUBD-ROW3998-ad4239775a", "subdivision_number": null, "subdivision_name": "CEDARS TOWNHOMES", "city": "Dallas", "housing_type": "Single-Family", "total_lots": 19, "built_lots": 15, "future_lots": 4, "future_units": 4, "activity_status": "active_residential", "active_evidence": "1_parcels_with_year_built_since_2024", "match_confidence": 0.999209, "review_status": "high_confidence_spatial_subset", "source_snapshot_date": "GIS parcel 2026-07-10; subdivision 2026-06-27; appraisal retrieved 2026-08-13 (2027 current)", "stroke": "#176B66", "stroke-width": 1, "stroke-opacity": 0.7, "fill": "#2A9D8F", "fill-opacity": 0.22}}, {"type": "Feature", "geometry": {"type": "Polygon", "coordinates": [[[-96.76923919151103, 32.75544422183027], [-96.77045773736415, 32.75649197945042], [-96.76877852242372, 32.757914566896915], [-96.76781337063825, 32.75665197434907], [-96.76923919151103, 32.75544422183027]]]}, "properties": {"title": "J.C. HUGULES & CLOUDS WENDELKIN | 4 Future Lots", "description": "Dallas | Single-Family | Total 32 | Built 28 | Future Lots 4 | Future Units 4 | 1_parcels_with_year_built_since_2024", "feature_role": "project_boundary", "legend_category": "Other Active Residential", "rank": null, "project_id": "DCAD-SUBD-1210-9f830ade8a", "subdivision_number": "1210", "subdivision_name": "J.C. HUGULES & CLOUDS WENDELKIN", "city": "Dallas", "housing_type": "Single-Family", "total_lots": 32, "built_lots": 28, "future_lots": 4, "future_units": 4, "activity_status": "active_residential", "active_evidence": "1_parcels_with_year_built_since_2024", "match_confidence": 1.0, "review_status": "high_confidence_spatial_subset", "source_snapshot_date": "GIS parcel 2026-07-10; subdivision 2026-06-27; appraisal retrieved 2026-08-13 (2027 current)", "stroke": "#176B66", "stroke-width": 1, "stroke-opacity": 0.7, "fill": "#2A9D8F", "fill-opacity": 0.22}}, {"type": "Feature", "geometry": {"type": "Polygon", "coordinates": [[[-96.83377614158, 32.783986599771765], [-96.83466602483621, 32.782156170493046], [-96.83524113320568, 32.78215720318806], [-96.8352482382794, 32.783947582992944], [-96.83484204736978, 32.78394868464487], [-96.83484592180803, 32.784969365971506], [-96.83525305927381, 32.785162561085926], [-96.8352536166431, 32.78530310962759], [-96.8335275653023, 32.784498617935604], [-96.83377614158, 32.783986599771765]]]}, "properties": {"title": "BRANTLEYS JUNIOR | 4 Future Lots", "description": "Dallas | Single-Family | Total 15 | Built 11 | Future Lots 4 | Future Units 4 | 2_parcels_with_year_built_since_2024", "feature_role": "project_boundary", "legend_category": "Other Active Residential", "rank": null, "project_id": "DCAD-SUBD-ROW2327-814b21339d", "subdivision_number": null, "subdivision_name": "BRANTLEYS JUNIOR", "city": "Dallas", "housing_type": "Single-Family", "total_lots": 15, "built_lots": 11, "future_lots": 4, "future_units": 4, "activity_status": "active_residential", "active_evidence": "2_parcels_with_year_built_since_2024", "match_confidence": 1.0, "review_status": "high_confidence_spatial_subset", "source_snapshot_date": "GIS parcel 2026-07-10; subdivision 2026-06-27; appraisal retrieved 2026-08-13 (2027 current)", "stroke": "#176B66", "stroke-width": 1, "stroke-opacity": 0.7, "fill": "#2A9D8F", "fill-opacity": 0.22}}, {"type": "Feature", "geometry": {"type": "Polygon", "coordinates": [[[-96.6200742872315, 32.66209641498574], [-96.61874529254311, 32.660627836150184], [-96.62473765819712, 32.65573379310875], [-96.62894470674216, 32.659345275916266], [-96.62266813337604, 32.664578574492054], [-96.62119013805625, 32.663329413175646], [-96.6200742872315, 32.66209641498574]], [[-96.6250274054636, 32.65986694622034], [-96.6247305676841, 32.659653249054756], [-96.62381669015697, 32.66052376190642], [-96.62464288804351, 32.66122548066761], [-96.62562151272228, 32.660294644530666], [-96.6250274054636, 32.65986694622034]], [[-96.62392507449383, 32.65762273858553], [-96.6232525576704, 32.65713793085381], [-96.62230814991236, 32.65790926134291], [-96.62305764322358, 32.658448862071445], [-96.62392507449383, 32.65762273858553]]]}, "properties": {"title": "RICH ACRES | 4 Future Lots", "description": "Dallas | Single-Family | Total 40 | Built 35 | Future Lots 4 | Future Units 4 | 1_parcels_with_year_built_since_2024", "feature_role": "project_boundary", "legend_category": "Other Active Residential", "rank": null, "project_id": "DCAD-SUBD-ROW20503-dd822a7bf1", "subdivision_number": null, "subdivision_name": "RICH ACRES", "city": "Dallas", "housing_type": "Single-Family", "total_lots": 40, "built_lots": 35, "future_lots": 4, "future_units": 4, "activity_status": "active_residential", "active_evidence": "1_parcels_with_year_built_since_2024", "match_confidence": 1.0, "review_status": "high_confidence_spatial_subset", "source_snapshot_date": "GIS parcel 2026-07-10; subdivision 2026-06-27; appraisal retrieved 2026-08-13 (2027 current)", "stroke": "#176B66", "stroke-width": 1, "stroke-opacity": 0.7, "fill": "#2A9D8F", "fill-opacity": 0.22}}, {"type": "Feature", "geometry": {"type": "Polygon", "coordinates": [[[-96.76257343054141, 32.89127122479445], [-96.7633957770483, 32.890935956161805], [-96.76381562371876, 32.89060122662268], [-96.76400180843922, 32.89055813582627], [-96.764032822002, 32.89064802331251], [-96.76419245070706, 32.89064945168179], [-96.76419307269437, 32.89059997691676], [-96.76436573410888, 32.890601522159514], [-96.76437029448687, 32.89023871407206], [-96.76463416980734, 32.89024107412688], [-96.76461322166017, 32.89190786930852], [-96.76256660878235, 32.89188837095962], [-96.76226240395394, 32.891473975120086], [-96.7624784430165, 32.891361084862304], [-96.76251005244741, 32.891404143597505], [-96.7626263827157, 32.89134335732631], [-96.76257343054141, 32.89127122479445]]]}, "properties": {"title": "MERION AT MIDTOWN PARK PH 4 | 4 Future Lots", "description": "Dallas | Single-Family | Total 92 | Built 88 | Future Lots 4 | Future Units not quantified | 11_parcels_with_year_built_since_2024", "feature_role": "project_boundary", "legend_category": "Other Active Residential", "rank": null, "project_id": "DCAD-SUBD-ROW15579-fb6241aa79", "subdivision_number": null, "subdivision_name": "MERION AT MIDTOWN PARK PH 4", "city": "Dallas", "housing_type": "Single-Family", "total_lots": 92, "built_lots": 88, "future_lots": 4, "future_units": null, "activity_status": "active_residential", "active_evidence": "11_parcels_with_year_built_since_2024", "match_confidence": 1.0, "review_status": "high_confidence_spatial_subset", "source_snapshot_date": "GIS parcel 2026-07-10; subdivision 2026-06-27; appraisal retrieved 2026-08-13 (2027 current)", "stroke": "#176B66", "stroke-width": 1, "stroke-opacity": 0.7, "fill": "#2A9D8F", "fill-opacity": 0.22}}, {"type": "Feature", "geometry": {"type": "Polygon", "coordinates": [[[-96.7617937269029, 32.589394458205696], [-96.76178498671324, 32.589807805679634], [-96.76056760163704, 32.589723584303044], [-96.76057616504657, 32.58931889963223], [-96.7617937269029, 32.589394458205696]]]}, "properties": {"title": "PECAN HOLLOW ESTATES REPLAT | 4 Future Lots", "description": "Lancaster | Single-Family | Total 5 | Built 1 | Future Lots 4 | Future Units 4 | 1_parcels_with_year_built_since_2024", "feature_role": "project_boundary", "legend_category": "Other Active Residential", "rank": null, "project_id": "DCAD-SUBD-07162-b1f763ae24", "subdivision_number": "07162", "subdivision_name": "PECAN HOLLOW ESTATES REPLAT", "city": "Lancaster", "housing_type": "Single-Family", "total_lots": 5, "built_lots": 1, "future_lots": 4, "future_units": 4, "activity_status": "active_residential", "active_evidence": "1_parcels_with_year_built_since_2024", "match_confidence": 1.0, "review_status": "high_confidence_spatial_subset", "source_snapshot_date": "GIS parcel 2026-07-10; subdivision 2026-06-27; appraisal retrieved 2026-08-13 (2027 current)", "stroke": "#176B66", "stroke-width": 1, "stroke-opacity": 0.7, "fill": "#2A9D8F", "fill-opacity": 0.22}}, {"type": "Feature", "geometry": {"type": "Polygon", "coordinates": [[[-96.58494165574845, 32.721195549493494], [-96.58411613069235, 32.7209375194911], [-96.58355712081024, 32.7206411087543], [-96.5807879966753, 32.71825963343226], [-96.5800329993149, 32.71769206303069], [-96.58040698416742, 32.71745851074578], [-96.58081818525483, 32.71727503490879], [-96.58125729395161, 32.71714578889342], [-96.58171437003617, 32.717073698448516], [-96.58217906666192, 32.71706039548359], [-96.58264086452115, 32.71710618113728], [-96.58369595272237, 32.71738788368335], [-96.5843380541743, 32.71746749581931], [-96.58498596617183, 32.7174361655256], [-96.58576364786325, 32.7172433760786], [-96.5860188417122, 32.717752890991214], [-96.58617775367742, 32.71838308557463], [-96.58633975194354, 32.71875938425501], [-96.58665722641148, 32.71922049071398], [-96.58696426462777, 32.71952542893296], [-96.58494165574845, 32.721195549493494]]]}, "properties": {"title": "ARCADIA TRAILS PH ONE | 4 Future Lots", "description": "Balch Springs | Single-Family | Total 134 | Built 130 | Future Lots 4 | Future Units not quantified | 62_parcels_with_year_built_since_2024", "feature_role": "project_boundary", "legend_category": "Other Active Residential", "rank": null, "project_id": "DCAD-SUBD-00133-d930da94c4", "subdivision_number": "00133", "subdivision_name": "ARCADIA TRAILS PH ONE", "city": "Balch Springs", "housing_type": "Single-Family", "total_lots": 134, "built_lots": 130, "future_lots": 4, "future_units": null, "activity_status": "active_residential", "active_evidence": "62_parcels_with_year_built_since_2024", "match_confidence": 0.999785, "review_status": "high_confidence_spatial_subset", "source_snapshot_date": "GIS parcel 2026-07-10; subdivision 2026-06-27; appraisal retrieved 2026-08-13 (2027 current)", "stroke": "#176B66", "stroke-width": 1, "stroke-opacity": 0.7, "fill": "#2A9D8F", "fill-opacity": 0.22}}, {"type": "Feature", "geometry": {"type": "Polygon", "coordinates": [[[-96.80416588340908, 32.82730453913663], [-96.80369761034541, 32.82534818431367], [-96.80373538741863, 32.82529257944627], [-96.80381415674839, 32.82531499743556], [-96.8038597909749, 32.8252038790605], [-96.80297716314617, 32.823992320966155], [-96.80262667247656, 32.823336282077236], [-96.80264592787861, 32.82320314420238], [-96.80248143765635, 32.823071506150775], [-96.80247154809395, 32.8227301537014], [-96.8044158172257, 32.82274896879297], [-96.80441138889339, 32.823157137408074], [-96.80687402974523, 32.82317615734124], [-96.80683608467577, 32.82521681777531], [-96.80752563198175, 32.825493094497425], [-96.80810331470552, 32.825838951066714], [-96.8085525128365, 32.826244994902616], [-96.80890345647006, 32.826727500489376], [-96.809187334163, 32.827380581104926], [-96.80930415312287, 32.82795006494814], [-96.80941753732931, 32.828227684586686], [-96.8095201763387, 32.8289840034776], [-96.80954651351354, 32.830096327470855], [-96.80778878562428, 32.830106476453494], [-96.80779627893698, 32.829649506997754], [-96.80755535842947, 32.8296512883362], [-96.80755394150941, 32.829190879516865], [-96.80706559439041, 32.8291919495332], [-96.80706700714791, 32.82965235833586], [-96.8073135565815, 32.82965181875795], [-96.80730491530107, 32.83010926468554], [-96.80571832789337, 32.83011839862128], [-96.80572280010267, 32.82963477279545], [-96.80498440935295, 32.82956155817267], [-96.80497930256664, 32.8301137827845], [-96.80460737013259, 32.83011473570595], [-96.80461729179203, 32.82939677694243], [-96.80416588340908, 32.82730453913663]]]}, "properties": {"title": "HIGHLAND PARK WEST NO. 1 | 4 Future Lots", "description": "Highland Park | Single-Family | Total 118 | Built 114 | Future Lots 4 | Future Units 4 | 1_parcels_with_year_built_since_2024; 1_parcels_with_incomplete_official_structure_records", "feature_role": "project_boundary", "legend_category": "Other Active Residential", "rank": null, "project_id": "DCAD-SUBD-08450-3c8346e871", "subdivision_number": "08450", "subdivision_name": "HIGHLAND PARK WEST NO. 1", "city": "Highland Park", "housing_type": "Single-Family", "total_lots": 118, "built_lots": 114, "future_lots": 4, "future_units": 4, "activity_status": "active_residential", "active_evidence": "1_parcels_with_year_built_since_2024; 1_parcels_with_incomplete_official_structure_records", "match_confidence": 0.999786, "review_status": "high_confidence_spatial_subset", "source_snapshot_date": "GIS parcel 2026-07-10; subdivision 2026-06-27; appraisal retrieved 2026-08-13 (2027 current)", "stroke": "#176B66", "stroke-width": 1, "stroke-opacity": 0.7, "fill": "#2A9D8F", "fill-opacity": 0.22}}, {"type": "Feature", "geometry": {"type": "Polygon", "coordinates": [[[-96.54600623714538, 32.80758120631682], [-96.54640214606742, 32.807231198635414], [-96.54677117461875, 32.8072316167075], [-96.54705110642422, 32.806871415791605], [-96.5468759973123, 32.806703707244395], [-96.54701498632967, 32.80660820086627], [-96.54670247103712, 32.80635636703126], [-96.54693831536962, 32.80598858314447], [-96.54707473047064, 32.80563604771601], [-96.54707286661326, 32.805229114470386], [-96.5474929635509, 32.805227741234425], [-96.54752410943192, 32.804921857654726], [-96.547484108405, 32.80459726232008], [-96.5480944922671, 32.804595665765056], [-96.54809466291704, 32.804650640117856], [-96.5482242701141, 32.80465309599318], [-96.54827760777974, 32.80564211303519], [-96.5482193630233, 32.805691892986296], [-96.54778791432966, 32.80569407063051], [-96.54847481474842, 32.806266038971174], [-96.54925033631493, 32.806607577868135], [-96.5494805424274, 32.80664759163301], [-96.5494808305895, 32.80668882179774], [-96.5516464666888, 32.80667784989664], [-96.5519925544615, 32.806807269137856], [-96.5521012144326, 32.806664152629025], [-96.55256557308797, 32.8069162827062], [-96.5497192147091, 32.810579353467496], [-96.54967779620235, 32.81055750772709], [-96.54941396672088, 32.81090455223964], [-96.54945504539103, 32.81092682985957], [-96.54847213579443, 32.81221972855643], [-96.54774465404529, 32.81210469029176], [-96.54751498755253, 32.8117448509817], [-96.54668885969924, 32.81092795531443], [-96.54600552356403, 32.81083335565366], [-96.54537263107802, 32.810687675695455], [-96.54510533178014, 32.81037343653913], [-96.54454470103433, 32.81020809022565], [-96.54591647761004, 32.80782227314146], [-96.54600623714538, 32.80758120631682]]]}, "properties": {"title": "STONEY CREEK PH 4B | 4 Future Lots", "description": "Sunnyvale | Single-Family | Total 59 | Built 55 | Future Lots 4 | Future Units 4 | 2_parcels_with_year_built_since_2024", "feature_role": "project_boundary", "legend_category": "Other Active Residential", "rank": null, "project_id": "DCAD-SUBD-00905-4175fe8c16", "subdivision_number": "00905", "subdivision_name": "STONEY CREEK PH 4B", "city": "Sunnyvale", "housing_type": "Single-Family", "total_lots": 59, "built_lots": 55, "future_lots": 4, "future_units": 4, "activity_status": "active_residential", "active_evidence": "2_parcels_with_year_built_since_2024", "match_confidence": 0.999997, "review_status": "high_confidence_spatial_subset", "source_snapshot_date": "GIS parcel 2026-07-10; subdivision 2026-06-27; appraisal retrieved 2026-08-13 (2027 current)", "stroke": "#176B66", "stroke-width": 1, "stroke-opacity": 0.7, "fill": "#2A9D8F", "fill-opacity": 0.22}}, {"type": "Feature", "geometry": {"type": "Polygon", "coordinates": [[[-96.84805961394416, 32.78139208603245], [-96.84818550613643, 32.781391959115275], [-96.84818840046893, 32.78345350785545], [-96.84597569247437, 32.78345570526711], [-96.84597284954367, 32.78139415647628], [-96.84805961394416, 32.78139208603245]]]}, "properties": {"title": "HOMESTEAD MANOR | 4 Future Lots", "description": "Dallas | Single-Family | Total 68 | Built 64 | Future Lots 4 | Future Units 4 | 4_parcels_with_year_built_since_2024; 1_parcels_with_incomplete_official_structure_records", "feature_role": "project_boundary", "legend_category": "Other Active Residential", "rank": null, "project_id": "DCAD-SUBD-ROW11255-eb2ab08137", "subdivision_number": null, "subdivision_name": "HOMESTEAD MANOR", "city": "Dallas", "housing_type": "Single-Family", "total_lots": 68, "built_lots": 64, "future_lots": 4, "future_units": 4, "activity_status": "active_residential", "active_evidence": "4_parcels_with_year_built_since_2024; 1_parcels_with_incomplete_official_structure_records", "match_confidence": 1.0, "review_status": "high_confidence_spatial_subset", "source_snapshot_date": "GIS parcel 2026-07-10; subdivision 2026-06-27; appraisal retrieved 2026-08-13 (2027 current)", "stroke": "#176B66", "stroke-width": 1, "stroke-opacity": 0.7, "fill": "#2A9D8F", "fill-opacity": 0.22}}, {"type": "Feature", "geometry": {"type": "Polygon", "coordinates": [[[-96.79293438271694, 32.85118037981982], [-96.7957295365615, 32.85115782220954], [-96.79573535957343, 32.851572805125834], [-96.79594700575248, 32.851572694453594], [-96.79594118749661, 32.85115893771456], [-96.79768425856139, 32.85115892835431], [-96.79768351543852, 32.85156125108384], [-96.79789517030827, 32.85156348218046], [-96.79789591239171, 32.85116116357235], [-96.79849256173544, 32.851167341880824], [-96.79849782710168, 32.851565639594014], [-96.79879087847188, 32.85156499860013], [-96.79878563877827, 32.851168774071844], [-96.80028668545935, 32.85117609834481], [-96.80027073268373, 32.85435494695143], [-96.79976999735521, 32.85436693829301], [-96.79976621378329, 32.85397827733443], [-96.79951688185312, 32.85398211873413], [-96.79952350421756, 32.85436875394764], [-96.79408186904983, 32.854381001163325], [-96.79407943228998, 32.85399642678739], [-96.79375570799658, 32.853995287854815], [-96.7937581385923, 32.85438010958895], [-96.79235355280535, 32.854381787435365], [-96.79235019005934, 32.85399697754173], [-96.79187148112887, 32.85399871172539], [-96.79187484179748, 32.85438352163191], [-96.79009270890532, 32.85440804865511], [-96.79003842943031, 32.85130496782946], [-96.79014954769818, 32.85129648517257], [-96.79016161296056, 32.85201190381646], [-96.79255490027013, 32.85198312818813], [-96.792541652629, 32.851198724921225], [-96.79293438271694, 32.85118037981982]], [[-96.79017836135087, 32.8543931378216], [-96.79032634070816, 32.85439289040858], [-96.79087402452667, 32.85400717511017], [-96.79017177822615, 32.85400835359762], [-96.79017836135087, 32.8543931378216]], [[-96.79090106672611, 32.85348874715094], [-96.79073621172363, 32.853488628747584], [-96.79073940551012, 32.853881331835524], [-96.79093479886686, 32.85388077546739], [-96.79090106672611, 32.85348874715094]], [[-96.79241975027524, 32.85351675940465], [-96.79241967330265, 32.853488117074235], [-96.79181628082691, 32.85348464748582], [-96.79180330411349, 32.85367893507774], [-96.79241975027524, 32.85351675940465]], [[-96.79360022988944, 32.85347347046751], [-96.7933728728503, 32.853474143880064], [-96.79277856415152, 32.85365420690852], [-96.79277483386598, 32.853860791579855], [-96.79360531962449, 32.853858266839985], [-96.79360022988944, 32.85347347046751]], [[-96.79441257113022, 32.85305440563977], [-96.79411602978482, 32.85305266970742], [-96.79343924881894, 32.853435635053316], [-96.79473119941174, 32.8534405611226], [-96.79473515029666, 32.85305563443413], [-96.79441257113022, 32.85305440563977]], [[-96.79943246261507, 32.853436229054445], [-96.79975728426592, 32.85343480060441], [-96.79974670186311, 32.85304766867724], [-96.7989353749077, 32.853053625985645], [-96.79894398661806, 32.853438377885055], [-96.79943246261507, 32.853436229054445]], [[-96.79066704969294, 32.852921574676536], [-96.79085023065215, 32.85292177442357], [-96.79084714327026, 32.8525444786095], [-96.79066396434274, 32.85254463625547], [-96.79066704969294, 32.852921574676536]], [[-96.79154361192558, 32.852545219859664], [-96.79154924392535, 32.85292253680248], [-96.79187489298731, 32.852922890095115], [-96.79186806005, 32.85254554020831], [-96.79154361192558, 32.852545219859664]], [[-96.79328839321644, 32.85252323656299], [-96.79328534537824, 32.85290660872143], [-96.79352402144397, 32.85290741162761], [-96.79352123685611, 32.85252470725226], [-96.79328839321644, 32.85252323656299]], [[-96.79461981967344, 32.85291896853885], [-96.79473574579185, 32.852919933000976], [-96.79473640016317, 32.85253511369691], [-96.79464652437721, 32.852534364622116], [-96.79445873097671, 32.852753761310616], [-96.79449682911148, 32.85286536855409], [-96.79461981967344, 32.85291896853885]], [[-96.79116524453566, 32.85211593971901], [-96.79076377625955, 32.852114353541765], [-96.7907690816399, 32.852499147715974], [-96.79117055165827, 32.852500733876056], [-96.79116524453566, 32.85211593971901]], [[-96.79278932163005, 32.85248818577516], [-96.79352015617648, 32.85249455291399], [-96.79352311964458, 32.852113818706485], [-96.79279086592956, 32.852111968053485], [-96.79278932163005, 32.85248818577516]], [[-96.7940950087638, 32.85249957497295], [-96.79435942868729, 32.85250187966157], [-96.79454712891281, 32.85223592208612], [-96.79451605447281, 32.85213803938327], [-96.7939348410982, 32.85211487263931], [-96.79392876949156, 32.85249812086615], [-96.7940950087638, 32.85249957497295]], [[-96.798280429251, 32.852539556889475], [-96.79794598735091, 32.85254221341169], [-96.79794966119944, 32.85292259837105], [-96.79827986368154, 32.85292029621215], [-96.798280429251, 32.852539556889475]], [[-96.79413232852633, 32.851993923515934], [-96.79461157142576, 32.85199264032579], [-96.79475974722922, 32.85160965688159], [-96.79300003206515, 32.85161464372588], [-96.79300555227877, 32.85199943926336], [-96.79413232852633, 32.851993923515934]], [[-96.80026389166797, 32.851602723988385], [-96.8000427798837, 32.85160170241908], [-96.8000453860606, 32.851986515152085], [-96.8002664987781, 32.85198753809084], [-96.80026389166797, 32.851602723988385]], [[-96.79319832695941, 32.85120245462874], [-96.79293590646587, 32.85120569499614], [-96.79294298435107, 32.85158264818273], [-96.79354163158857, 32.85157460712917], [-96.79319832695941, 32.85120245462874]]]}, "properties": {"title": "UNIVERSITY HEIGHTS 1 | 4 Future Lots", "description": "University Park | Single-Family | Total 237 | Built 233 | Future Lots 4 | Future Units 4 | 1_parcels_with_year_built_since_2024", "feature_role": "project_boundary", "legend_category": "Other Active Residential", "rank": null, "project_id": "DCAD-SUBD-21850-f2b7acb600", "subdivision_number": "21850", "subdivision_name": "UNIVERSITY HEIGHTS 1", "city": "University Park", "housing_type": "Single-Family", "total_lots": 237, "built_lots": 233, "future_lots": 4, "future_units": 4, "activity_status": "active_residential", "active_evidence": "1_parcels_with_year_built_since_2024", "match_confidence": 0.999424, "review_status": "high_confidence_spatial_subset", "source_snapshot_date": "GIS parcel 2026-07-10; subdivision 2026-06-27; appraisal retrieved 2026-08-13 (2027 current)", "stroke": "#176B66", "stroke-width": 1, "stroke-opacity": 0.7, "fill": "#2A9D8F", "fill-opacity": 0.22}}, {"type": "Feature", "geometry": {"type": "Polygon", "coordinates": [[[-96.95445009772601, 32.6057924059527], [-96.95441004201369, 32.60555176476118], [-96.95466812130253, 32.604923664918154], [-96.95392013393149, 32.6049500348023], [-96.95378326818975, 32.6050330372844], [-96.95362691110851, 32.605276417519896], [-96.95348712071257, 32.605395798261476], [-96.95307611226738, 32.605530757512504], [-96.95263270091277, 32.60558003020621], [-96.95244746525434, 32.605715542307586], [-96.95244590037234, 32.60581272941584], [-96.95214384699646, 32.605563267024884], [-96.95226356955199, 32.60556021872156], [-96.95246783118729, 32.605407059860276], [-96.9526397746567, 32.605342919890745], [-96.95306098695839, 32.60531123556076], [-96.95322392397648, 32.60534266895278], [-96.95346131557508, 32.60523266680438], [-96.95354396017942, 32.605112373152046], [-96.95328385035909, 32.60487651344761], [-96.95328664178044, 32.60440919638084], [-96.95522280430365, 32.60445873233517], [-96.9552433177762, 32.60331238565971], [-96.95689934116075, 32.60333119276948], [-96.95678855313446, 32.60367509504243], [-96.95701271366377, 32.603776524849145], [-96.95715080968331, 32.603927961102215], [-96.95750547072291, 32.60378866980702], [-96.95765919335842, 32.60404251001365], [-96.95765962320887, 32.60421422975848], [-96.95683088714947, 32.605959550990136], [-96.95598559859697, 32.60678270347807], [-96.95493110806284, 32.60676331086239], [-96.95474530558182, 32.60631320261463], [-96.9545875774801, 32.60628055367851], [-96.95441351252545, 32.60634573102237], [-96.95431407284264, 32.606314347822014], [-96.95425811442821, 32.60623987035241], [-96.95445009772601, 32.6057924059527]]]}, "properties": {"title": "SHENANDOAH | 4 Future Lots", "description": "Cedar Hill | Single-Family | Total 32 | Built 28 | Future Lots 4 | Future Units 4 | 2_parcels_with_year_built_since_2024; 1_parcels_with_incomplete_official_structure_records", "feature_role": "project_boundary", "legend_category": "Other Active Residential", "rank": null, "project_id": "DCAD-SUBD-03963-822e787082", "subdivision_number": "03963", "subdivision_name": "SHENANDOAH", "city": "Cedar Hill", "housing_type": "Single-Family", "total_lots": 32, "built_lots": 28, "future_lots": 4, "future_units": 4, "activity_status": "active_residential", "active_evidence": "2_parcels_with_year_built_since_2024; 1_parcels_with_incomplete_official_structure_records", "match_confidence": 1.0, "review_status": "high_confidence_spatial_subset", "source_snapshot_date": "GIS parcel 2026-07-10; subdivision 2026-06-27; appraisal retrieved 2026-08-13 (2027 current)", "stroke": "#176B66", "stroke-width": 1, "stroke-opacity": 0.7, "fill": "#2A9D8F", "fill-opacity": 0.22}}, {"type": "Feature", "geometry": {"type": "Polygon", "coordinates": [[[-96.8740841017198, 32.62798058126556], [-96.87300535299434, 32.62797900231241], [-96.8725404564965, 32.629149937604716], [-96.87212641143678, 32.629575400454335], [-96.87213127829261, 32.63035274083154], [-96.87409937568026, 32.630358520094994], [-96.87412628695499, 32.63289316465381], [-96.8737969189606, 32.63307321929913], [-96.8724975230464, 32.633067737273834], [-96.8724950652405, 32.63184005553447], [-96.87182882007403, 32.63182774400022], [-96.87183848911823, 32.63302031703338], [-96.86579754705771, 32.632996007181305], [-96.86578834165584, 32.627968194950185], [-96.86709770132971, 32.62797019546916], [-96.86709766641683, 32.62744685109473], [-96.86579281825115, 32.62744620193865], [-96.86579955996163, 32.62666598933923], [-96.87406847502028, 32.62666098055273], [-96.8740841017198, 32.62798058126556]], [[-96.86707445475713, 32.62811674596632], [-96.86708989615046, 32.629300997821005], [-96.86773956020706, 32.62929862108426], [-96.86772409330288, 32.62811254506886], [-96.86707445475713, 32.62811674596632]]]}, "properties": {"title": "WHEATLAND FARMS | 4 Future Lots", "description": "DeSoto | Single-Family | Total 61 | Built 52 | Future Lots 4 | Future Units 4 | 1_parcels_with_year_built_since_2024", "feature_role": "project_boundary", "legend_category": "Other Active Residential", "rank": null, "project_id": "DCAD-SUBD-24350-018ad1b64a", "subdivision_number": "24350", "subdivision_name": "WHEATLAND FARMS", "city": "DeSoto", "housing_type": "Single-Family", "total_lots": 61, "built_lots": 52, "future_lots": 4, "future_units": 4, "activity_status": "active_residential", "active_evidence": "1_parcels_with_year_built_since_2024", "match_confidence": 1.0, "review_status": "high_confidence_spatial_subset", "source_snapshot_date": "GIS parcel 2026-07-10; subdivision 2026-06-27; appraisal retrieved 2026-08-13 (2027 current)", "stroke": "#176B66", "stroke-width": 1, "stroke-opacity": 0.7, "fill": "#2A9D8F", "fill-opacity": 0.22}}, {"type": "Feature", "geometry": {"type": "Polygon", "coordinates": [[[-97.02743447648963, 32.73494902855851], [-97.02727186734796, 32.73494857669649], [-97.02727880717867, 32.73316144353804], [-97.02922785642774, 32.73316968991844], [-97.02925698542964, 32.7339819785943], [-97.03081788211635, 32.73400005619013], [-97.03085380910883, 32.733177061331624], [-97.0341079422608, 32.733190320635025], [-97.03410650627936, 32.734014947569676], [-97.03443171892306, 32.73401626751493], [-97.03443315351018, 32.73319164059571], [-97.03574700429718, 32.733196966191045], [-97.03573742107402, 32.73498363094412], [-97.03443004706075, 32.73497821974085], [-97.03443148144473, 32.73415370557879], [-97.03410626669444, 32.734152384239565], [-97.03410483137021, 32.73497687093227], [-97.02743447648963, 32.73494902855851]]]}, "properties": {"title": "G W SPIKES | 4 Future Lots", "description": "Grand Prairie | Single-Family | Total 88 | Built 84 | Future Lots 4 | Future Units 4 | 3_parcels_with_year_built_since_2024", "feature_role": "project_boundary", "legend_category": "Other Active Residential", "rank": null, "project_id": "DCAD-SUBD-21450-9f3008aad1", "subdivision_number": "21450", "subdivision_name": "G W SPIKES", "city": "Grand Prairie", "housing_type": "Single-Family", "total_lots": 88, "built_lots": 84, "future_lots": 4, "future_units": 4, "activity_status": "active_residential", "active_evidence": "3_parcels_with_year_built_since_2024", "match_confidence": 0.999913, "review_status": "high_confidence_spatial_subset", "source_snapshot_date": "GIS parcel 2026-07-10; subdivision 2026-06-27; appraisal retrieved 2026-08-13 (2027 current)", "stroke": "#176B66", "stroke-width": 1, "stroke-opacity": 0.7, "fill": "#2A9D8F", "fill-opacity": 0.22}}, {"type": "Feature", "geometry": {"type": "Polygon", "coordinates": [[[-97.03494321844862, 32.591180532703106], [-97.0370743017259, 32.5902263212439], [-97.0375283637347, 32.59007774287838], [-97.038003639706, 32.589988604890294], [-97.03794848989433, 32.59292430676589], [-97.03689262855717, 32.59315150253871], [-97.03666710952034, 32.59260345591291], [-97.03598022878488, 32.592917470899046], [-97.03592967179841, 32.592834389896574], [-97.03594611640455, 32.59274433890887], [-97.03494321844862, 32.591180532703106]]]}, "properties": {"title": "MIRA LAGOS EAST TOWNHOMES - NORTH | 4 Future Lots", "description": "Grand Prairie | Single-Family | Total 126 | Built 122 | Future Lots 4 | Future Units 4 | 24_parcels_with_year_built_since_2024", "feature_role": "project_boundary", "legend_category": "Other Active Residential", "rank": null, "project_id": "DCAD-SUBD-ROW16014-5312203e2f", "subdivision_number": null, "subdivision_name": "MIRA LAGOS EAST TOWNHOMES - NORTH", "city": "Grand Prairie", "housing_type": "Single-Family", "total_lots": 126, "built_lots": 122, "future_lots": 4, "future_units": 4, "activity_status": "active_residential", "active_evidence": "24_parcels_with_year_built_since_2024", "match_confidence": 1.0, "review_status": "high_confidence_spatial_subset", "source_snapshot_date": "GIS parcel 2026-07-10; subdivision 2026-06-27; appraisal retrieved 2026-08-13 (2027 current)", "stroke": "#176B66", "stroke-width": 1, "stroke-opacity": 0.7, "fill": "#2A9D8F", "fill-opacity": 0.22}}, {"type": "Feature", "geometry": {"type": "Polygon", "coordinates": [[[-96.74912526577585, 32.903642286574204], [-96.74933913277806, 32.90312285378576], [-96.74956942633193, 32.9027525693421], [-96.75034349200628, 32.90254154914523], [-96.75047492261187, 32.902378247460234], [-96.75065288583605, 32.90246830048887], [-96.75058869129293, 32.90369671380129], [-96.74912526577585, 32.903642286574204]]]}, "properties": {"title": "GREENVILLE HEIGHTS | 4 Future Lots", "description": "Dallas | Single-Family | Total 25 | Built 21 | Future Lots 4 | Future Units 4 | 21_parcels_with_year_built_since_2024", "feature_role": "project_boundary", "legend_category": "Other Active Residential", "rank": null, "project_id": "DCAD-SUBD-ROW9860-820189102c", "subdivision_number": null, "subdivision_name": "GREENVILLE HEIGHTS", "city": "Dallas", "housing_type": "Single-Family", "total_lots": 25, "built_lots": 21, "future_lots": 4, "future_units": 4, "activity_status": "active_residential", "active_evidence": "21_parcels_with_year_built_since_2024", "match_confidence": 1.0, "review_status": "high_confidence_spatial_subset", "source_snapshot_date": "GIS parcel 2026-07-10; subdivision 2026-06-27; appraisal retrieved 2026-08-13 (2027 current)", "stroke": "#176B66", "stroke-width": 1, "stroke-opacity": 0.7, "fill": "#2A9D8F", "fill-opacity": 0.22}}, {"type": "Feature", "geometry": {"type": "Polygon", "coordinates": [[[-96.84595955948939, 32.83344477657386], [-96.85024771039787, 32.829939539828814], [-96.85325030897278, 32.832565232883226], [-96.85338330021739, 32.832619840861064], [-96.85397977438343, 32.83311428898139], [-96.85392742125337, 32.83323848609999], [-96.85386147312826, 32.83400501319824], [-96.85011927054023, 32.837067561511915], [-96.84595955948939, 32.83344477657386]]]}, "properties": {"title": "LOVEDALE 2 | 4 Future Lots", "description": "Dallas | Single-Family | Total 305 | Built 300 | Future Lots 4 | Future Units 4 | 3_parcels_with_year_built_since_2024; 3_parcels_with_incomplete_official_structure_records", "feature_role": "project_boundary", "legend_category": "Other Active Residential", "rank": null, "project_id": "DCAD-SUBD-ROW14449-52cdba0128", "subdivision_number": null, "subdivision_name": "LOVEDALE 2", "city": "Dallas", "housing_type": "Single-Family", "total_lots": 305, "built_lots": 300, "future_lots": 4, "future_units": 4, "activity_status": "active_residential", "active_evidence": "3_parcels_with_year_built_since_2024; 3_parcels_with_incomplete_official_structure_records", "match_confidence": 1.0, "review_status": "high_confidence_spatial_subset", "source_snapshot_date": "GIS parcel 2026-07-10; subdivision 2026-06-27; appraisal retrieved 2026-08-13 (2027 current)", "stroke": "#176B66", "stroke-width": 1, "stroke-opacity": 0.7, "fill": "#2A9D8F", "fill-opacity": 0.22}}, {"type": "Feature", "geometry": {"type": "Polygon", "coordinates": [[[-96.55578706312959, 32.81691778601134], [-96.5556227252174, 32.817023292460036], [-96.55460147397834, 32.81654437894576], [-96.55378727573121, 32.81590277415878], [-96.55288445730766, 32.81470996607243], [-96.55186161732897, 32.81407208017722], [-96.54949529441454, 32.8131679021878], [-96.54910997078905, 32.81286827391374], [-96.548707672225, 32.81237689495179], [-96.54971106090524, 32.811064965286604], [-96.54975207589595, 32.81108733253095], [-96.55001695571187, 32.810740973214905], [-96.54997586506052, 32.810718571879214], [-96.55177320960946, 32.80835175966636], [-96.55213088060445, 32.808669310217354], [-96.55250383644507, 32.80849021149142], [-96.55257014943088, 32.80839645597012], [-96.5527436814587, 32.80840113979756], [-96.55280296672791, 32.808498498806266], [-96.55314034803723, 32.808680589136635], [-96.55345594935167, 32.80826601997896], [-96.55406845473217, 32.807717833998524], [-96.55422121011028, 32.80751477470224], [-96.55446015024894, 32.80768336045025], [-96.55475659516705, 32.80776376379497], [-96.55499066708336, 32.80775855949702], [-96.5554820870026, 32.807640270703274], [-96.55568888682771, 32.807663109751765], [-96.5558764768229, 32.80774008225119], [-96.55600914958721, 32.807843482419045], [-96.55579490325991, 32.8081318958091], [-96.55567927164536, 32.80845805876729], [-96.55448503168839, 32.8085295370472], [-96.55351807943413, 32.808674023508374], [-96.55300505303333, 32.808852164464895], [-96.55237357982237, 32.80895099969514], [-96.55174723193572, 32.80943702679278], [-96.55196199073947, 32.81042609372137], [-96.55265940548313, 32.810714923589316], [-96.55481168103078, 32.81011095199944], [-96.55668232934258, 32.81013496101307], [-96.5566755391542, 32.810397873337436], [-96.56070453061855, 32.81041955940203], [-96.56072923573096, 32.81125610192664], [-96.56064929910973, 32.81172965977868], [-96.56045510560983, 32.81218753469963], [-96.55966494706864, 32.81354602143515], [-96.5595170035584, 32.81401023023123], [-96.55947871563411, 32.81447965489213], [-96.55926338759316, 32.81484126769163], [-96.55699439449103, 32.81629807070151], [-96.55654703158827, 32.81652417010418], [-96.55583157222831, 32.816622519730934], [-96.55578706312959, 32.81691778601134]]]}, "properties": {"title": "STONEY CREEK PH 3B | 5 Future Lots", "description": "Sunnyvale | Single-Family | Total 32 | Built 27 | Future Lots 5 | Future Units not quantified | 10_parcels_with_year_built_since_2024; 2_parcels_with_incomplete_official_structure_records", "feature_role": "project_boundary", "legend_category": "Other Active Residential", "rank": null, "project_id": "DCAD-SUBD-00893-febac24830", "subdivision_number": "00893", "subdivision_name": "STONEY CREEK PH 3B", "city": "Sunnyvale", "housing_type": "Single-Family", "total_lots": 32, "built_lots": 27, "future_lots": 5, "future_units": null, "activity_status": "active_residential", "active_evidence": "10_parcels_with_year_built_since_2024; 2_parcels_with_incomplete_official_structure_records", "match_confidence": 1.0, "review_status": "high_confidence_spatial_subset", "source_snapshot_date": "GIS parcel 2026-07-10; subdivision 2026-06-27; appraisal retrieved 2026-08-13 (2027 current)", "stroke": "#176B66", "stroke-width": 1, "stroke-opacity": 0.7, "fill": "#2A9D8F", "fill-opacity": 0.22}}, {"type": "Feature", "geometry": {"type": "Polygon", "coordinates": [[[-96.55411213314207, 32.68383381753908], [-96.55445525238656, 32.68373220097435], [-96.55447300850163, 32.68376709454088], [-96.55495879234354, 32.683583518959324], [-96.55509360000413, 32.683772983809725], [-96.55551230985262, 32.683498463150194], [-96.55573229631781, 32.68367539503352], [-96.55598025364034, 32.683468358633505], [-96.55652586014644, 32.68326457039793], [-96.55647398977118, 32.683158454013785], [-96.55696828579579, 32.68299720383143], [-96.55711691790832, 32.68329167884648], [-96.55732983090563, 32.683546381245996], [-96.55834907388304, 32.68440855556822], [-96.5583137535642, 32.68443789020291], [-96.55869943504025, 32.68476443638199], [-96.55610156921212, 32.68694623000092], [-96.55294426601526, 32.68426820846895], [-96.55301728633329, 32.684206433006004], [-96.5531137871538, 32.68428797683602], [-96.55328948010931, 32.68414012129391], [-96.55411213314207, 32.68383381753908]]]}, "properties": {"title": "STONEHAVEN PH 2 | 5 Future Lots", "description": "Seagoville | Single-Family | Total 132 | Built 127 | Future Lots 5 | Future Units 5 | 127_parcels_with_year_built_since_2024", "feature_role": "project_boundary", "legend_category": "Other Active Residential", "rank": null, "project_id": "DCAD-SUBD-ROW23416-93ff4b7d8d", "subdivision_number": null, "subdivision_name": "STONEHAVEN PH 2", "city": "Seagoville", "housing_type": "Single-Family", "total_lots": 132, "built_lots": 127, "future_lots": 5, "future_units": 5, "activity_status": "active_residential", "active_evidence": "127_parcels_with_year_built_since_2024", "match_confidence": 1.0, "review_status": "high_confidence_spatial_subset", "source_snapshot_date": "GIS parcel 2026-07-10; subdivision 2026-06-27; appraisal retrieved 2026-08-13 (2027 current)", "stroke": "#176B66", "stroke-width": 1, "stroke-opacity": 0.7, "fill": "#2A9D8F", "fill-opacity": 0.22}}, {"type": "Feature", "geometry": {"type": "Polygon", "coordinates": [[[-96.7859307635149, 32.699146818819536], [-96.78726014117628, 32.70108546363714], [-96.78366787039971, 32.7028433211151], [-96.78157352361377, 32.69976527331274], [-96.78514868712912, 32.69800682736367], [-96.7859307635149, 32.699146818819536]], [[-96.78578427767891, 32.70130424154259], [-96.78555443207294, 32.700972091764896], [-96.78442335419301, 32.70151459072689], [-96.7846531969997, 32.701846741213], [-96.78578427767891, 32.70130424154259]], [[-96.78344187384641, 32.70032102994822], [-96.78321705706041, 32.69998724345396], [-96.78293648580002, 32.70012379764639], [-96.78316606062607, 32.700455379638875], [-96.78344187384641, 32.70032102994822]], [[-96.78492777458918, 32.70008967917126], [-96.78469635124704, 32.699751501851026], [-96.78441722117417, 32.69988825656331], [-96.784646362012, 32.70022572661371], [-96.78492777458918, 32.70008967917126]]]}, "properties": {"title": "SOUTHERN CREST | 5 Future Lots", "description": "Dallas | Single-Family | Total 144 | Built 138 | Future Lots 5 | Future Units 5 | 2_parcels_with_year_built_since_2024; 1_parcels_with_incomplete_official_structure_records", "feature_role": "project_boundary", "legend_category": "Other Active Residential", "rank": null, "project_id": "DCAD-SUBD-ROW22735-c399e62ad8", "subdivision_number": null, "subdivision_name": "SOUTHERN CREST", "city": "Dallas", "housing_type": "Single-Family", "total_lots": 144, "built_lots": 138, "future_lots": 5, "future_units": 5, "activity_status": "active_residential", "active_evidence": "2_parcels_with_year_built_since_2024; 1_parcels_with_incomplete_official_structure_records", "match_confidence": 0.999915, "review_status": "high_confidence_spatial_subset", "source_snapshot_date": "GIS parcel 2026-07-10; subdivision 2026-06-27; appraisal retrieved 2026-08-13 (2027 current)", "stroke": "#176B66", "stroke-width": 1, "stroke-opacity": 0.7, "fill": "#2A9D8F", "fill-opacity": 0.22}}, {"type": "Feature", "geometry": {"type": "Polygon", "coordinates": [[[-96.7798988183798, 32.67121287451253], [-96.77919868222236, 32.67153271271082], [-96.77867503315396, 32.67081766075262], [-96.77853243939008, 32.670345313880865], [-96.77910756389541, 32.665963765999415], [-96.77949061018735, 32.66599631714105], [-96.77953553890086, 32.665673423037006], [-96.7791507654569, 32.66563782404828], [-96.77919457493542, 32.66530732696461], [-96.77958203209559, 32.66534541523231], [-96.77965746639966, 32.66479149382563], [-96.77962166871902, 32.66477150390064], [-96.77924598915922, 32.664952921665964], [-96.7792475224246, 32.66490773361492], [-96.78271087730175, 32.66323934391853], [-96.7826325448803, 32.66517102241632], [-96.78368109356225, 32.665193387641025], [-96.78363433411819, 32.666021034494364], [-96.7832266966101, 32.66601225636219], [-96.78321315594127, 32.66628689312821], [-96.78360816614317, 32.666294419112674], [-96.78359681855565, 32.66641318916893], [-96.78347540925432, 32.666957458672734], [-96.7829167661297, 32.668471428384564], [-96.78270799763268, 32.6696027788158], [-96.78276314452029, 32.66964776918086], [-96.78273498168495, 32.6699596796855], [-96.78267873816824, 32.66998453201054], [-96.78268043601913, 32.66994823137848], [-96.7798988183798, 32.67121287451253]], [[-96.78154657372488, 32.66963883970572], [-96.78170143908041, 32.66947030957449], [-96.78179792940509, 32.66885694075108], [-96.78174521310918, 32.66879582523159], [-96.78090313920029, 32.6693268856275], [-96.78105061815397, 32.669554730050216], [-96.78116017521084, 32.66949504135184], [-96.78128129794642, 32.66975812868351], [-96.78154657372488, 32.66963883970572]], [[-96.78214434931621, 32.66755204425267], [-96.78192181818645, 32.66769305000378], [-96.7817123264158, 32.667376236555924], [-96.78120226995007, 32.66761846719418], [-96.78131394253559, 32.667786087031054], [-96.78093258824556, 32.66796719229642], [-96.78134839337676, 32.668408264871175], [-96.78137455991025, 32.668347988271485], [-96.78187869228978, 32.668409026523875], [-96.78214434931621, 32.66755204425267]]]}, "properties": {"title": "ALAMEDA HEIGHTS | 5 Future Lots", "description": "Dallas | Single-Family | Total 201 | Built 196 | Future Lots 5 | Future Units 5 | 10_parcels_with_year_built_since_2024; 1_parcels_with_incomplete_official_structure_records", "feature_role": "project_boundary", "legend_category": "Other Active Residential", "rank": null, "project_id": "DCAD-SUBD-ROW435-ca4a12501d", "subdivision_number": null, "subdivision_name": "ALAMEDA HEIGHTS", "city": "Dallas", "housing_type": "Single-Family", "total_lots": 201, "built_lots": 196, "future_lots": 5, "future_units": 5, "activity_status": "active_residential", "active_evidence": "10_parcels_with_year_built_since_2024; 1_parcels_with_incomplete_official_structure_records", "match_confidence": 1.0, "review_status": "high_confidence_spatial_subset", "source_snapshot_date": "GIS parcel 2026-07-10; subdivision 2026-06-27; appraisal retrieved 2026-08-13 (2027 current)", "stroke": "#176B66", "stroke-width": 1, "stroke-opacity": 0.7, "fill": "#2A9D8F", "fill-opacity": 0.22}}, {"type": "Feature", "geometry": {"type": "Polygon", "coordinates": [[[-96.57622273448013, 32.73600396835468], [-96.57674044551634, 32.736170047194626], [-96.57701676926035, 32.73634034273979], [-96.57715356779855, 32.73649748906188], [-96.57751613485514, 32.7372703754949], [-96.57799672455663, 32.7377036612048], [-96.57498127600293, 32.740152378031134], [-96.57324188246145, 32.73867971850827], [-96.57351114855695, 32.73844760421083], [-96.57366391769979, 32.73824406869316], [-96.57383851972845, 32.73755242505117], [-96.57416938269863, 32.73713676306265], [-96.57464473168379, 32.73683034667584], [-96.57539155580068, 32.73658430910452], [-96.57571594613329, 32.73642799919067], [-96.57622273448013, 32.73600396835468]]]}, "properties": {"title": "SOLTERRA PH 1A | 5 Future Lots", "description": "Mesquite | Single-Family | Total 95 | Built 90 | Future Lots 5 | Future Units not quantified | 50_parcels_with_year_built_since_2024", "feature_role": "project_boundary", "legend_category": "Other Active Residential", "rank": null, "project_id": "DCAD-SUBD-19455-856586e495", "subdivision_number": "19455", "subdivision_name": "SOLTERRA PH 1A", "city": "Mesquite", "housing_type": "Single-Family", "total_lots": 95, "built_lots": 90, "future_lots": 5, "future_units": null, "activity_status": "active_residential", "active_evidence": "50_parcels_with_year_built_since_2024", "match_confidence": 1.0, "review_status": "high_confidence_spatial_subset", "source_snapshot_date": "GIS parcel 2026-07-10; subdivision 2026-06-27; appraisal retrieved 2026-08-13 (2027 current)", "stroke": "#176B66", "stroke-width": 1, "stroke-opacity": 0.7, "fill": "#2A9D8F", "fill-opacity": 0.22}}, {"type": "Feature", "geometry": {"type": "Polygon", "coordinates": [[[-96.7949957947187, 32.83114381789468], [-96.79526999261334, 32.83083409848822], [-96.79495956389445, 32.8308081916376], [-96.79444735801593, 32.83064463854107], [-96.79414799961116, 32.830097660595335], [-96.79416336849629, 32.82979709265504], [-96.79450049703905, 32.8292684663208], [-96.79475427878874, 32.82938844691077], [-96.79516710732022, 32.82905201112442], [-96.79508958656012, 32.8289183619322], [-96.79593686892603, 32.828762410090576], [-96.79618137726715, 32.82853751057105], [-96.79641535263627, 32.82811767317721], [-96.79657008338131, 32.82805376838661], [-96.79772951016461, 32.8280446328504], [-96.79806681809846, 32.82768920694967], [-96.79840900251347, 32.826713319729315], [-96.79934784462304, 32.826745295659386], [-96.7985402291137, 32.824992413816894], [-96.79846167234432, 32.824636307688365], [-96.79852316822475, 32.8243431342507], [-96.79863034416564, 32.824141607641046], [-96.79927745313793, 32.823292741426435], [-96.80172886592072, 32.823293902486974], [-96.80218076713415, 32.823484769975344], [-96.80245455076506, 32.823737023372225], [-96.8028254983935, 32.82437040474129], [-96.80314244367348, 32.82476940991149], [-96.80335038688476, 32.82551963685295], [-96.80129606527262, 32.82550774029135], [-96.80126849228913, 32.8262370169152], [-96.8012147567594, 32.826259053850286], [-96.80136793857753, 32.826717256510975], [-96.8019536173606, 32.82647706570717], [-96.80202843757118, 32.82638373837782], [-96.80208223198622, 32.82647724716849], [-96.80319819620365, 32.82662566983792], [-96.80361180198065, 32.82660701024746], [-96.80427717858355, 32.82940219394167], [-96.80426218780183, 32.83029818825067], [-96.80355129566317, 32.83033399047984], [-96.8037888910909, 32.83071055350267], [-96.80393848365675, 32.83075113901904], [-96.80395202870304, 32.830688849450986], [-96.8040373445366, 32.830670970915484], [-96.80425616360462, 32.83068903350957], [-96.80422450597322, 32.8322689020518], [-96.79817174769695, 32.832237015470945], [-96.79817186449908, 32.832285652447524], [-96.79347821375902, 32.83229204379089], [-96.7937318849774, 32.83171761779394], [-96.79386340449797, 32.83165321601743], [-96.7947486403327, 32.83147167606205], [-96.7949957947187, 32.83114381789468]], [[-96.79577902044367, 32.831625335731445], [-96.79529066043227, 32.83162395409551], [-96.79527191509285, 32.83224375293728], [-96.79577659959068, 32.83224516851254], [-96.79577902044367, 32.831625335731445]], [[-96.7974817836461, 32.830204018109846], [-96.79702598467199, 32.83020382548361], [-96.79702675213395, 32.83082366202896], [-96.79748255266577, 32.8308238546301], [-96.7974817836461, 32.830204018109846]], [[-96.7976162559707, 32.8295195207931], [-96.79738020378178, 32.82951914702483], [-96.79737825324831, 32.83013898211719], [-96.79817589860167, 32.830140240207044], [-96.79817784356095, 32.829520405102336], [-96.7976162559707, 32.8295195207931]], [[-96.79654731357599, 32.82899150435329], [-96.79654422193624, 32.829363947675894], [-96.79742458130097, 32.829366916303066], [-96.79742749837318, 32.82874709027317], [-96.79685646204189, 32.82874516596955], [-96.79654731357599, 32.82899150435329]], [[-96.79907298555612, 32.82807186602367], [-96.79906895906261, 32.82869436815769], [-96.7999481658507, 32.82869841664092], [-96.79973475657728, 32.82807491575618], [-96.79907298555612, 32.82807186602367]], [[-96.80066760116249, 32.82617293998924], [-96.7998596829278, 32.82618240350908], [-96.8000351699036, 32.82658596405448], [-96.80079048018351, 32.82659058603537], [-96.80066760116249, 32.82617293998924]], [[-96.79984590670846, 32.823307308197776], [-96.79959614369275, 32.82397719609507], [-96.80028469229545, 32.82398623942753], [-96.80038139549139, 32.82331223321609], [-96.79984590670846, 32.823307308197776]]]}, "properties": {"title": "HIGHLAND PARK WEST 5TH INSTALLMENT | 5 Future Lots", "description": "Highland Park | Single-Family | Total 121 | Built 116 | Future Lots 5 | Future Units 5 | 5_parcels_with_year_built_since_2024; 8_parcels_with_incomplete_official_structure_records", "feature_role": "project_boundary", "legend_category": "Other Active Residential", "rank": null, "project_id": "DCAD-SUBD-08450-994fa95b1d", "subdivision_number": "08450", "subdivision_name": "HIGHLAND PARK WEST 5TH INSTALLMENT", "city": "Highland Park", "housing_type": "Single-Family", "total_lots": 121, "built_lots": 116, "future_lots": 5, "future_units": 5, "activity_status": "active_residential", "active_evidence": "5_parcels_with_year_built_since_2024; 8_parcels_with_incomplete_official_structure_records", "match_confidence": 0.999812, "review_status": "high_confidence_spatial_subset", "source_snapshot_date": "GIS parcel 2026-07-10; subdivision 2026-06-27; appraisal retrieved 2026-08-13 (2027 current)", "stroke": "#176B66", "stroke-width": 1, "stroke-opacity": 0.7, "fill": "#2A9D8F", "fill-opacity": 0.22}}, {"type": "Feature", "geometry": {"type": "Polygon", "coordinates": [[[-96.83982534912285, 32.78148450155329], [-96.83983182268402, 32.77862429479165], [-96.84263010952807, 32.778623554287385], [-96.84264087360356, 32.781323350283145], [-96.84217882596035, 32.7813211017699], [-96.842177356118, 32.78143104381152], [-96.84263940433358, 32.7814332923302], [-96.84262443854715, 32.78318241857435], [-96.83982593166786, 32.783220633333045], [-96.83982534912285, 32.78148450155329]]]}, "properties": {"title": "EDGEFIELD WEST DALLAS | 5 Future Lots", "description": "Dallas | Single-Family | Total 124 | Built 118 | Future Lots 5 | Future Units 5 | 3_parcels_with_year_built_since_2024; 1_parcels_with_incomplete_official_structure_records", "feature_role": "project_boundary", "legend_category": "Other Active Residential", "rank": null, "project_id": "DCAD-SUBD-ROW7175-1605fce3f9", "subdivision_number": null, "subdivision_name": "EDGEFIELD WEST DALLAS", "city": "Dallas", "housing_type": "Single-Family", "total_lots": 124, "built_lots": 118, "future_lots": 5, "future_units": 5, "activity_status": "active_residential", "active_evidence": "3_parcels_with_year_built_since_2024; 1_parcels_with_incomplete_official_structure_records", "match_confidence": 0.999983, "review_status": "high_confidence_spatial_subset", "source_snapshot_date": "GIS parcel 2026-07-10; subdivision 2026-06-27; appraisal retrieved 2026-08-13 (2027 current)", "stroke": "#176B66", "stroke-width": 1, "stroke-opacity": 0.7, "fill": "#2A9D8F", "fill-opacity": 0.22}}, {"type": "Feature", "geometry": {"type": "Polygon", "coordinates": [[[-96.74577965156224, 32.7116108319839], [-96.74531642246808, 32.71094508972412], [-96.74450606692963, 32.711357153438406], [-96.74417900683838, 32.71087545633472], [-96.74290925232815, 32.711485227879834], [-96.74162055152236, 32.70957691855394], [-96.74189877651513, 32.709441403286135], [-96.74188184833376, 32.70941609167586], [-96.74564843949948, 32.70761111273268], [-96.74746870245235, 32.710797117559444], [-96.74577965156224, 32.7116108319839]], [[-96.744273040015, 32.710218784964894], [-96.74404239192131, 32.709881614810314], [-96.7437609407382, 32.710019226694925], [-96.74399158971903, 32.710356398766415], [-96.744273040015, 32.710218784964894]], [[-96.74530913799869, 32.71033766427049], [-96.7455903193013, 32.71020261140298], [-96.74536062858164, 32.70986290196726], [-96.74508016862133, 32.70999768958279], [-96.74530913799869, 32.71033766427049]]]}, "properties": {"title": "CENTRAL AVENUE 2 | 5 Future Lots", "description": "Dallas | Single-Family | Total 112 | Built 107 | Future Lots 5 | Future Units 5 | 9_parcels_with_year_built_since_2024", "feature_role": "project_boundary", "legend_category": "Other Active Residential", "rank": null, "project_id": "DCAD-SUBD-ROW4045-efca86159e", "subdivision_number": null, "subdivision_name": "CENTRAL AVENUE 2", "city": "Dallas", "housing_type": "Single-Family", "total_lots": 112, "built_lots": 107, "future_lots": 5, "future_units": 5, "activity_status": "active_residential", "active_evidence": "9_parcels_with_year_built_since_2024", "match_confidence": 0.999986, "review_status": "high_confidence_spatial_subset", "source_snapshot_date": "GIS parcel 2026-07-10; subdivision 2026-06-27; appraisal retrieved 2026-08-13 (2027 current)", "stroke": "#176B66", "stroke-width": 1, "stroke-opacity": 0.7, "fill": "#2A9D8F", "fill-opacity": 0.22}}, {"type": "Feature", "geometry": {"type": "Polygon", "coordinates": [[[-96.87971041263283, 32.73849939726651], [-96.8797912292215, 32.734983842129644], [-96.88711537000069, 32.7350744313318], [-96.88708959925779, 32.738098279548055], [-96.88269777551847, 32.73919984093035], [-96.88163840046721, 32.7391919896778], [-96.88164139156467, 32.73873169726421], [-96.88144399753915, 32.738729126899834], [-96.88144004180106, 32.73919053387798], [-96.87969439550517, 32.73917053844319], [-96.87971041263283, 32.73849939726651]]]}, "properties": {"title": "RICHMOND HILL REV. | 5 Future Lots", "description": "Cockrell Hill | Mixed-Use | Total 190 | Built 184 | Future Lots 5 | Future Units not quantified | 1_parcels_with_year_built_since_2024", "feature_role": "project_boundary", "legend_category": "Other Active Residential", "rank": null, "project_id": "DCAD-SUBD-17650-83f05d24ca", "subdivision_number": "17650", "subdivision_name": "RICHMOND HILL REV.", "city": "Cockrell Hill", "housing_type": "Mixed-Use", "total_lots": 190, "built_lots": 184, "future_lots": 5, "future_units": null, "activity_status": "active_residential", "active_evidence": "1_parcels_with_year_built_since_2024", "match_confidence": 0.999979, "review_status": "high_confidence_spatial_subset", "source_snapshot_date": "GIS parcel 2026-07-10; subdivision 2026-06-27; appraisal retrieved 2026-08-13 (2027 current)", "stroke": "#176B66", "stroke-width": 1, "stroke-opacity": 0.7, "fill": "#2A9D8F", "fill-opacity": 0.22}}, {"type": "Feature", "geometry": {"type": "Polygon", "coordinates": [[[-96.92788586174063, 32.743779647197364], [-96.9280996318676, 32.74388723518197], [-96.92779778032885, 32.74425984062223], [-96.92740526281786, 32.74428204821697], [-96.9264874988309, 32.745624958585886], [-96.9255566299734, 32.74516911063856], [-96.92685955634686, 32.743288075008294], [-96.92788586174063, 32.743779647197364]]]}, "properties": {"title": "JUANITA DOMINGUEZ | 5 Future Lots", "description": "Dallas | Single-Family | Total 9 | Built 4 | Future Lots 5 | Future Units 5 | 1_parcels_with_year_built_since_2024", "feature_role": "project_boundary", "legend_category": "Other Active Residential", "rank": null, "project_id": "DCAD-SUBD-ROW12375-d86fef0089", "subdivision_number": null, "subdivision_name": "JUANITA DOMINGUEZ", "city": "Dallas", "housing_type": "Single-Family", "total_lots": 9, "built_lots": 4, "future_lots": 5, "future_units": 5, "activity_status": "active_residential", "active_evidence": "1_parcels_with_year_built_since_2024", "match_confidence": 1.0, "review_status": "high_confidence_spatial_subset", "source_snapshot_date": "GIS parcel 2026-07-10; subdivision 2026-06-27; appraisal retrieved 2026-08-13 (2027 current)", "stroke": "#176B66", "stroke-width": 1, "stroke-opacity": 0.7, "fill": "#2A9D8F", "fill-opacity": 0.22}}, {"type": "Feature", "geometry": {"type": "Polygon", "coordinates": [[[-96.55454460549825, 32.835969040790474], [-96.5555960252375, 32.83366597375557], [-96.55991717385263, 32.83368073567294], [-96.55994402033632, 32.834197904801485], [-96.56006784348683, 32.834700730336266], [-96.55994368215192, 32.83478358902755], [-96.55855213449635, 32.83567334165372], [-96.55674395764167, 32.83665409767968], [-96.55462014212817, 32.83772426490347], [-96.5537044901039, 32.83780336992899], [-96.55454460549825, 32.835969040790474]]]}, "properties": {"title": "FIRESIDE  BY THE LAKE 3 PART B | 5 Future Lots", "description": "No Town | Single-Family | Total 55 | Built 50 | Future Lots 5 | Future Units 5 | 50_parcels_with_year_built_since_2024", "feature_role": "project_boundary", "legend_category": "Other Active Residential", "rank": null, "project_id": "DCAD-SUBD-05430-e4afddbca0", "subdivision_number": "05430", "subdivision_name": "FIRESIDE  BY THE LAKE 3 PART B", "city": "No Town", "housing_type": "Single-Family", "total_lots": 55, "built_lots": 50, "future_lots": 5, "future_units": 5, "activity_status": "active_residential", "active_evidence": "50_parcels_with_year_built_since_2024", "match_confidence": 0.999981, "review_status": "high_confidence_spatial_subset", "source_snapshot_date": "GIS parcel 2026-07-10; subdivision 2026-06-27; appraisal retrieved 2026-08-13 (2027 current)", "stroke": "#176B66", "stroke-width": 1, "stroke-opacity": 0.7, "fill": "#2A9D8F", "fill-opacity": 0.22}}, {"type": "Feature", "geometry": {"type": "Polygon", "coordinates": [[[-96.80618969993196, 32.746858043946126], [-96.80606590534595, 32.74715513987105], [-96.80584175278855, 32.74733289725957], [-96.805724942162, 32.74755857441659], [-96.80553126242225, 32.74744006128574], [-96.80530480046991, 32.74741619356561], [-96.80507028820726, 32.74723450542924], [-96.80493037444218, 32.74718528832731], [-96.8047890857888, 32.74717366547079], [-96.8046281934462, 32.747231914184944], [-96.80469836190288, 32.74633041522001], [-96.80485786425847, 32.74601701882036], [-96.80527023842994, 32.74554103016932], [-96.80553959731263, 32.74559646513197], [-96.80583278581867, 32.745317165653084], [-96.80668493519994, 32.74561192330222], [-96.80618969993196, 32.746858043946126]]]}, "properties": {"title": "BETTERSONS SPRING HILL BLKS 3116 TO 3119 | 5 Future Lots", "description": "Dallas | Single-Family | Total 16 | Built 11 | Future Lots 5 | Future Units 5 | 1_parcels_with_year_built_since_2024", "feature_role": "project_boundary", "legend_category": "Other Active Residential", "rank": null, "project_id": "DCAD-SUBD-ROW1894-af81cbc3fc", "subdivision_number": null, "subdivision_name": "BETTERSONS SPRING HILL BLKS 3116 TO 3119", "city": "Dallas", "housing_type": "Single-Family", "total_lots": 16, "built_lots": 11, "future_lots": 5, "future_units": 5, "activity_status": "active_residential", "active_evidence": "1_parcels_with_year_built_since_2024", "match_confidence": 1.0, "review_status": "high_confidence_spatial_subset", "source_snapshot_date": "GIS parcel 2026-07-10; subdivision 2026-06-27; appraisal retrieved 2026-08-13 (2027 current)", "stroke": "#176B66", "stroke-width": 1, "stroke-opacity": 0.7, "fill": "#2A9D8F", "fill-opacity": 0.22}}, {"type": "Feature", "geometry": {"type": "Polygon", "coordinates": [[[-96.75574240852418, 32.802519472240654], [-96.75528614687268, 32.80214172900971], [-96.75644920564183, 32.80118766255265], [-96.75433224250955, 32.79934568072282], [-96.757520428289, 32.7967462108752], [-96.75962311853893, 32.798592072346125], [-96.7592307660019, 32.79890973073506], [-96.75968577855498, 32.79930393675648], [-96.76007492084103, 32.798987818265985], [-96.76012023648839, 32.799027511495254], [-96.75973356091828, 32.79934523575537], [-96.76024900009372, 32.79979169202009], [-96.75603783313854, 32.80303179550237], [-96.75571328768194, 32.802749533882604], [-96.75574240852418, 32.802519472240654]], [[-96.75705904372235, 32.801908075981515], [-96.75683570725599, 32.80171383921443], [-96.75659054138607, 32.80191490491916], [-96.75681387779481, 32.8021091434973], [-96.75705904372235, 32.801908075981515]], [[-96.7584425588679, 32.80065025666378], [-96.75858290903561, 32.80053558821344], [-96.75843234433655, 32.80040427753813], [-96.75829199252793, 32.80051894717119], [-96.7584425588679, 32.80065025666378]], [[-96.75838708700924, 32.80036476595544], [-96.75892599595252, 32.7999241186787], [-96.75879243548556, 32.79980759885283], [-96.75892577148625, 32.79969862282972], [-96.75860665800595, 32.79942012023323], [-96.75793451112587, 32.799969646399155], [-96.75838708700924, 32.80036476595544]]]}, "properties": {"title": "EAST COLUMBIA PLACE | 5 Future Lots", "description": "Dallas | Mixed-Use | Total 133 | Built 128 | Future Lots 5 | Future Units 9 | 1_parcels_with_year_built_since_2024; 1_parcels_with_incomplete_official_structure_records", "feature_role": "project_boundary", "legend_category": "Other Active Residential", "rank": null, "project_id": "DCAD-SUBD-ROW6925-273b8c3068", "subdivision_number": null, "subdivision_name": "EAST COLUMBIA PLACE", "city": "Dallas", "housing_type": "Mixed-Use", "total_lots": 133, "built_lots": 128, "future_lots": 5, "future_units": 9, "activity_status": "active_residential", "active_evidence": "1_parcels_with_year_built_since_2024; 1_parcels_with_incomplete_official_structure_records", "match_confidence": 0.999938, "review_status": "high_confidence_spatial_subset", "source_snapshot_date": "GIS parcel 2026-07-10; subdivision 2026-06-27; appraisal retrieved 2026-08-13 (2027 current)", "stroke": "#176B66", "stroke-width": 1, "stroke-opacity": 0.7, "fill": "#2A9D8F", "fill-opacity": 0.22}}, {"type": "Feature", "geometry": {"type": "Polygon", "coordinates": [[[-96.94141433232575, 32.812704775404356], [-96.94036856783471, 32.812699077052045], [-96.94037216755144, 32.812264374265276], [-96.94042303143245, 32.81222355386289], [-96.94141603329429, 32.812237219963365], [-96.94141433232575, 32.812704775404356]]]}, "properties": {"title": "LEE BRITAIN REVISED | 5 Future Lots", "description": "Irving | Single-Family | Total 23 | Built 18 | Future Lots 5 | Future Units 5 | 8_parcels_with_year_built_since_2024", "feature_role": "project_boundary", "legend_category": "Other Active Residential", "rank": null, "project_id": "DCAD-SUBD-26045-f13b199eff", "subdivision_number": "26045", "subdivision_name": "LEE BRITAIN REVISED", "city": "Irving", "housing_type": "Single-Family", "total_lots": 23, "built_lots": 18, "future_lots": 5, "future_units": 5, "activity_status": "active_residential", "active_evidence": "8_parcels_with_year_built_since_2024", "match_confidence": 1.0, "review_status": "high_confidence_spatial_subset", "source_snapshot_date": "GIS parcel 2026-07-10; subdivision 2026-06-27; appraisal retrieved 2026-08-13 (2027 current)", "stroke": "#176B66", "stroke-width": 1, "stroke-opacity": 0.7, "fill": "#2A9D8F", "fill-opacity": 0.22}}, {"type": "Feature", "geometry": {"type": "Polygon", "coordinates": [[[-96.81915758554693, 32.752087423356286], [-96.81915371394442, 32.75002431429731], [-96.81979473549981, 32.74969719407089], [-96.81978733001534, 32.750151599803544], [-96.82010996476092, 32.750155355536705], [-96.82013683612556, 32.75371775086184], [-96.8191614584369, 32.753717866536796], [-96.81915758554693, 32.752087423356286]]]}, "properties": {"title": "STEINMANS | 5 Future Lots", "description": "Dallas | Mixed-Use | Total 42 | Built 36 | Future Lots 5 | Future Units 7 | 5_parcels_with_year_built_since_2024; 1_parcels_with_incomplete_official_structure_records", "feature_role": "project_boundary", "legend_category": "Other Active Residential", "rank": null, "project_id": "DCAD-SUBD-ROW23276-36c2fbf8ef", "subdivision_number": null, "subdivision_name": "STEINMANS", "city": "Dallas", "housing_type": "Mixed-Use", "total_lots": 42, "built_lots": 36, "future_lots": 5, "future_units": 7, "activity_status": "active_residential", "active_evidence": "5_parcels_with_year_built_since_2024; 1_parcels_with_incomplete_official_structure_records", "match_confidence": 0.992524, "review_status": "high_confidence_spatial_subset", "source_snapshot_date": "GIS parcel 2026-07-10; subdivision 2026-06-27; appraisal retrieved 2026-08-13 (2027 current)", "stroke": "#176B66", "stroke-width": 1, "stroke-opacity": 0.7, "fill": "#2A9D8F", "fill-opacity": 0.22}}, {"type": "Feature", "geometry": {"type": "Polygon", "coordinates": [[[-97.01707641764943, 32.55626655995544], [-97.01636826490439, 32.55609919469501], [-97.0134911288565, 32.55608985282652], [-97.01354399424459, 32.55318016790313], [-97.01419429377385, 32.553095799609885], [-97.01387220137995, 32.55369836559839], [-97.01386904999627, 32.553952117396534], [-97.01376501046951, 32.554113179326116], [-97.01384890153427, 32.554222760415456], [-97.01394595767889, 32.5542161723787], [-97.0148109815023, 32.553321718626385], [-97.0148087269096, 32.553016081421084], [-97.01599429029031, 32.552862255074324], [-97.01664920969819, 32.55327737377688], [-97.01623213100068, 32.553898780059676], [-97.01610245914283, 32.554021821888846], [-97.01615667608517, 32.554122902356134], [-97.01608863691723, 32.55429754686632], [-97.01719064493432, 32.554301108584575], [-97.01719370147009, 32.553622470486786], [-97.01941893612702, 32.554470075089256], [-97.02023225720428, 32.556187562570756], [-97.02009928845183, 32.555906850374804], [-97.01864909463008, 32.5556950013012], [-97.01864103199793, 32.55588270660161], [-97.01854545309456, 32.55596121694274], [-97.01841919747386, 32.555955348954306], [-97.01833652102566, 32.55587404561813], [-97.01818250370081, 32.55591761288927], [-97.01736489735657, 32.55638987740759], [-97.01707641764943, 32.55626655995544]]]}, "properties": {"title": "LAKE RIDGE SEC. 18-A PH 3 | 5 Future Lots", "description": "Grand Prairie | Single-Family | Total 13 | Built 8 | Future Lots 5 | Future Units 5 | 3_parcels_with_year_built_since_2024; 1_parcels_with_incomplete_official_structure_records", "feature_role": "project_boundary", "legend_category": "Other Active Residential", "rank": null, "project_id": "DCAD-SUBD-12090-85735e4569", "subdivision_number": "12090", "subdivision_name": "LAKE RIDGE SEC. 18-A PH 3", "city": "Grand Prairie", "housing_type": "Single-Family", "total_lots": 13, "built_lots": 8, "future_lots": 5, "future_units": 5, "activity_status": "active_residential", "active_evidence": "3_parcels_with_year_built_since_2024; 1_parcels_with_incomplete_official_structure_records", "match_confidence": 1.0, "review_status": "high_confidence_spatial_subset", "source_snapshot_date": "GIS parcel 2026-07-10; subdivision 2026-06-27; appraisal retrieved 2026-08-13 (2027 current)", "stroke": "#176B66", "stroke-width": 1, "stroke-opacity": 0.7, "fill": "#2A9D8F", "fill-opacity": 0.22}}, {"type": "Feature", "geometry": {"type": "Polygon", "coordinates": [[[-96.72853383315237, 32.93819913924309], [-96.72576380515424, 32.93819349803047], [-96.72566640832295, 32.93811278880949], [-96.72567124721405, 32.937116302001265], [-96.72599718969427, 32.93711745147187], [-96.72599892287917, 32.936760124433896], [-96.72567298168612, 32.93675897634194], [-96.72568065588227, 32.93517849276323], [-96.72577880905088, 32.9350963613193], [-96.72647941985397, 32.93509279074089], [-96.72647213193703, 32.93644562688118], [-96.72893406668082, 32.936454086761195], [-96.72892550471815, 32.93821467242137], [-96.72853383315237, 32.93819913924309]]]}, "properties": {"title": "VILLAS OF BUCKINGHAM | 6 Future Lots", "description": "Richardson | Single-Family | Total 66 | Built 60 | Future Lots 6 | Future Units 6 | 1_parcels_with_year_built_since_2024", "feature_role": "project_boundary", "legend_category": "Other Active Residential", "rank": null, "project_id": "DCAD-SUBD-26265-18280bd693", "subdivision_number": "26265", "subdivision_name": "VILLAS OF BUCKINGHAM", "city": "Richardson", "housing_type": "Single-Family", "total_lots": 66, "built_lots": 60, "future_lots": 6, "future_units": 6, "activity_status": "active_residential", "active_evidence": "1_parcels_with_year_built_since_2024", "match_confidence": 0.999838, "review_status": "high_confidence_spatial_subset", "source_snapshot_date": "GIS parcel 2026-07-10; subdivision 2026-06-27; appraisal retrieved 2026-08-13 (2027 current)", "stroke": "#176B66", "stroke-width": 1, "stroke-opacity": 0.7, "fill": "#2A9D8F", "fill-opacity": 0.22}}, {"type": "Feature", "geometry": {"type": "Polygon", "coordinates": [[[-96.95124573223403, 32.971960750858265], [-96.95159480167162, 32.97142841832692], [-96.95192690423983, 32.97135772396767], [-96.95238011177561, 32.971419361975904], [-96.95298810626635, 32.97180237828798], [-96.95325064639731, 32.97190157768182], [-96.95371181749663, 32.971959433581986], [-96.95386501314684, 32.97208488834359], [-96.95408864000919, 32.97181310599996], [-96.9542265607933, 32.97188640422064], [-96.95404966989224, 32.972117965169105], [-96.95371007062356, 32.972413635971584], [-96.95384428538789, 32.9725235516898], [-96.9538270032969, 32.97274928647422], [-96.95393024874203, 32.97306245361632], [-96.95369037493104, 32.9731993288548], [-96.9520073835255, 32.97318800997228], [-96.95124573223403, 32.971960750858265]]]}, "properties": {"title": "BLACKBERRY FARM PH 2 REP | 6 Future Lots", "description": "Coppell | Single-Family | Total 7 | Built 1 | Future Lots 6 | Future Units 6 | 1_parcels_with_year_built_since_2024; 1_parcels_with_incomplete_official_structure_records", "feature_role": "project_boundary", "legend_category": "Other Active Residential", "rank": null, "project_id": "DCAD-SUBD-00042-823165817b", "subdivision_number": "00042", "subdivision_name": "BLACKBERRY FARM PH 2 REP", "city": "Coppell", "housing_type": "Single-Family", "total_lots": 7, "built_lots": 1, "future_lots": 6, "future_units": 6, "activity_status": "active_residential", "active_evidence": "1_parcels_with_year_built_since_2024; 1_parcels_with_incomplete_official_structure_records", "match_confidence": 1.0, "review_status": "high_confidence_spatial_subset", "source_snapshot_date": "GIS parcel 2026-07-10; subdivision 2026-06-27; appraisal retrieved 2026-08-13 (2027 current)", "stroke": "#176B66", "stroke-width": 1, "stroke-opacity": 0.7, "fill": "#2A9D8F", "fill-opacity": 0.22}}, {"type": "Feature", "geometry": {"type": "Polygon", "coordinates": [[[-96.773189219186, 32.68675974965659], [-96.77690254189939, 32.68582990982127], [-96.77838934267741, 32.68800514458756], [-96.77781066262993, 32.68828712754917], [-96.77815471574222, 32.688792035963935], [-96.77873339798654, 32.688510051406794], [-96.77881454398852, 32.688629133586076], [-96.77823690327668, 32.68891060925595], [-96.77858144640254, 32.68941623109597], [-96.77656065278498, 32.69040090260599], [-96.77621579172624, 32.68989479919416], [-96.77553702270278, 32.69022552954945], [-96.773189219186, 32.68675974965659]]]}, "properties": {"title": "GOLDMINE THIRD INSTALLMENT | 6 Future Lots", "description": "Dallas | Single-Family | Total 60 | Built 54 | Future Lots 6 | Future Units 6 | 1_parcels_with_year_built_since_2024; 1_parcels_with_incomplete_official_structure_records", "feature_role": "project_boundary", "legend_category": "Other Active Residential", "rank": null, "project_id": "DCAD-SUBD-ROW9471-b0c56306ff", "subdivision_number": null, "subdivision_name": "GOLDMINE THIRD INSTALLMENT", "city": "Dallas", "housing_type": "Single-Family", "total_lots": 60, "built_lots": 54, "future_lots": 6, "future_units": 6, "activity_status": "active_residential", "active_evidence": "1_parcels_with_year_built_since_2024; 1_parcels_with_incomplete_official_structure_records", "match_confidence": 0.998708, "review_status": "high_confidence_spatial_subset", "source_snapshot_date": "GIS parcel 2026-07-10; subdivision 2026-06-27; appraisal retrieved 2026-08-13 (2027 current)", "stroke": "#176B66", "stroke-width": 1, "stroke-opacity": 0.7, "fill": "#2A9D8F", "fill-opacity": 0.22}}, {"type": "Feature", "geometry": {"type": "Polygon", "coordinates": [[[-96.86146239937669, 32.55077844768413], [-96.86167892304836, 32.5513986567888], [-96.86167941842588, 32.55274750541861], [-96.86491255331023, 32.552744180256944], [-96.86515814752856, 32.55269605636655], [-96.86543153174658, 32.55255260918228], [-96.86543023661824, 32.553551413177836], [-96.85791846809074, 32.553539938935074], [-96.85791977952995, 32.55315901818922], [-96.85746142641092, 32.55294986895148], [-96.85690956107295, 32.552926110408684], [-96.85690896214162, 32.5527886737698], [-96.85734091454141, 32.55279133596778], [-96.85758611285769, 32.552840878563984], [-96.85792015984572, 32.55300836314168], [-96.85792946382352, 32.55030590499489], [-96.86146728315109, 32.55031455712871], [-96.86146239937669, 32.55077844768413]]]}, "properties": {"title": "MAPLEWOOD PH 2A | 6 Future Lots", "description": "Glenn Heights | Single-Family | Total 92 | Built 86 | Future Lots 6 | Future Units not quantified | 4_parcels_with_year_built_since_2024", "feature_role": "project_boundary", "legend_category": "Other Active Residential", "rank": null, "project_id": "DCAD-SUBD-40616-918461d361", "subdivision_number": "40616", "subdivision_name": "MAPLEWOOD PH 2A", "city": "Glenn Heights", "housing_type": "Single-Family", "total_lots": 92, "built_lots": 86, "future_lots": 6, "future_units": null, "activity_status": "active_residential", "active_evidence": "4_parcels_with_year_built_since_2024", "match_confidence": 1.0, "review_status": "high_confidence_spatial_subset", "source_snapshot_date": "GIS parcel 2026-07-10; subdivision 2026-06-27; appraisal retrieved 2026-08-13 (2027 current)", "stroke": "#176B66", "stroke-width": 1, "stroke-opacity": 0.7, "fill": "#2A9D8F", "fill-opacity": 0.22}}, {"type": "Feature", "geometry": {"type": "Polygon", "coordinates": [[[-96.53113854282617, 32.88154247527581], [-96.53130142150849, 32.88154188550636], [-96.53133382332965, 32.88150802616691], [-96.53208357564415, 32.8816091398581], [-96.53212660664781, 32.88157602704735], [-96.5321430806686, 32.88143929671818], [-96.53209825321599, 32.881407826038746], [-96.53220313987933, 32.880808993649175], [-96.5336144254719, 32.880931283586], [-96.53392622430097, 32.88100298742622], [-96.53426382396766, 32.88116974290517], [-96.53453114203553, 32.88141060837685], [-96.53468717260257, 32.88166070545202], [-96.53479830957447, 32.882017170635805], [-96.5349611677917, 32.88201356950496], [-96.5350030753213, 32.88195937370243], [-96.53536377314208, 32.88204556971165], [-96.53540204608377, 32.883088511738336], [-96.53070669750666, 32.883105557244846], [-96.53069831722578, 32.88145351332484], [-96.531105696612, 32.88148845929706], [-96.53113854282617, 32.88154247527581]]]}, "properties": {"title": "BAYSIDE WEST PH 2 | 6 Future Lots", "description": "Rowlett | Single-Family | Total 60 | Built 54 | Future Lots 6 | Future Units not quantified | 24_parcels_with_year_built_since_2024", "feature_role": "project_boundary", "legend_category": "Other Active Residential", "rank": null, "project_id": "DCAD-SUBD-11074-c9ef7e68bc", "subdivision_number": "11074", "subdivision_name": "BAYSIDE WEST PH 2", "city": "Rowlett", "housing_type": "Single-Family", "total_lots": 60, "built_lots": 54, "future_lots": 6, "future_units": null, "activity_status": "active_residential", "active_evidence": "24_parcels_with_year_built_since_2024", "match_confidence": 1.0, "review_status": "high_confidence_spatial_subset", "source_snapshot_date": "GIS parcel 2026-07-10; subdivision 2026-06-27; appraisal retrieved 2026-08-13 (2027 current)", "stroke": "#176B66", "stroke-width": 1, "stroke-opacity": 0.7, "fill": "#2A9D8F", "fill-opacity": 0.22}}, {"type": "Feature", "geometry": {"type": "Polygon", "coordinates": [[[-96.79136445065295, 32.835550420819835], [-96.79166332151398, 32.835378919982304], [-96.7924619752595, 32.83457356572346], [-96.7928924554992, 32.83457076765325], [-96.79287807524565, 32.83404182951944], [-96.79304508431218, 32.833784270551824], [-96.7934286483202, 32.83243753961521], [-96.7969964974082, 32.832443733007445], [-96.79699853697053, 32.83317866890723], [-96.7976825423783, 32.83317713861577], [-96.79768228481227, 32.832444238138976], [-96.79799219603512, 32.832445269704195], [-96.79798962023867, 32.83317917466376], [-96.7987213660156, 32.83317726354527], [-96.7987487908564, 32.83649494195425], [-96.79105361593932, 32.83649384642361], [-96.79104697262889, 32.83558644895395], [-96.79136445065295, 32.835550420819835]], [[-96.79707264694878, 32.83513348033178], [-96.79708207297848, 32.834561801761026], [-96.7965440801185, 32.83455443749183], [-96.79653465062177, 32.835126116022195], [-96.79707264694878, 32.83513348033178]], [[-96.79589518378039, 32.8339501118345], [-96.79542308794338, 32.833949126837425], [-96.79542203029905, 32.83452085962503], [-96.79589412917936, 32.834521844626046], [-96.79589518378039, 32.8339501118345]], [[-96.7985434316644, 32.83396718165267], [-96.79815252770875, 32.83396356338186], [-96.79814510435473, 32.83453526248996], [-96.79853578292314, 32.83453887904188], [-96.7985434316644, 32.83396718165267]]]}, "properties": {"title": "HIGHLAND PARK W 3RD INST | 6 Future Lots", "description": "Highland Park | Single-Family | Total 129 | Built 123 | Future Lots 6 | Future Units 6 | 2_parcels_with_year_built_since_2024", "feature_role": "project_boundary", "legend_category": "Other Active Residential", "rank": null, "project_id": "DCAD-SUBD-08450-659664c461", "subdivision_number": "08450", "subdivision_name": "HIGHLAND PARK W 3RD INST", "city": "Highland Park", "housing_type": "Single-Family", "total_lots": 129, "built_lots": 123, "future_lots": 6, "future_units": 6, "activity_status": "active_residential", "active_evidence": "2_parcels_with_year_built_since_2024", "match_confidence": 0.999831, "review_status": "high_confidence_spatial_subset", "source_snapshot_date": "GIS parcel 2026-07-10; subdivision 2026-06-27; appraisal retrieved 2026-08-13 (2027 current)", "stroke": "#176B66", "stroke-width": 1, "stroke-opacity": 0.7, "fill": "#2A9D8F", "fill-opacity": 0.22}}, {"type": "Feature", "geometry": {"type": "MultiPolygon", "coordinates": [[[[-96.54416595031991, 32.9809115946084], [-96.5439233581959, 32.981035606316944], [-96.54402098497435, 32.98133476013107], [-96.54355341156372, 32.98134534044021], [-96.54326723913273, 32.98125131988937], [-96.54306125674499, 32.98111556156468], [-96.54288644325547, 32.98090853402183], [-96.54279682097653, 32.980677073563996], [-96.54482853421115, 32.97963844168455], [-96.54485894671795, 32.97975882434813], [-96.54557932290788, 32.97975339618219], [-96.5455823870728, 32.98004219566627], [-96.54574544096545, 32.980040966982735], [-96.54575392484175, 32.9808403189618], [-96.5458032545364, 32.98088288640245], [-96.54537154726523, 32.98089835846807], [-96.54532199770581, 32.98057117346259], [-96.54467254379396, 32.98070547558802], [-96.54416595031991, 32.9809115946084]]], [[[-96.54493802453096, 32.98356745515733], [-96.54459375415402, 32.983420915743665], [-96.54475308495545, 32.983118144452625], [-96.54400013075612, 32.982905338576245], [-96.54302988977122, 32.98280993517738], [-96.54301836198974, 32.98314100333825], [-96.54285536640195, 32.983136970336204], [-96.54276698303066, 32.98567289596374], [-96.54292998488302, 32.98567693047959], [-96.54291844811141, 32.98600800249268], [-96.54312482128994, 32.98601871365659], [-96.54330287932235, 32.98608732513284], [-96.544231781631, 32.986872208975036], [-96.54451088892606, 32.98663902758195], [-96.54462569436674, 32.98673663104417], [-96.5446569637498, 32.9867105071111], [-96.54504990833453, 32.9870445687337], [-96.54308374493674, 32.98868278898941], [-96.54267609337636, 32.98910594919206], [-96.54256296322842, 32.98912882281682], [-96.5423146715382, 32.988978039049556], [-96.54027361928455, 32.98720636611279], [-96.54075054243418, 32.98681137754234], [-96.53960564970528, 32.985190408884456], [-96.54033974663199, 32.98482543383195], [-96.53980966264523, 32.98414894452819], [-96.54031310161396, 32.98392994477595], [-96.54097093922627, 32.98373743808747], [-96.54154284249971, 32.98364647399417], [-96.54212058381468, 32.98361953852497], [-96.5421003075029, 32.98315347550619], [-96.54213775512422, 32.98312628636555], [-96.54214887584396, 32.98280735758462], [-96.5428660557328, 32.98282511794265], [-96.54295991060931, 32.98126274458569], [-96.54325127046624, 32.98143086909698], [-96.5435633726559, 32.981515002313174], [-96.54395017899408, 32.981516344991206], [-96.54429166986698, 32.98142257805818], [-96.54446912719068, 32.98171810029041], [-96.5449970911212, 32.98148502579603], [-96.54556353049365, 32.981380856636996], [-96.5461828078298, 32.98142866657342], [-96.54679283516487, 32.981658443831535], [-96.54701170237271, 32.98138335337473], [-96.54728216060802, 32.98156151333561], [-96.54649732508027, 32.9823859797617], [-96.54624112270609, 32.982775154609776], [-96.54587786447131, 32.9826487815904], [-96.54571993981882, 32.98309788612264], [-96.54567438773975, 32.98348768272565], [-96.54543544510574, 32.98343974729985], [-96.54517931062611, 32.98330245011069], [-96.54498042637954, 32.98358811896678], [-96.54493802453096, 32.98356745515733]]]]}, "properties": {"title": "DOMINION OF PLEASANT VALLEY PH 2 | 6 Future Lots", "description": "City not provided | Single-Family | Total 73 | Built 67 | Future Lots 6 | Future Units 6 | 4_parcels_with_year_built_since_2024; 1_parcels_with_incomplete_official_structure_records", "feature_role": "project_boundary", "legend_category": "Other Active Residential", "rank": null, "project_id": "DCAD-SUBD-05050-6c14e537d1", "subdivision_number": "05050", "subdivision_name": "DOMINION OF PLEASANT VALLEY PH 2", "city": "City not provided", "housing_type": "Single-Family", "total_lots": 73, "built_lots": 67, "future_lots": 6, "future_units": 6, "activity_status": "active_residential", "active_evidence": "4_parcels_with_year_built_since_2024; 1_parcels_with_incomplete_official_structure_records", "match_confidence": 1.0, "review_status": "high_confidence_spatial_subset", "source_snapshot_date": "GIS parcel 2026-07-10; subdivision 2026-06-27; appraisal retrieved 2026-08-13 (2027 current)", "stroke": "#176B66", "stroke-width": 1, "stroke-opacity": 0.7, "fill": "#2A9D8F", "fill-opacity": 0.22}}, {"type": "Feature", "geometry": {"type": "Polygon", "coordinates": [[[-96.75361487640934, 32.817648380278264], [-96.7533494539137, 32.81764792121016], [-96.75335148023892, 32.81752493135165], [-96.75301817889195, 32.81752247796423], [-96.7530193911879, 32.817119993049204], [-96.75356035991805, 32.81712057447948], [-96.75355361236362, 32.816257531639124], [-96.7536196965461, 32.81623374080585], [-96.75361528453571, 32.81668726466532], [-96.75410441218462, 32.81669389527668], [-96.75410791188693, 32.81624036412954], [-96.75492169271037, 32.81624483558244], [-96.75484016947739, 32.816244443821795], [-96.75483691045665, 32.816711663354134], [-96.7551622291916, 32.816713450126166], [-96.7551657225758, 32.81624622839845], [-96.75508444723593, 32.816245730310776], [-96.76139617779637, 32.81626752553731], [-96.76135947247383, 32.82195364298439], [-96.75298501607229, 32.82195015944615], [-96.75299582069144, 32.8200082272973], [-96.75381055708954, 32.820010903168246], [-96.75380800158285, 32.819598442607635], [-96.75364484610382, 32.81959808636456], [-96.7536423110791, 32.819185782760755], [-96.75299076376176, 32.81918507857775], [-96.75298745693048, 32.81849052862041], [-96.75378011858287, 32.8184975889788], [-96.753782472529, 32.8180753884686], [-96.75361556617793, 32.818074693590034], [-96.75361487640934, 32.817648380278264]]]}, "properties": {"title": "LAKEWOOD HEIGHTS | 6 Future Lots", "description": "Dallas | Mixed-Use | Total 542 | Built 536 | Future Lots 6 | Future Units not quantified | 12_parcels_with_year_built_since_2024; 5_parcels_with_incomplete_official_structure_records", "feature_role": "project_boundary", "legend_category": "Other Active Residential", "rank": null, "project_id": "DCAD-SUBD-ROW13588-785562348f", "subdivision_number": null, "subdivision_name": "LAKEWOOD HEIGHTS", "city": "Dallas", "housing_type": "Mixed-Use", "total_lots": 542, "built_lots": 536, "future_lots": 6, "future_units": null, "activity_status": "active_residential", "active_evidence": "12_parcels_with_year_built_since_2024; 5_parcels_with_incomplete_official_structure_records", "match_confidence": 0.999941, "review_status": "high_confidence_spatial_subset", "source_snapshot_date": "GIS parcel 2026-07-10; subdivision 2026-06-27; appraisal retrieved 2026-08-13 (2027 current)", "stroke": "#176B66", "stroke-width": 1, "stroke-opacity": 0.7, "fill": "#2A9D8F", "fill-opacity": 0.22}}, {"type": "Feature", "geometry": {"type": "Polygon", "coordinates": [[[-96.75349466377465, 32.74414099665848], [-96.75349571470454, 32.74387064368756], [-96.75360789278778, 32.74395949618147], [-96.75415133480281, 32.74348926326156], [-96.75462956139918, 32.74389002866799], [-96.75714130017147, 32.74175346624609], [-96.75719283465169, 32.74209271538261], [-96.75720752454647, 32.74315883725728], [-96.75731149443469, 32.74378659924761], [-96.75722667066411, 32.743704695830274], [-96.75692744656301, 32.74395812545405], [-96.75715547254276, 32.74415158396371], [-96.75339153073772, 32.74735589699754], [-96.75341058009413, 32.745941385099215], [-96.7534875037737, 32.74587647746128], [-96.75349466377465, 32.74414099665848]], [[-96.755353757036, 32.74382059491604], [-96.75529588532126, 32.74387006125573], [-96.75552717257725, 32.74406332253736], [-96.75564151469844, 32.743965590561075], [-96.75541022744815, 32.74377232949099], [-96.755353757036, 32.74382059491604]], [[-96.75534916606246, 32.7434313376149], [-96.7555787039239, 32.7436269110174], [-96.75569347101292, 32.74352953822522], [-96.75546391239004, 32.743333945498115], [-96.75534916606246, 32.7434313376149]]]}, "properties": {"title": "LINCOLN MANOR NO. 2 | 6 Future Lots", "description": "Dallas | Single-Family | Total 112 | Built 106 | Future Lots 6 | Future Units 6 | 19_parcels_with_year_built_since_2024; 5_parcels_with_incomplete_official_structure_records", "feature_role": "project_boundary", "legend_category": "Other Active Residential", "rank": null, "project_id": "DCAD-SUBD-ROW14049-61ae4dde0e", "subdivision_number": null, "subdivision_name": "LINCOLN MANOR NO. 2", "city": "Dallas", "housing_type": "Single-Family", "total_lots": 112, "built_lots": 106, "future_lots": 6, "future_units": 6, "activity_status": "active_residential", "active_evidence": "19_parcels_with_year_built_since_2024; 5_parcels_with_incomplete_official_structure_records", "match_confidence": 1.0, "review_status": "high_confidence_spatial_subset", "source_snapshot_date": "GIS parcel 2026-07-10; subdivision 2026-06-27; appraisal retrieved 2026-08-13 (2027 current)", "stroke": "#176B66", "stroke-width": 1, "stroke-opacity": 0.7, "fill": "#2A9D8F", "fill-opacity": 0.22}}, {"type": "Feature", "geometry": {"type": "Polygon", "coordinates": [[[-96.88252799346519, 32.78322196646307], [-96.87981390950938, 32.78319682825902], [-96.87982528178775, 32.77897883527928], [-96.88253613041113, 32.779015678195], [-96.88253827927487, 32.78130294255285], [-96.88227927394458, 32.78130148257048], [-96.88227601734013, 32.78171378392063], [-96.88253502387367, 32.78171524390973], [-96.88252799346519, 32.78322196646307]], [[-96.88221464413158, 32.781860702041044], [-96.88182418131757, 32.7818584998807], [-96.8818209225783, 32.782270801200916], [-96.88221138723137, 32.782273001997275], [-96.88221464413158, 32.781860702041044]], [[-96.88136493895065, 32.781708645463176], [-96.88136819978774, 32.781296344136734], [-96.88084758602048, 32.781293405481044], [-96.88084432278978, 32.78170570541971], [-96.88136493895065, 32.781708645463176]], [[-96.88214065273193, 32.78071940224427], [-96.88214379049955, 32.780322219137595], [-96.88149303204004, 32.780318549213426], [-96.88148989136003, 32.780715732303825], [-96.88214065273193, 32.78071940224427]], [[-96.88175670248812, 32.77989397286968], [-96.88162655107776, 32.77989323984727], [-96.8816235096851, 32.780278053470894], [-96.88175366163472, 32.780278787870735], [-96.88175670248812, 32.77989397286968]]]}, "properties": {"title": "EAGLE FORD GARDENS | 6 Future Lots", "description": "Dallas | Single-Family | Total 98 | Built 92 | Future Lots 6 | Future Units 6 | 1_parcels_with_year_built_since_2024", "feature_role": "project_boundary", "legend_category": "Other Active Residential", "rank": null, "project_id": "DCAD-SUBD-ROW6861-f30c6ad523", "subdivision_number": null, "subdivision_name": "EAGLE FORD GARDENS", "city": "Dallas", "housing_type": "Single-Family", "total_lots": 98, "built_lots": 92, "future_lots": 6, "future_units": 6, "activity_status": "active_residential", "active_evidence": "1_parcels_with_year_built_since_2024", "match_confidence": 1.0, "review_status": "high_confidence_spatial_subset", "source_snapshot_date": "GIS parcel 2026-07-10; subdivision 2026-06-27; appraisal retrieved 2026-08-13 (2027 current)", "stroke": "#176B66", "stroke-width": 1, "stroke-opacity": 0.7, "fill": "#2A9D8F", "fill-opacity": 0.22}}, {"type": "Feature", "geometry": {"type": "Polygon", "coordinates": [[[-96.83597494406514, 32.75161722342582], [-96.83970606351097, 32.75158117254385], [-96.83967826305823, 32.75229002047606], [-96.83594912443266, 32.75232606444734], [-96.83597494406514, 32.75161722342582]]]}, "properties": {"title": "VAL E WINSTONS | 6 Future Lots", "description": "Dallas | Single-Family | Total 39 | Built 33 | Future Lots 6 | Future Units 6 | 2_parcels_with_year_built_since_2024", "feature_role": "project_boundary", "legend_category": "Other Active Residential", "rank": null, "project_id": "DCAD-SUBD-ROW26294-681a26ccab", "subdivision_number": null, "subdivision_name": "VAL E WINSTONS", "city": "Dallas", "housing_type": "Single-Family", "total_lots": 39, "built_lots": 33, "future_lots": 6, "future_units": 6, "activity_status": "active_residential", "active_evidence": "2_parcels_with_year_built_since_2024", "match_confidence": 1.0, "review_status": "high_confidence_spatial_subset", "source_snapshot_date": "GIS parcel 2026-07-10; subdivision 2026-06-27; appraisal retrieved 2026-08-13 (2027 current)", "stroke": "#176B66", "stroke-width": 1, "stroke-opacity": 0.7, "fill": "#2A9D8F", "fill-opacity": 0.22}}, {"type": "Feature", "geometry": {"type": "Polygon", "coordinates": [[[-97.01293138692809, 32.83160704384236], [-97.01265468045597, 32.831606947267616], [-97.01265471515102, 32.831536827649415], [-97.0117457102685, 32.831536506103596], [-97.0117510110781, 32.830094534912156], [-97.0129321049516, 32.83012867357907], [-97.01293138692809, 32.83160704384236]]]}, "properties": {"title": "HARDROCK ESTATES 2 | 6 Future Lots", "description": "Irving | Single-Family | Total 13 | Built 7 | Future Lots 6 | Future Units 6 | 1_parcels_with_year_built_since_2024; 1_parcels_with_incomplete_official_structure_records", "feature_role": "project_boundary", "legend_category": "Other Active Residential", "rank": null, "project_id": "DCAD-SUBD-20616-e15acea5c9", "subdivision_number": "20616", "subdivision_name": "HARDROCK ESTATES 2", "city": "Irving", "housing_type": "Single-Family", "total_lots": 13, "built_lots": 7, "future_lots": 6, "future_units": 6, "activity_status": "active_residential", "active_evidence": "1_parcels_with_year_built_since_2024; 1_parcels_with_incomplete_official_structure_records", "match_confidence": 0.999999, "review_status": "high_confidence_spatial_subset", "source_snapshot_date": "GIS parcel 2026-07-10; subdivision 2026-06-27; appraisal retrieved 2026-08-13 (2027 current)", "stroke": "#176B66", "stroke-width": 1, "stroke-opacity": 0.7, "fill": "#2A9D8F", "fill-opacity": 0.22}}, {"type": "Feature", "geometry": {"type": "Polygon", "coordinates": [[[-96.56597504106372, 32.95116319721069], [-96.56613039736719, 32.950998852187695], [-96.56632446066895, 32.950981684185216], [-96.56654412128185, 32.95085738286604], [-96.56667657619988, 32.950439934524205], [-96.56666008542591, 32.95113913879934], [-96.5665244322966, 32.95122984557533], [-96.56651501035215, 32.951669479504325], [-96.56664539586178, 32.951671458899284], [-96.56663548649415, 32.95213658222857], [-96.56117919949098, 32.95204513122752], [-96.56131624860643, 32.951056349742935], [-96.56164783340033, 32.950947096179725], [-96.5618757848357, 32.950996657793155], [-96.56197980837403, 32.95097263050774], [-96.5628984154269, 32.95116788081611], [-96.56596839488026, 32.95120832993346], [-96.56597504106372, 32.95116319721069]]]}, "properties": {"title": "ARIA PH 2 | 7 Future Lots", "description": "Sachse | Single-Family | Total 107 | Built 100 | Future Lots 7 | Future Units 7 | 66_parcels_with_year_built_since_2024", "feature_role": "project_boundary", "legend_category": "Other Active Residential", "rank": null, "project_id": "DCAD-SUBD-00070-3867d0049a", "subdivision_number": "00070", "subdivision_name": "ARIA PH 2", "city": "Sachse", "housing_type": "Single-Family", "total_lots": 107, "built_lots": 100, "future_lots": 7, "future_units": 7, "activity_status": "active_residential", "active_evidence": "66_parcels_with_year_built_since_2024", "match_confidence": 1.0, "review_status": "high_confidence_spatial_subset", "source_snapshot_date": "GIS parcel 2026-07-10; subdivision 2026-06-27; appraisal retrieved 2026-08-13 (2027 current)", "stroke": "#176B66", "stroke-width": 1, "stroke-opacity": 0.7, "fill": "#2A9D8F", "fill-opacity": 0.22}}, {"type": "Feature", "geometry": {"type": "Polygon", "coordinates": [[[-96.67103485440443, 32.92380284211597], [-96.6710244715073, 32.92657786955394], [-96.67097040061768, 32.9266666850528], [-96.66929335958501, 32.926683282861205], [-96.66920075774046, 32.92664956326088], [-96.66916341369617, 32.926566778921284], [-96.6690656350622, 32.9265665209918], [-96.66908158452829, 32.92706967358562], [-96.66902636761203, 32.92709214411758], [-96.66861807108866, 32.92709106921732], [-96.66859869642425, 32.92694570278007], [-96.66843580304102, 32.926949818825044], [-96.66843922441319, 32.92700199364886], [-96.66837952930045, 32.92700463743721], [-96.66719639128122, 32.92700151225488], [-96.6671043224367, 32.92696906648962], [-96.66706642671144, 32.926891218814994], [-96.66700124017764, 32.92689104576516], [-96.66689066723775, 32.92699957182072], [-96.66581419351435, 32.9269980439366], [-96.66572234643061, 32.92696515351065], [-96.66568498032323, 32.92688712367532], [-96.66542554818487, 32.926884997576714], [-96.66546431879736, 32.92381710538467], [-96.67103485440443, 32.92380284211597]]]}, "properties": {"title": "RIVERSET PH 2 | 7 Future Lots", "description": "Garland | Single-Family | Total 233 | Built 226 | Future Lots 7 | Future Units 7 | 22_parcels_with_year_built_since_2024", "feature_role": "project_boundary", "legend_category": "Other Active Residential", "rank": null, "project_id": "DCAD-SUBD-62817-d24c3863aa", "subdivision_number": "62817", "subdivision_name": "RIVERSET PH 2", "city": "Garland", "housing_type": "Single-Family", "total_lots": 233, "built_lots": 226, "future_lots": 7, "future_units": 7, "activity_status": "active_residential", "active_evidence": "22_parcels_with_year_built_since_2024", "match_confidence": 1.0, "review_status": "high_confidence_spatial_subset", "source_snapshot_date": "GIS parcel 2026-07-10; subdivision 2026-06-27; appraisal retrieved 2026-08-13 (2027 current)", "stroke": "#176B66", "stroke-width": 1, "stroke-opacity": 0.7, "fill": "#2A9D8F", "fill-opacity": 0.22}}, {"type": "Feature", "geometry": {"type": "Polygon", "coordinates": [[[-96.71340668244649, 32.79279895029191], [-96.71243623146572, 32.792617205379074], [-96.71244310661505, 32.78910450578131], [-96.71288213923164, 32.78910485006766], [-96.7128823125766, 32.78906748089775], [-96.7147100137892, 32.78906650647128], [-96.71471076254124, 32.79066479432425], [-96.71554905414604, 32.79066628135271], [-96.71523133444978, 32.79307399339914], [-96.71340668244649, 32.79279895029191]]]}, "properties": {"title": "TENNISON VLG AT BUCKNER TER | 7 Future Lots", "description": "Dallas | Single-Family | Total 179 | Built 172 | Future Lots 7 | Future Units 7 | 44_parcels_with_year_built_since_2024", "feature_role": "project_boundary", "legend_category": "Other Active Residential", "rank": null, "project_id": "DCAD-SUBD-ROW24071-3808b16545", "subdivision_number": null, "subdivision_name": "TENNISON VLG AT BUCKNER TER", "city": "Dallas", "housing_type": "Single-Family", "total_lots": 179, "built_lots": 172, "future_lots": 7, "future_units": 7, "activity_status": "active_residential", "active_evidence": "44_parcels_with_year_built_since_2024", "match_confidence": 0.999998, "review_status": "high_confidence_spatial_subset", "source_snapshot_date": "GIS parcel 2026-07-10; subdivision 2026-06-27; appraisal retrieved 2026-08-13 (2027 current)", "stroke": "#176B66", "stroke-width": 1, "stroke-opacity": 0.7, "fill": "#2A9D8F", "fill-opacity": 0.22}}, {"type": "Feature", "geometry": {"type": "Polygon", "coordinates": [[[-96.78282952503683, 32.686141525366224], [-96.78301615895342, 32.68652656239073], [-96.78058540924961, 32.687687568667926], [-96.78024281243457, 32.68717621857708], [-96.77996282724331, 32.687310123611496], [-96.78030482924646, 32.68782158033998], [-96.77888465767629, 32.688499829846165], [-96.77709173366475, 32.68581446002832], [-96.78075085701843, 32.68490219828362], [-96.7813617107801, 32.68581827278414], [-96.78164368991871, 32.68568378333548], [-96.78106141859024, 32.68481088205794], [-96.78212396410737, 32.68454572690228], [-96.78267910518736, 32.685611468323295], [-96.78259273482318, 32.68565285939003], [-96.78282952503683, 32.686141525366224]]]}, "properties": {"title": "GOLDMINE NO. 2 | 7 Future Lots", "description": "Dallas | Single-Family | Total 57 | Built 50 | Future Lots 7 | Future Units 7 | 3_parcels_with_year_built_since_2024; 1_parcels_with_incomplete_official_structure_records", "feature_role": "project_boundary", "legend_category": "Other Active Residential", "rank": null, "project_id": "DCAD-SUBD-5383-888fcacc97", "subdivision_number": "5383", "subdivision_name": "GOLDMINE NO. 2", "city": "Dallas", "housing_type": "Single-Family", "total_lots": 57, "built_lots": 50, "future_lots": 7, "future_units": 7, "activity_status": "active_residential", "active_evidence": "3_parcels_with_year_built_since_2024; 1_parcels_with_incomplete_official_structure_records", "match_confidence": 0.999999, "review_status": "high_confidence_spatial_subset", "source_snapshot_date": "GIS parcel 2026-07-10; subdivision 2026-06-27; appraisal retrieved 2026-08-13 (2027 current)", "stroke": "#176B66", "stroke-width": 1, "stroke-opacity": 0.7, "fill": "#2A9D8F", "fill-opacity": 0.22}}, {"type": "Feature", "geometry": {"type": "Polygon", "coordinates": [[[-96.77027133467334, 32.822489322260616], [-96.77025580502918, 32.818705157712586], [-96.7741392221907, 32.81872322894771], [-96.7741644119095, 32.81524877768911], [-96.77726243539882, 32.81528338707054], [-96.7773566295802, 32.81542830008207], [-96.77735786807435, 32.818148796371204], [-96.77982426405306, 32.81813235685305], [-96.77984115643464, 32.82398113320004], [-96.77026803463151, 32.824040874358005], [-96.77027133467334, 32.822489322260616]], [[-96.77139274956504, 32.822338750902055], [-96.7720438790397, 32.82233676706395], [-96.77204457443078, 32.82186948410564], [-96.77139349886481, 32.82187146727427], [-96.77139274956504, 32.822338750902055]], [[-96.77675664725167, 32.82182215514877], [-96.77700079991506, 32.821821343082135], [-96.77700131126794, 32.821381547448055], [-96.77650175087192, 32.821382107945475], [-96.77650041175953, 32.821822989032626], [-96.77675664725167, 32.82182215514877]]]}, "properties": {"title": "VICKERY PLACE | 7 Future Lots", "description": "Dallas | Single-Family | Total 646 | Built 638 | Future Lots 7 | Future Units 7 | 18_parcels_with_year_built_since_2024; 10_parcels_with_incomplete_official_structure_records", "feature_role": "project_boundary", "legend_category": "Other Active Residential", "rank": null, "project_id": "DCAD-SUBD-ROW26642-006585f9d9", "subdivision_number": null, "subdivision_name": "VICKERY PLACE", "city": "Dallas", "housing_type": "Single-Family", "total_lots": 646, "built_lots": 638, "future_lots": 7, "future_units": 7, "activity_status": "active_residential", "active_evidence": "18_parcels_with_year_built_since_2024; 10_parcels_with_incomplete_official_structure_records", "match_confidence": 0.999977, "review_status": "high_confidence_spatial_subset", "source_snapshot_date": "GIS parcel 2026-07-10; subdivision 2026-06-27; appraisal retrieved 2026-08-13 (2027 current)", "stroke": "#176B66", "stroke-width": 1, "stroke-opacity": 0.7, "fill": "#2A9D8F", "fill-opacity": 0.22}}, {"type": "Feature", "geometry": {"type": "Polygon", "coordinates": [[[-96.90606483418334, 32.75420280379193], [-96.90604350328914, 32.750249629269334], [-96.90608267060274, 32.7496864788489], [-96.90760710707724, 32.74972153626666], [-96.91624693436925, 32.74969805112857], [-96.91671241786936, 32.751620828382784], [-96.91541095846428, 32.751614635409005], [-96.91541304073193, 32.75202694273263], [-96.91681176617514, 32.752032920154946], [-96.91730202505101, 32.75406644771077], [-96.910080550438, 32.75412306662335], [-96.9095148404956, 32.754162632758224], [-96.9083431104819, 32.754141809306965], [-96.90834240022048, 32.75390201534615], [-96.90875633895381, 32.75389965433856], [-96.908753473441, 32.75370090091964], [-96.90834042174701, 32.75370718516727], [-96.90833985103632, 32.75354070888602], [-96.90874967779202, 32.753538427228094], [-96.90875074692197, 32.75326355475381], [-96.90834414237955, 32.753261832422126], [-96.90834521113555, 32.75298695992527], [-96.90777796648071, 32.75299654472928], [-96.9077622584134, 32.7528537074666], [-96.90729059944817, 32.75285169271398], [-96.90728248034561, 32.75415879713673], [-96.90606483418334, 32.75420280379193]], [[-96.90818794160106, 32.75205592523765], [-96.90818725868687, 32.751918489882684], [-96.90809943286881, 32.751918801608014], [-96.90809875011739, 32.75178136487708], [-96.90761733718763, 32.75178307230998], [-96.90761870125141, 32.75205794302733], [-96.90818794160106, 32.75205592523765]], [[-96.91005336787728, 32.751059738489246], [-96.91005076189909, 32.75053748248776], [-96.90948153132834, 32.750539508807236], [-96.90948427094558, 32.75108925161702], [-96.91005336787728, 32.751059738489246]], [[-96.91264930614216, 32.74979977472226], [-96.91207994257151, 32.749774326144134], [-96.91208235298957, 32.7502553505531], [-96.91265158330492, 32.75025331234565], [-96.91264930614216, 32.74979977472226]]]}, "properties": {"title": "ARCADIA GARDENS | 8 Future Lots", "description": "Dallas | Single-Family | Total 226 | Built 217 | Future Lots 8 | Future Units 8 | 5_parcels_with_year_built_since_2024; 3_parcels_with_incomplete_official_structure_records", "feature_role": "project_boundary", "legend_category": "Other Active Residential", "rank": null, "project_id": "DCAD-SUBD-ROW879-4c8e807cc6", "subdivision_number": null, "subdivision_name": "ARCADIA GARDENS", "city": "Dallas", "housing_type": "Single-Family", "total_lots": 226, "built_lots": 217, "future_lots": 8, "future_units": 8, "activity_status": "active_residential", "active_evidence": "5_parcels_with_year_built_since_2024; 3_parcels_with_incomplete_official_structure_records", "match_confidence": 1.0, "review_status": "high_confidence_spatial_subset", "source_snapshot_date": "GIS parcel 2026-07-10; subdivision 2026-06-27; appraisal retrieved 2026-08-13 (2027 current)", "stroke": "#176B66", "stroke-width": 1, "stroke-opacity": 0.7, "fill": "#2A9D8F", "fill-opacity": 0.22}}, {"type": "Feature", "geometry": {"type": "Polygon", "coordinates": [[[-96.89399580267133, 32.56756773644757], [-96.89399462488682, 32.56724610484093], [-96.8943045915146, 32.567047294322144], [-96.89452392506108, 32.56722751484002], [-96.89508168564473, 32.566718120818486], [-96.89550409016172, 32.56613394300865], [-96.89596154255796, 32.565224057897275], [-96.89595935424843, 32.56496617549249], [-96.89590690482616, 32.56496848276829], [-96.89596508671727, 32.5645494340649], [-96.8961137790195, 32.56420017131327], [-96.89625224043031, 32.564055311816375], [-96.89659018424233, 32.56382712619063], [-96.89729214420736, 32.56367976953304], [-96.89796400610936, 32.563444484033944], [-96.89814931055163, 32.563307660947885], [-96.89850196174068, 32.56373207462878], [-96.8986942594037, 32.56408592223038], [-96.89900767784319, 32.56519513613299], [-96.89922004603656, 32.56546044392936], [-96.89968354767643, 32.56579329253598], [-96.89969660204831, 32.568093579374164], [-96.89383459651093, 32.568090461263], [-96.8938331876001, 32.56770560878948], [-96.89402876444136, 32.56770509489814], [-96.89403185268866, 32.567567488394886], [-96.89399580267133, 32.56756773644757]]]}, "properties": {"title": "STONEHILL PH 2 | 8 Future Lots", "description": "Cedar Hill | Single-Family | Total 106 | Built 98 | Future Lots 8 | Future Units not quantified | 98_parcels_with_year_built_since_2024", "feature_role": "project_boundary", "legend_category": "Other Active Residential", "rank": null, "project_id": "DCAD-SUBD-04263-d442c1089b", "subdivision_number": "04263", "subdivision_name": "STONEHILL PH 2", "city": "Cedar Hill", "housing_type": "Single-Family", "total_lots": 106, "built_lots": 98, "future_lots": 8, "future_units": null, "activity_status": "active_residential", "active_evidence": "98_parcels_with_year_built_since_2024", "match_confidence": 1.0, "review_status": "high_confidence_spatial_subset", "source_snapshot_date": "GIS parcel 2026-07-10; subdivision 2026-06-27; appraisal retrieved 2026-08-13 (2027 current)", "stroke": "#176B66", "stroke-width": 1, "stroke-opacity": 0.7, "fill": "#2A9D8F", "fill-opacity": 0.22}}, {"type": "Feature", "geometry": {"type": "Polygon", "coordinates": [[[-96.70283123633737, 32.82464957318627], [-96.7032666721201, 32.8250163552711], [-96.70296968111782, 32.825266853318126], [-96.70316682179147, 32.825589462897035], [-96.70361105742103, 32.826029561202205], [-96.7036663892817, 32.82626252592362], [-96.70358781114902, 32.82651692886599], [-96.70456318583564, 32.82676382915042], [-96.70029221383338, 32.83208051015773], [-96.6998053178119, 32.83167509486019], [-96.69894895161538, 32.832370383942944], [-96.69370960779146, 32.82797175935338], [-96.69732574821052, 32.82143662803431], [-96.69801678321056, 32.82051774021391], [-96.69885352863267, 32.81968971173694], [-96.70379008293396, 32.82384234901845], [-96.70283123633737, 32.82464957318627]], [[-96.7036636996798, 32.82382630026807], [-96.70276016270456, 32.82307077528203], [-96.70247978751422, 32.82326276335066], [-96.70285970779008, 32.82370892863827], [-96.7026382850201, 32.823856872688516], [-96.70301338324427, 32.82436764231433], [-96.7036636996798, 32.82382630026807]], [[-96.70253644280741, 32.822884060996344], [-96.70230818443966, 32.82269713913066], [-96.70161108020959, 32.82317128270684], [-96.70177631038675, 32.82341206980117], [-96.70253644280741, 32.822884060996344]]]}, "properties": {"title": "CASA LINDA ESTATES | 8 Future Lots", "description": "Dallas | Single-Family | Total 220 | Built 211 | Future Lots 8 | Future Units 8 | 3_parcels_with_year_built_since_2024; 2_parcels_with_incomplete_official_structure_records", "feature_role": "project_boundary", "legend_category": "Other Active Residential", "rank": null, "project_id": "DCAD-SUBD-ROW3659-1c7704e6e3", "subdivision_number": null, "subdivision_name": "CASA LINDA ESTATES", "city": "Dallas", "housing_type": "Single-Family", "total_lots": 220, "built_lots": 211, "future_lots": 8, "future_units": 8, "activity_status": "active_residential", "active_evidence": "3_parcels_with_year_built_since_2024; 2_parcels_with_incomplete_official_structure_records", "match_confidence": 0.999685, "review_status": "high_confidence_spatial_subset", "source_snapshot_date": "GIS parcel 2026-07-10; subdivision 2026-06-27; appraisal retrieved 2026-08-13 (2027 current)", "stroke": "#176B66", "stroke-width": 1, "stroke-opacity": 0.7, "fill": "#2A9D8F", "fill-opacity": 0.22}}, {"type": "Feature", "geometry": {"type": "Polygon", "coordinates": [[[-96.74920788097299, 32.793663404318956], [-96.74907079721524, 32.793544862591126], [-96.74942132187063, 32.79325701798707], [-96.74907748248629, 32.79295862743211], [-96.74874353527477, 32.79326234833227], [-96.74821657726618, 32.79283595388391], [-96.75058845799737, 32.7906605202382], [-96.75167907696479, 32.7916122801866], [-96.75162356558695, 32.79163037793946], [-96.75152824124831, 32.79154769569756], [-96.7506065612027, 32.79237783172345], [-96.75139245902358, 32.79306298684918], [-96.75235006659295, 32.79221053230721], [-96.75724720207704, 32.796519032702044], [-96.75482605013583, 32.798521203220076], [-96.74999691506368, 32.794345698274924], [-96.75032997601423, 32.794043826843215], [-96.74993584444167, 32.79370233029118], [-96.74982491104613, 32.793802876722914], [-96.74943078248764, 32.793461378563784], [-96.74920788097299, 32.793663404318956]], [[-96.75436943204474, 32.796970568569144], [-96.75460609338076, 32.796773919836475], [-96.75426456807837, 32.7964771161201], [-96.75402798646073, 32.796673023066916], [-96.75436943204474, 32.796970568569144]], [[-96.75410044566394, 32.79428105037682], [-96.75439008917505, 32.79401325664816], [-96.75412880951325, 32.793784107089024], [-96.7537406062182, 32.793962704293165], [-96.75355435344181, 32.79413205128983], [-96.75392063185126, 32.79444729384262], [-96.75410044566394, 32.79428105037682]], [[-96.75095169425907, 32.79186594793982], [-96.7509530795587, 32.7918262193908], [-96.75078181215864, 32.79171294303294], [-96.74966227086303, 32.791772840031044], [-96.74958480543732, 32.79183945487574], [-96.75031307013585, 32.79245659968057], [-96.75095169425907, 32.79186594793982]]]}, "properties": {"title": "EAST-WE-GO | 8 Future Lots", "description": "Dallas | Mixed-Use | Total 229 | Built 220 | Future Lots 8 | Future Units 10 | 3_parcels_with_year_built_since_2024; 1_parcels_with_incomplete_official_structure_records", "feature_role": "project_boundary", "legend_category": "Other Active Residential", "rank": null, "project_id": "DCAD-SUBD-ROW7120-460ad37997", "subdivision_number": null, "subdivision_name": "EAST-WE-GO", "city": "Dallas", "housing_type": "Mixed-Use", "total_lots": 229, "built_lots": 220, "future_lots": 8, "future_units": 10, "activity_status": "active_residential", "active_evidence": "3_parcels_with_year_built_since_2024; 1_parcels_with_incomplete_official_structure_records", "match_confidence": 0.999414, "review_status": "high_confidence_spatial_subset", "source_snapshot_date": "GIS parcel 2026-07-10; subdivision 2026-06-27; appraisal retrieved 2026-08-13 (2027 current)", "stroke": "#176B66", "stroke-width": 1, "stroke-opacity": 0.7, "fill": "#2A9D8F", "fill-opacity": 0.22}}, {"type": "Feature", "geometry": {"type": "Polygon", "coordinates": [[[-96.99935904216684, 32.86590110960452], [-96.99956253392736, 32.86554002225362], [-97.00056437580754, 32.86563661229401], [-97.00133783665102, 32.865768609622016], [-97.00062984592412, 32.86634042845435], [-96.99841772128265, 32.8683410971411], [-96.99804748656628, 32.868057099086144], [-96.99841016896801, 32.86772704477186], [-96.99935904216684, 32.86590110960452]]]}, "properties": {"title": "CORDOBA ESTATES | 8 Future Lots", "description": "Irving | Single-Family | Total 17 | Built 9 | Future Lots 8 | Future Units 8 | 2_parcels_with_year_built_since_2024; 2_parcels_with_incomplete_official_structure_records", "feature_role": "project_boundary", "legend_category": "Other Active Residential", "rank": null, "project_id": "DCAD-SUBD-07761-c0d0b0bbe2", "subdivision_number": "07761", "subdivision_name": "CORDOBA ESTATES", "city": "Irving", "housing_type": "Single-Family", "total_lots": 17, "built_lots": 9, "future_lots": 8, "future_units": 8, "activity_status": "active_residential", "active_evidence": "2_parcels_with_year_built_since_2024; 2_parcels_with_incomplete_official_structure_records", "match_confidence": 0.999263, "review_status": "high_confidence_spatial_subset", "source_snapshot_date": "GIS parcel 2026-07-10; subdivision 2026-06-27; appraisal retrieved 2026-08-13 (2027 current)", "stroke": "#176B66", "stroke-width": 1, "stroke-opacity": 0.7, "fill": "#2A9D8F", "fill-opacity": 0.22}}, {"type": "Feature", "geometry": {"type": "Polygon", "coordinates": [[[-97.01510230106496, 32.84222750452131], [-97.01534132066884, 32.842225379400034], [-97.01558991159969, 32.84453568304296], [-97.01496243028512, 32.84453455496101], [-97.01496090780297, 32.84513921477149], [-97.01446385460638, 32.84514702303983], [-97.01415163217584, 32.84520580758983], [-97.01414996313024, 32.842235968108255], [-97.01510230106496, 32.84222750452131]]]}, "properties": {"title": "VILLAS OF ANDALUS PH 2 | 8 Future Lots", "description": "Irving | Single-Family | Total 34 | Built 26 | Future Lots 8 | Future Units 8 | 1_parcels_with_year_built_since_2024", "feature_role": "project_boundary", "legend_category": "Other Active Residential", "rank": null, "project_id": "DCAD-SUBD-56414-71a399ae63", "subdivision_number": "56414", "subdivision_name": "VILLAS OF ANDALUS PH 2", "city": "Irving", "housing_type": "Single-Family", "total_lots": 34, "built_lots": 26, "future_lots": 8, "future_units": 8, "activity_status": "active_residential", "active_evidence": "1_parcels_with_year_built_since_2024", "match_confidence": 0.999013, "review_status": "high_confidence_spatial_subset", "source_snapshot_date": "GIS parcel 2026-07-10; subdivision 2026-06-27; appraisal retrieved 2026-08-13 (2027 current)", "stroke": "#176B66", "stroke-width": 1, "stroke-opacity": 0.7, "fill": "#2A9D8F", "fill-opacity": 0.22}}, {"type": "Feature", "geometry": {"type": "Polygon", "coordinates": [[[-96.7925671214493, 32.58287058966332], [-96.79321520833345, 32.58305440046112], [-96.7933446801841, 32.583226460395075], [-96.79335701477916, 32.58345555652205], [-96.79428157102964, 32.58344824870101], [-96.79454763180188, 32.58365202569531], [-96.79469548221603, 32.58402898030487], [-96.79496386501133, 32.58425650632461], [-96.79495763869267, 32.584628183033416], [-96.7945056525234, 32.58489218895679], [-96.7935472524345, 32.584952045875745], [-96.79403932960268, 32.585568017975056], [-96.79472397563879, 32.58515267246635], [-96.79620392150312, 32.58698022899832], [-96.79796053520668, 32.58889983527731], [-96.7968672751355, 32.58941885598133], [-96.79716752631012, 32.589899314121155], [-96.79883609622492, 32.58984453341641], [-96.7989739860191, 32.590042221579495], [-96.79522512592321, 32.59184156944518], [-96.79243661129485, 32.587697504240715], [-96.79238219741545, 32.582714486936936], [-96.79251049195, 32.582677811637225], [-96.79251451679035, 32.58281488327934], [-96.7925671214493, 32.58287058966332]]]}, "properties": {"title": "SOUTHWOOD ESTATES | 8 Future Lots", "description": "Lancaster | Single-Family | Total 76 | Built 68 | Future Lots 8 | Future Units 8 | 1_parcels_with_year_built_since_2024", "feature_role": "project_boundary", "legend_category": "Other Active Residential", "rank": null, "project_id": "DCAD-SUBD-08250-07b4c7fa97", "subdivision_number": "08250", "subdivision_name": "SOUTHWOOD ESTATES", "city": "Lancaster", "housing_type": "Single-Family", "total_lots": 76, "built_lots": 68, "future_lots": 8, "future_units": 8, "activity_status": "active_residential", "active_evidence": "1_parcels_with_year_built_since_2024", "match_confidence": 0.999868, "review_status": "high_confidence_spatial_subset", "source_snapshot_date": "GIS parcel 2026-07-10; subdivision 2026-06-27; appraisal retrieved 2026-08-13 (2027 current)", "stroke": "#176B66", "stroke-width": 1, "stroke-opacity": 0.7, "fill": "#2A9D8F", "fill-opacity": 0.22}}, {"type": "Feature", "geometry": {"type": "Polygon", "coordinates": [[[-96.77383243491613, 32.88024545520132], [-96.77389221172506, 32.88019420824892], [-96.77389198757251, 32.88008425985824], [-96.77503246371933, 32.88007061287881], [-96.77504318513115, 32.885311332069], [-96.77429655666646, 32.88530801163123], [-96.7739150735478, 32.884984080356375], [-96.77414674534123, 32.88478985892771], [-96.7741441410891, 32.883506376139586], [-96.7741150262296, 32.88280290412003], [-96.77383763918695, 32.882803302899575], [-96.773835494093, 32.881748502716746], [-96.7738889969964, 32.881632341377234], [-96.77383516486306, 32.881587073644816], [-96.77383243491613, 32.88024545520132]]]}, "properties": {"title": "PRESTON HOLLOW VILLAGE PH 3 | 9 Future Lots", "description": "Dallas | Single-Family | Total 55 | Built 46 | Future Lots 9 | Future Units not quantified | 3_parcels_with_year_built_since_2024; 2_parcels_with_incomplete_official_structure_records", "feature_role": "project_boundary", "legend_category": "Other Active Residential", "rank": null, "project_id": "DCAD-SUBD-ROW19285-c50ca6d5f3", "subdivision_number": null, "subdivision_name": "PRESTON HOLLOW VILLAGE PH 3", "city": "Dallas", "housing_type": "Single-Family", "total_lots": 55, "built_lots": 46, "future_lots": 9, "future_units": null, "activity_status": "active_residential", "active_evidence": "3_parcels_with_year_built_since_2024; 2_parcels_with_incomplete_official_structure_records", "match_confidence": 1.0, "review_status": "high_confidence_spatial_subset", "source_snapshot_date": "GIS parcel 2026-07-10; subdivision 2026-06-27; appraisal retrieved 2026-08-13 (2027 current)", "stroke": "#176B66", "stroke-width": 1, "stroke-opacity": 0.7, "fill": "#2A9D8F", "fill-opacity": 0.22}}, {"type": "Feature", "geometry": {"type": "Polygon", "coordinates": [[[-96.76425055250863, 32.69486275215097], [-96.76240095714395, 32.69575469324357], [-96.76217549870158, 32.69542040887801], [-96.76402508936981, 32.69452847112644], [-96.76425055250863, 32.69486275215097]]]}, "properties": {"title": "NEW BIRTH WORSHIP CENTER | 9 Future Lots", "description": "Dallas | Mixed-Use | Total 13 | Built 4 | Future Lots 9 | Future Units 11 | 4_parcels_with_year_built_since_2024; 1_parcels_with_incomplete_official_structure_records", "feature_role": "project_boundary", "legend_category": "Other Active Residential", "rank": null, "project_id": "DCAD-SUBD-ROW16603-eeabfe6047", "subdivision_number": null, "subdivision_name": "NEW BIRTH WORSHIP CENTER", "city": "Dallas", "housing_type": "Mixed-Use", "total_lots": 13, "built_lots": 4, "future_lots": 9, "future_units": 11, "activity_status": "active_residential", "active_evidence": "4_parcels_with_year_built_since_2024; 1_parcels_with_incomplete_official_structure_records", "match_confidence": 1.0, "review_status": "high_confidence_spatial_subset", "source_snapshot_date": "GIS parcel 2026-07-10; subdivision 2026-06-27; appraisal retrieved 2026-08-13 (2027 current)", "stroke": "#176B66", "stroke-width": 1, "stroke-opacity": 0.7, "fill": "#2A9D8F", "fill-opacity": 0.22}}, {"type": "Feature", "geometry": {"type": "Polygon", "coordinates": [[[-96.78755183610497, 32.55799146172029], [-96.78756061029479, 32.55718049742693], [-96.78702978338869, 32.557183026042075], [-96.78702869454679, 32.55618482414105], [-96.79096655465693, 32.55621517433493], [-96.79096573502777, 32.5570213436134], [-96.79123350491886, 32.55702178885184], [-96.79123432007401, 32.55621597967862], [-96.79150208634395, 32.55621606418561], [-96.79150127481263, 32.55702223351228], [-96.79203681623078, 32.557023121121446], [-96.79203761842521, 32.55621803076048], [-96.79263307496323, 32.556220177994014], [-96.79262866388018, 32.56067862312722], [-96.78880429415798, 32.56067088782431], [-96.7877443616535, 32.56083439472247], [-96.78701794448092, 32.56083295616214], [-96.787033870493, 32.55799340372489], [-96.78755183610497, 32.55799146172029]], [[-96.7896998063107, 32.560022430211596], [-96.78943202586939, 32.56002231428547], [-96.78943143763907, 32.56059735427193], [-96.78969922022712, 32.560597195292615], [-96.7896998063107, 32.560022430211596]], [[-96.78728978885545, 32.560021366156576], [-96.78755756929105, 32.56002148670701], [-96.78756115745611, 32.559438284585326], [-96.78729337877586, 32.55943816404262], [-96.78728978885545, 32.560021366156576]], [[-96.78862879355685, 32.56002346831404], [-96.78863226893874, 32.55943876093097], [-96.78809671319598, 32.55943852391421], [-96.78809312854168, 32.56002172605139], [-96.78862879355685, 32.56002346831404]], [[-96.78755862881366, 32.55869239550209], [-96.78755471613563, 32.559275676996265], [-96.78809027089666, 32.55927591635295], [-96.78809580306493, 32.558692555524104], [-96.78755862881366, 32.55869239550209]], [[-96.79258136191966, 32.55927840446187], [-96.79258193998245, 32.55869437633513], [-96.79096769043582, 32.55869394436433], [-96.79097372374633, 32.55927773520209], [-96.79258136191966, 32.55927840446187]], [[-96.79204788921164, 32.55718854402066], [-96.79044126529973, 32.55718587169662], [-96.79043265540054, 32.55799286286252], [-96.79204416545073, 32.55799330136203], [-96.79204788921164, 32.55718854402066]]]}, "properties": {"title": "MEADOWS | 9 Future Lots", "description": "Lancaster | Single-Family | Total 30 | Built 20 | Future Lots 9 | Future Units 9 | 1_parcels_with_year_built_since_2024; 1_parcels_with_incomplete_official_structure_records", "feature_role": "project_boundary", "legend_category": "Other Active Residential", "rank": null, "project_id": "DCAD-SUBD-12550-b4ab230b3c", "subdivision_number": "12550", "subdivision_name": "MEADOWS", "city": "Lancaster", "housing_type": "Single-Family", "total_lots": 30, "built_lots": 20, "future_lots": 9, "future_units": 9, "activity_status": "active_residential", "active_evidence": "1_parcels_with_year_built_since_2024; 1_parcels_with_incomplete_official_structure_records", "match_confidence": 0.999501, "review_status": "high_confidence_spatial_subset", "source_snapshot_date": "GIS parcel 2026-07-10; subdivision 2026-06-27; appraisal retrieved 2026-08-13 (2027 current)", "stroke": "#176B66", "stroke-width": 1, "stroke-opacity": 0.7, "fill": "#2A9D8F", "fill-opacity": 0.22}}, {"type": "Feature", "geometry": {"type": "Polygon", "coordinates": [[[-96.92890925237646, 32.91364345997548], [-96.92853554356343, 32.91325750199383], [-96.92849657588059, 32.91328093349798], [-96.92782692578554, 32.91282990369886], [-96.92720972307046, 32.912576993130536], [-96.92654577568852, 32.91243086104037], [-96.92586076229469, 32.91239715916396], [-96.92585853448328, 32.91235186036885], [-96.92499694074137, 32.912468970281026], [-96.92476051370424, 32.91237270620756], [-96.92463664703114, 32.912151651812195], [-96.92528111234229, 32.91185812236406], [-96.92506328191712, 32.91108918245184], [-96.92905774753227, 32.91112643635854], [-96.92911701908619, 32.911723100343515], [-96.92937030740391, 32.91221901600634], [-96.93233325893809, 32.91575831667865], [-96.9311958108469, 32.91644283722602], [-96.93118580501645, 32.91650118660231], [-96.92931319553323, 32.914209632463056], [-96.9293518027079, 32.91418660026068], [-96.92890925237646, 32.91364345997548]]]}, "properties": {"title": "AMESBURY | 9 Future Lots", "description": "Farmers Branch | Single-Family | Total 153 | Built 144 | Future Lots 9 | Future Units not quantified | 1_parcels_with_year_built_since_2024", "feature_role": "project_boundary", "legend_category": "Other Active Residential", "rank": null, "project_id": "DCAD-SUBD-04170-31bb4d17fa", "subdivision_number": "04170", "subdivision_name": "AMESBURY", "city": "Farmers Branch", "housing_type": "Single-Family", "total_lots": 153, "built_lots": 144, "future_lots": 9, "future_units": null, "activity_status": "active_residential", "active_evidence": "1_parcels_with_year_built_since_2024", "match_confidence": 0.99992, "review_status": "high_confidence_spatial_subset", "source_snapshot_date": "GIS parcel 2026-07-10; subdivision 2026-06-27; appraisal retrieved 2026-08-13 (2027 current)", "stroke": "#176B66", "stroke-width": 1, "stroke-opacity": 0.7, "fill": "#2A9D8F", "fill-opacity": 0.22}}, {"type": "Feature", "geometry": {"type": "Polygon", "coordinates": [[[-96.64853399659894, 32.731226577366485], [-96.64854175475017, 32.73024545928544], [-96.65053283832552, 32.730271058184556], [-96.6505159254772, 32.7312447380299], [-96.64853399659894, 32.731226577366485]]]}, "properties": {"title": "DALVIEW ESTATES | 9 Future Lots", "description": "Dallas | Single-Family | Total 12 | Built 3 | Future Lots 9 | Future Units 9 | 3_parcels_with_year_built_since_2024; 3_parcels_with_incomplete_official_structure_records", "feature_role": "project_boundary", "legend_category": "Other Active Residential", "rank": null, "project_id": "DCAD-SUBD-ROW6048-7ebc206071", "subdivision_number": null, "subdivision_name": "DALVIEW ESTATES", "city": "Dallas", "housing_type": "Single-Family", "total_lots": 12, "built_lots": 3, "future_lots": 9, "future_units": 9, "activity_status": "active_residential", "active_evidence": "3_parcels_with_year_built_since_2024; 3_parcels_with_incomplete_official_structure_records", "match_confidence": 0.999999, "review_status": "high_confidence_spatial_subset", "source_snapshot_date": "GIS parcel 2026-07-10; subdivision 2026-06-27; appraisal retrieved 2026-08-13 (2027 current)", "stroke": "#176B66", "stroke-width": 1, "stroke-opacity": 0.7, "fill": "#2A9D8F", "fill-opacity": 0.22}}, {"type": "Feature", "geometry": {"type": "Polygon", "coordinates": [[[-96.76882914337732, 32.65182678560782], [-96.77138517195297, 32.65058630663277], [-96.77261050285826, 32.650321189150944], [-96.77433104109568, 32.649825913587065], [-96.77435942092626, 32.649867580623656], [-96.77480740467095, 32.64965441747693], [-96.7755443571119, 32.649663170259444], [-96.77800504817525, 32.653330459053535], [-96.77726290063113, 32.653727458435384], [-96.77851559091965, 32.65548746206381], [-96.77749547427362, 32.65596171799987], [-96.77710369964798, 32.65605629556602], [-96.77665120205565, 32.65610212436507], [-96.77593245494218, 32.65603862179085], [-96.77453507965907, 32.65562378537444], [-96.77441038168827, 32.65583492136513], [-96.77399389860128, 32.655699639583375], [-96.77383031637893, 32.6560587243474], [-96.77292117027166, 32.65576325279155], [-96.77276214262808, 32.65583704314258], [-96.77280344066533, 32.65589404749856], [-96.77200863383854, 32.65643374242262], [-96.7694545770312, 32.65770488753606], [-96.76907007884314, 32.65722074751794], [-96.76628151683889, 32.65304514613195], [-96.76882914337732, 32.65182678560782]], [[-96.77424288309776, 32.655119641189884], [-96.77408490645183, 32.65548394778667], [-96.77450576498568, 32.65561409698169], [-96.77451601397959, 32.65532089028564], [-96.7744005801777, 32.65504428685163], [-96.77419147938375, 32.654832239099335], [-96.77391085007969, 32.65469345887997], [-96.77378640306362, 32.65497690109334], [-96.77424288309776, 32.655119641189884]], [[-96.77316847539667, 32.65518467501191], [-96.77332716739805, 32.65482402619316], [-96.77326703892051, 32.65467964588523], [-96.77297271852072, 32.65482197798368], [-96.77275059472717, 32.6550530808712], [-96.77316847539667, 32.65518467501191]]]}, "properties": {"title": "ALTA MESA PARK ESTATES NO 2 | 9 Future Lots", "description": "Dallas | Single-Family | Total 265 | Built 255 | Future Lots 9 | Future Units 9 | 2_parcels_with_year_built_since_2024", "feature_role": "project_boundary", "legend_category": "Other Active Residential", "rank": null, "project_id": "DCAD-SUBD-ROW622-60ffd5fef7", "subdivision_number": null, "subdivision_name": "ALTA MESA PARK ESTATES NO 2", "city": "Dallas", "housing_type": "Single-Family", "total_lots": 265, "built_lots": 255, "future_lots": 9, "future_units": 9, "activity_status": "active_residential", "active_evidence": "2_parcels_with_year_built_since_2024", "match_confidence": 0.999999, "review_status": "high_confidence_spatial_subset", "source_snapshot_date": "GIS parcel 2026-07-10; subdivision 2026-06-27; appraisal retrieved 2026-08-13 (2027 current)", "stroke": "#176B66", "stroke-width": 1, "stroke-opacity": 0.7, "fill": "#2A9D8F", "fill-opacity": 0.22}}, {"type": "Feature", "geometry": {"type": "Polygon", "coordinates": [[[-96.77788066318433, 32.65462196954019], [-96.7772627274497, 32.65372034528962], [-96.77800504817525, 32.653330459053535], [-96.77680361533531, 32.65156739174149], [-96.77752200684749, 32.65121470614611], [-96.77717814986681, 32.65070502056872], [-96.77646243004726, 32.65105639415813], [-96.77606746528805, 32.65047562527322], [-96.78016278719731, 32.648472087785635], [-96.78032768427327, 32.64870790968608], [-96.78058408894847, 32.648579227858455], [-96.78074596027177, 32.64881522583895], [-96.78134576089776, 32.64851060670039], [-96.78185489967827, 32.6500077237988], [-96.78207876766082, 32.65085623122231], [-96.78232548180776, 32.651978921657204], [-96.78255648978507, 32.65343035404608], [-96.78250801769298, 32.65351039779317], [-96.77888845250767, 32.655316329492145], [-96.7782708227715, 32.65443076273631], [-96.77788066318433, 32.65462196954019]]]}, "properties": {"title": "ALTA MESA PARK ESTATES INST A | 9 Future Lots", "description": "Dallas | Single-Family | Total 97 | Built 88 | Future Lots 9 | Future Units 9 | 1_parcels_with_year_built_since_2024", "feature_role": "project_boundary", "legend_category": "Other Active Residential", "rank": null, "project_id": "DCAD-SUBD-7615-5307daf983", "subdivision_number": "7615", "subdivision_name": "ALTA MESA PARK ESTATES INST A", "city": "Dallas", "housing_type": "Single-Family", "total_lots": 97, "built_lots": 88, "future_lots": 9, "future_units": 9, "activity_status": "active_residential", "active_evidence": "1_parcels_with_year_built_since_2024", "match_confidence": 0.998929, "review_status": "high_confidence_spatial_subset", "source_snapshot_date": "GIS parcel 2026-07-10; subdivision 2026-06-27; appraisal retrieved 2026-08-13 (2027 current)", "stroke": "#176B66", "stroke-width": 1, "stroke-opacity": 0.7, "fill": "#2A9D8F", "fill-opacity": 0.22}}, {"type": "Feature", "geometry": {"type": "Polygon", "coordinates": [[[-96.78162638740797, 32.8335830562493], [-96.78173410655214, 32.83251936554717], [-96.78182586090956, 32.832233027106234], [-96.7856663082088, 32.828958735618414], [-96.78623774610226, 32.829437750837855], [-96.78658182223535, 32.82914516082204], [-96.78601038436872, 32.828666147169784], [-96.787965594922, 32.82699663154083], [-96.78853240966008, 32.82747821869036], [-96.78876333776138, 32.82728446567332], [-96.78819652138004, 32.826802879544786], [-96.78900037247182, 32.8261044169134], [-96.78911234330039, 32.82619568694933], [-96.7895709267693, 32.825800075857934], [-96.79149999303574, 32.827431922820814], [-96.79239012275055, 32.82805131570985], [-96.79329680154493, 32.82856457794877], [-96.7945285403709, 32.82901413159913], [-96.79453134150243, 32.82907918995796], [-96.79416750529214, 32.82960749556119], [-96.7940875594033, 32.8299279570567], [-96.7940782425174, 32.8302152817828], [-96.79437510779408, 32.830704298396185], [-96.79435580829954, 32.83092385886275], [-96.79426063257532, 32.83103536388568], [-96.79414522953682, 32.831082263350595], [-96.79357185436106, 32.831090932441555], [-96.79350685185078, 32.8312747779823], [-96.79315456610487, 32.83162334046108], [-96.79301489557153, 32.83186930924982], [-96.7924946017286, 32.83343342827353], [-96.79091780388279, 32.83343187795946], [-96.79092015585388, 32.8364895213123], [-96.78681687118878, 32.836513421308304], [-96.78180786454276, 32.83647129518508], [-96.78162638740797, 32.8335830562493]], [[-96.78791927988448, 32.83459014343527], [-96.78725348204033, 32.83458514658027], [-96.78725208199081, 32.83499745992264], [-96.7879178829036, 32.83500245815913], [-96.78791927988448, 32.83459014343527]], [[-96.78768590694551, 32.83398179229994], [-96.78768619447547, 32.833569484248926], [-96.7872482868656, 32.83356904316506], [-96.78724799567223, 32.83398135119266], [-96.78768590694551, 32.83398179229994]], [[-96.78475670264788, 32.83300275830809], [-96.78475573236008, 32.83341506539693], [-96.78508131290464, 32.83341561107546], [-96.78508228330656, 32.83300330400655], [-96.78475670264788, 32.83300275830809]], [[-96.78983750771546, 32.832965868256686], [-96.78983881099394, 32.83243341449581], [-96.78917725323008, 32.832432443299396], [-96.78917587960012, 32.8329653841033], [-96.78983750771546, 32.832965868256686]], [[-96.79092104612582, 32.83296600489727], [-96.79092165677311, 32.83243139054157], [-96.79035474566827, 32.832432878886976], [-96.79035436328938, 32.832966116382686], [-96.79092104612582, 32.83296600489727]], [[-96.78475839196962, 32.830216786139786], [-96.7844367921173, 32.8302163383278], [-96.7844345420325, 32.83061544739278], [-96.78475613642183, 32.8306162524967], [-96.78475839196962, 32.830216786139786]], [[-96.78744938444144, 32.829643860150945], [-96.78745226667317, 32.830057802344136], [-96.78778170425245, 32.8300587076122], [-96.78777879005312, 32.829644655044405], [-96.78744938444144, 32.829643860150945]]]}, "properties": {"title": "HIGHLAND PARK 4TH INST | 9 Future Lots", "description": "Highland Park | Single-Family | Total 668 | Built 659 | Future Lots 9 | Future Units 9 | 10_parcels_with_year_built_since_2024; 9_parcels_with_incomplete_official_structure_records", "feature_role": "project_boundary", "legend_category": "Other Active Residential", "rank": null, "project_id": "DCAD-SUBD-08450-053031656a", "subdivision_number": "08450", "subdivision_name": "HIGHLAND PARK 4TH INST", "city": "Highland Park", "housing_type": "Single-Family", "total_lots": 668, "built_lots": 659, "future_lots": 9, "future_units": 9, "activity_status": "active_residential", "active_evidence": "10_parcels_with_year_built_since_2024; 9_parcels_with_incomplete_official_structure_records", "match_confidence": 0.999032, "review_status": "high_confidence_spatial_subset", "source_snapshot_date": "GIS parcel 2026-07-10; subdivision 2026-06-27; appraisal retrieved 2026-08-13 (2027 current)", "stroke": "#176B66", "stroke-width": 1, "stroke-opacity": 0.7, "fill": "#2A9D8F", "fill-opacity": 0.22}}, {"type": "Feature", "geometry": {"type": "Polygon", "coordinates": [[[-96.56664539586178, 32.951671458899284], [-96.56651501035215, 32.951669479504325], [-96.5665244322966, 32.95122984557533], [-96.56666008542591, 32.95113913879934], [-96.56667657619988, 32.950439934524205], [-96.56683834603267, 32.9503742204608], [-96.56700871527443, 32.95043685172751], [-96.56713310311972, 32.95019393539162], [-96.56888519742665, 32.95076801715321], [-96.56884865585286, 32.95248165499082], [-96.56895149090313, 32.95278384216086], [-96.5687146661481, 32.95282118588263], [-96.56872741639346, 32.95287700292117], [-96.56771337141885, 32.953041633868025], [-96.56771446326616, 32.95297888910797], [-96.5678123328052, 32.952963452938704], [-96.56774650598265, 32.95215276506646], [-96.56663551889098, 32.95213599441327], [-96.56664539586178, 32.951671458899284]]]}, "properties": {"title": "ARIA PH 1 | 9 Future Lots", "description": "Sachse | Single-Family | Total 106 | Built 97 | Future Lots 9 | Future Units 9 | 4_parcels_with_year_built_since_2024", "feature_role": "project_boundary", "legend_category": "Other Active Residential", "rank": null, "project_id": "DCAD-SUBD-00070-3ac2ce3560", "subdivision_number": "00070", "subdivision_name": "ARIA PH 1", "city": "Sachse", "housing_type": "Single-Family", "total_lots": 106, "built_lots": 97, "future_lots": 9, "future_units": 9, "activity_status": "active_residential", "active_evidence": "4_parcels_with_year_built_since_2024", "match_confidence": 1.0, "review_status": "high_confidence_spatial_subset", "source_snapshot_date": "GIS parcel 2026-07-10; subdivision 2026-06-27; appraisal retrieved 2026-08-13 (2027 current)", "stroke": "#176B66", "stroke-width": 1, "stroke-opacity": 0.7, "fill": "#2A9D8F", "fill-opacity": 0.22}}, {"type": "Feature", "geometry": {"type": "Polygon", "coordinates": [[[-96.82948243129945, 32.75926030911883], [-96.82552588915178, 32.75911289309131], [-96.82508741810283, 32.75905405556774], [-96.82453137905499, 32.75813963908929], [-96.82434282122117, 32.758114802597696], [-96.82434006876264, 32.758558743116666], [-96.82449949179956, 32.75857931072558], [-96.82449551822978, 32.75897595046525], [-96.82402000020959, 32.758913184490645], [-96.8240152315253, 32.759181152102414], [-96.82316115701742, 32.75907706786096], [-96.82343008114314, 32.75641019237382], [-96.82367988687704, 32.7562167745089], [-96.82543616659055, 32.75522332616278], [-96.82536818438615, 32.749528922390716], [-96.82907990708664, 32.74955467885242], [-96.82907027161768, 32.75471554714706], [-96.83140480363048, 32.754736430344316], [-96.83134521670924, 32.75500044989902], [-96.83134075022406, 32.75776064573963], [-96.83061451093656, 32.75774671426311], [-96.8306054427723, 32.75790045190162], [-96.83117558601836, 32.75791323378368], [-96.82971902197197, 32.75927559500148], [-96.82948243129945, 32.75926030911883]], [[-96.82623831016758, 32.75850683981625], [-96.82566442556407, 32.758160817609834], [-96.8250908963897, 32.75774197003024], [-96.82498522082457, 32.75784644794802], [-96.82539402328379, 32.75814166101793], [-96.82530434961792, 32.75825770298681], [-96.82486680151762, 32.75796340673623], [-96.82472520846395, 32.75810108227698], [-96.82532099478655, 32.75901692538038], [-96.82560246972457, 32.75897379680404], [-96.82586051132371, 32.7588694590194], [-96.82607684112007, 32.758711302872804], [-96.82623831016758, 32.75850683981625]], [[-96.82462878235914, 32.75785380960825], [-96.82631620693957, 32.756239650036676], [-96.82630039130187, 32.756215712485236], [-96.82507112029967, 32.756216035690706], [-96.82414530321196, 32.75708950701777], [-96.82413557241466, 32.75713619280513], [-96.82458744138339, 32.757853252467534], [-96.82462878235914, 32.75785380960825]], [[-96.82675689821404, 32.75682461840245], [-96.82667892252681, 32.75692061986619], [-96.8269542475392, 32.757089828751546], [-96.8266489787891, 32.7569050459787], [-96.82581673629359, 32.757908927462886], [-96.82586548326735, 32.75794358051096], [-96.82577619092271, 32.758054973741785], [-96.82631390121104, 32.75836529263264], [-96.82725868864534, 32.75685031661195], [-96.82690611472383, 32.756640543778424], [-96.82675689821404, 32.75682461840245]], [[-96.82743610325586, 32.75717720997721], [-96.82718805668878, 32.75758952611326], [-96.82774637543885, 32.757589489982124], [-96.82799360833165, 32.757178519871935], [-96.82743610325586, 32.75717720997721]], [[-96.82974083026144, 32.75773770339051], [-96.8293613182633, 32.75834864644383], [-96.8299142934857, 32.75835471689503], [-96.83029380007763, 32.75774377213217], [-96.82974083026144, 32.75773770339051]], [[-96.8273422484145, 32.758235084939685], [-96.82764151562401, 32.757744008957395], [-96.82707412876672, 32.757766040377085], [-96.8267884706131, 32.758234779061354], [-96.8273422484145, 32.758235084939685]], [[-96.82773554960883, 32.75422952495042], [-96.82773542736248, 32.754096137613644], [-96.82724893826737, 32.75409201154212], [-96.82724973546418, 32.75436390697405], [-96.82773567505753, 32.75436101545913], [-96.82773554960883, 32.75422952495042]], [[-96.82855054336447, 32.75253898110917], [-96.82854975156258, 32.752321875077556], [-96.82805372474604, 32.752322022320634], [-96.82805559653758, 32.752726988010316], [-96.8285512358407, 32.752726808028115], [-96.82855054336447, 32.75253898110917]], [[-96.82773801486957, 32.750340310402876], [-96.82773935955723, 32.75020287823845], [-96.82725147742187, 32.7501981077311], [-96.827250131979, 32.75033553989029], [-96.82773801486957, 32.750340310402876]], [[-96.82773899157226, 32.750069583776764], [-96.8277436035679, 32.749557618626056], [-96.82725722320347, 32.74955568886052], [-96.8272516759064, 32.750066383737256], [-96.82773899157226, 32.750069583776764]]]}, "properties": {"title": "MILLER AND STEMMONS | 10 Future Lots", "description": "Dallas | Mixed-Use | Total 384 | Built 374 | Future Lots 10 | Future Units not quantified | 1_parcels_with_year_built_since_2024", "feature_role": "project_boundary", "legend_category": "Other Active Residential", "rank": null, "project_id": "DCAD-SUBD-ROW15951-e48757fc12", "subdivision_number": null, "subdivision_name": "MILLER AND STEMMONS", "city": "Dallas", "housing_type": "Mixed-Use", "total_lots": 384, "built_lots": 374, "future_lots": 10, "future_units": null, "activity_status": "active_residential", "active_evidence": "1_parcels_with_year_built_since_2024", "match_confidence": 0.999752, "review_status": "high_confidence_spatial_subset", "source_snapshot_date": "GIS parcel 2026-07-10; subdivision 2026-06-27; appraisal retrieved 2026-08-13 (2027 current)", "stroke": "#176B66", "stroke-width": 1, "stroke-opacity": 0.7, "fill": "#2A9D8F", "fill-opacity": 0.22}}, {"type": "Feature", "geometry": {"type": "Polygon", "coordinates": [[[-96.86167941842588, 32.55274750541861], [-96.86167892304836, 32.5513986567888], [-96.861478307682, 32.55091246227081], [-96.86146728315109, 32.55031455712871], [-96.86543537044145, 32.55032415428926], [-96.86543153174658, 32.55255260918228], [-96.86515814752856, 32.55269605636655], [-96.86491255331023, 32.552744180256944], [-96.86167941842588, 32.55274750541861]]]}, "properties": {"title": "MAPLEWOOD PH 2B | 10 Future Lots", "description": "Glenn Heights | Single-Family | Total 70 | Built 60 | Future Lots 10 | Future Units not quantified | 54_parcels_with_year_built_since_2024; 1_parcels_with_incomplete_official_structure_records", "feature_role": "project_boundary", "legend_category": "Other Active Residential", "rank": null, "project_id": "DCAD-SUBD-40616-1a70fb1826", "subdivision_number": "40616", "subdivision_name": "MAPLEWOOD PH 2B", "city": "Glenn Heights", "housing_type": "Single-Family", "total_lots": 70, "built_lots": 60, "future_lots": 10, "future_units": null, "activity_status": "active_residential", "active_evidence": "54_parcels_with_year_built_since_2024; 1_parcels_with_incomplete_official_structure_records", "match_confidence": 1.0, "review_status": "high_confidence_spatial_subset", "source_snapshot_date": "GIS parcel 2026-07-10; subdivision 2026-06-27; appraisal retrieved 2026-08-13 (2027 current)", "stroke": "#176B66", "stroke-width": 1, "stroke-opacity": 0.7, "fill": "#2A9D8F", "fill-opacity": 0.22}}, {"type": "Feature", "geometry": {"type": "Polygon", "coordinates": [[[-96.84075034860568, 32.95121833602794], [-96.84091549155077, 32.951219256915024], [-96.84091223225325, 32.951635093221206], [-96.84016205499441, 32.951815576095605], [-96.8396551151698, 32.95187913341352], [-96.83966035587756, 32.95121226027297], [-96.84075034860568, 32.95121833602794]]]}, "properties": {"title": "COG BELTWAY | 10 Future Lots", "description": "Addison | Single-Family | Total 33 | Built 23 | Future Lots 10 | Future Units not quantified | 23_parcels_with_year_built_since_2024; 17_parcels_with_incomplete_official_structure_records", "feature_role": "project_boundary", "legend_category": "Other Active Residential", "rank": null, "project_id": "DCAD-SUBD-00488-40c5ca5a04", "subdivision_number": "00488", "subdivision_name": "COG BELTWAY", "city": "Addison", "housing_type": "Single-Family", "total_lots": 33, "built_lots": 23, "future_lots": 10, "future_units": null, "activity_status": "active_residential", "active_evidence": "23_parcels_with_year_built_since_2024; 17_parcels_with_incomplete_official_structure_records", "match_confidence": 1.0, "review_status": "high_confidence_spatial_subset", "source_snapshot_date": "GIS parcel 2026-07-10; subdivision 2026-06-27; appraisal retrieved 2026-08-13 (2027 current)", "stroke": "#176B66", "stroke-width": 1, "stroke-opacity": 0.7, "fill": "#2A9D8F", "fill-opacity": 0.22}}, {"type": "Feature", "geometry": {"type": "Polygon", "coordinates": [[[-96.85103628455239, 32.761165936344334], [-96.85065778698524, 32.76049909408345], [-96.85077220011138, 32.76009224967016], [-96.85064868044391, 32.76008175729231], [-96.85056689909126, 32.76000976528796], [-96.85061075519238, 32.759656464445264], [-96.8508555279639, 32.75915682315061], [-96.85154863876977, 32.75829947338366], [-96.85190404940496, 32.758016968047535], [-96.85321537691455, 32.75716874407904], [-96.85342599707475, 32.75709192068632], [-96.8537305794529, 32.75715042379456], [-96.85396818637719, 32.75738584035199], [-96.85638978724609, 32.757389333770774], [-96.85653665965322, 32.75745455947472], [-96.85657065899987, 32.75754322644522], [-96.8565314357202, 32.75965167658482], [-96.85604284914587, 32.7596522158384], [-96.85600280800516, 32.75971035896285], [-96.85591279606999, 32.759706163383136], [-96.85594174030628, 32.76005547650325], [-96.85447364990962, 32.76006520592127], [-96.85438776298643, 32.76061575552006], [-96.85415236338058, 32.76098315063452], [-96.85392756563311, 32.761158946344544], [-96.85103628455239, 32.761165936344334]], [[-96.8543080301298, 32.759315258441234], [-96.85382012487912, 32.75930879880979], [-96.85381265211916, 32.759711714254095], [-96.85401005083946, 32.7596502305191], [-96.8543080301298, 32.759315258441234]]]}, "properties": {"title": "STEVENS PARK ESTATES | 10 Future Lots", "description": "Dallas | Single-Family | Total 156 | Built 146 | Future Lots 10 | Future Units 10 | 1_parcels_with_year_built_since_2024; 1_parcels_with_incomplete_official_structure_records", "feature_role": "project_boundary", "legend_category": "Other Active Residential", "rank": null, "project_id": "DCAD-SUBD-ROW23329-db6948b891", "subdivision_number": null, "subdivision_name": "STEVENS PARK ESTATES", "city": "Dallas", "housing_type": "Single-Family", "total_lots": 156, "built_lots": 146, "future_lots": 10, "future_units": 10, "activity_status": "active_residential", "active_evidence": "1_parcels_with_year_built_since_2024; 1_parcels_with_incomplete_official_structure_records", "match_confidence": 0.999893, "review_status": "high_confidence_spatial_subset", "source_snapshot_date": "GIS parcel 2026-07-10; subdivision 2026-06-27; appraisal retrieved 2026-08-13 (2027 current)", "stroke": "#176B66", "stroke-width": 1, "stroke-opacity": 0.7, "fill": "#2A9D8F", "fill-opacity": 0.22}}, {"type": "Feature", "geometry": {"type": "Polygon", "coordinates": [[[-97.02572794662252, 32.73928895957653], [-97.02572794398259, 32.73942642801214], [-97.02528887699609, 32.73942636828466], [-97.0252708041132, 32.73891798795848], [-97.02487486700245, 32.73891331705398], [-97.02487635527322, 32.738640999681614], [-97.02467271754948, 32.73864020463208], [-97.02466946675487, 32.73891089291642], [-97.02458691218742, 32.73890991848382], [-97.02461106187938, 32.738363334469184], [-97.02420001813648, 32.73835918443657], [-97.02418298824881, 32.738907884460325], [-97.02314611572456, 32.73890199308627], [-97.0231380418146, 32.737980003243635], [-97.02354453020229, 32.73798551706404], [-97.02354745625898, 32.73769690957685], [-97.02314096919244, 32.737691395765935], [-97.02316095779513, 32.735069086821504], [-97.025788423235, 32.73511440136374], [-97.02740201195336, 32.73508273385183], [-97.02740110401356, 32.735508788352206], [-97.02788893818196, 32.73550952980666], [-97.02788984378093, 32.73508347530272], [-97.03079383751411, 32.73507974977983], [-97.03095322097255, 32.73509166214034], [-97.03095474854136, 32.73552576411597], [-97.03127121704718, 32.735524061216424], [-97.03127634167335, 32.735094341449084], [-97.03561356354592, 32.73512165366192], [-97.03556605913843, 32.738555043048315], [-97.03450464003849, 32.73855036191286], [-97.03450354869885, 32.73895717486667], [-97.03458485795355, 32.73895753286875], [-97.03458432137717, 32.739157640636584], [-97.03243340249927, 32.739399476139866], [-97.03243023371178, 32.73908940543025], [-97.03227238300556, 32.73908930090671], [-97.03227202227534, 32.739418050703605], [-97.03063865508847, 32.73958479020306], [-97.03064335542695, 32.73905709079595], [-97.03032284293398, 32.73905671016087], [-97.03031783756045, 32.73962236980298], [-97.02870287228, 32.73981279320949], [-97.02870297327384, 32.73905389559388], [-97.02821513003019, 32.73905115617764], [-97.02821499590144, 32.739868112561616], [-97.02721221551133, 32.73998858838523], [-97.0272167872474, 32.73906703511342], [-97.02634736916296, 32.73906956800828], [-97.02633574160087, 32.740091929175286], [-97.02616697076012, 32.740133882027855], [-97.02616706035828, 32.7392890018214], [-97.02572794662252, 32.73928895957653]], [[-97.03113561317159, 32.738953528771184], [-97.03145784778576, 32.738957336434346], [-97.03148768677987, 32.738550835507795], [-97.03116248454342, 32.738546992834436], [-97.03113561317159, 32.738953528771184]], [[-97.03237472894295, 32.738968166125645], [-97.03261863181396, 32.73897104583169], [-97.03262535499316, 32.738564271791226], [-97.03238145323935, 32.738561392098305], [-97.03237472894295, 32.738968166125645]], [[-97.03450487842777, 32.73851187997348], [-97.03523664492928, 32.73851510816196], [-97.03523759632021, 32.73810829358033], [-97.03450583317156, 32.73810506539745], [-97.03450487842777, 32.73851187997348]], [[-97.02635213952925, 32.738389275747465], [-97.02675867644821, 32.73839109730634], [-97.02676091586615, 32.73803376606223], [-97.02635438058333, 32.73803194451064], [-97.02635213952925, 32.738389275747465]], [[-97.0253005989499, 32.73835988100376], [-97.02570710057547, 32.73836470338283], [-97.02570938260872, 32.73822727984288], [-97.02530288161219, 32.73822245747128], [-97.0253005989499, 32.73835988100376]], [[-97.02360872462494, 32.73807097395018], [-97.0240152043933, 32.73807830322122], [-97.02401687621919, 32.737913372682456], [-97.02361039560266, 32.73790604202331], [-97.02360872462494, 32.73807097395018]], [[-97.03491364479244, 32.73756260593288], [-97.03450711310411, 32.73756081243891], [-97.03450615674606, 32.73796762701015], [-97.03491269190035, 32.73796942190064], [-97.03491364479244, 32.73756260593288]], [[-97.03089438732731, 32.73752161717545], [-97.03129037142983, 32.73752366209504], [-97.03129375577448, 32.73711685818526], [-97.03051098326455, 32.73711157687648], [-97.03050762139495, 32.737518378324175], [-97.03089438732731, 32.73752161717545]], [[-97.02953474052384, 32.736977686188744], [-97.02986220880791, 32.73697790380882], [-97.02986147346357, 32.73656463630055], [-97.02953450678687, 32.73656368236197], [-97.02953474052384, 32.736977686188744]], [[-97.03176491696377, 32.73698172914815], [-97.03261414745288, 32.73697724337252], [-97.03261219679938, 32.73656588599068], [-97.0308793472963, 32.736571916060385], [-97.03087717220882, 32.7369864136498], [-97.03176491696377, 32.73698172914815]], [[-97.03459398456069, 32.73658710265612], [-97.03459419956872, 32.736993915939834], [-97.03507839013564, 32.73699250787097], [-97.03508320761127, 32.736585712693426], [-97.03459398456069, 32.73658710265612]], [[-97.03181829012554, 32.735363198060135], [-97.03181690419508, 32.73551437451332], [-97.03230573703746, 32.735516963262], [-97.03230712213562, 32.735365786803406], [-97.03181829012554, 32.735363198060135]]]}, "properties": {"title": "DALWORTH PARK | 10 Future Lots", "description": "Grand Prairie | Single-Family | Total 390 | Built 378 | Future Lots 10 | Future Units 10 | 9_parcels_with_year_built_since_2024; 1_parcels_with_incomplete_official_structure_records", "feature_role": "project_boundary", "legend_category": "Other Active Residential", "rank": null, "project_id": "DCAD-SUBD-05250-48413aabdc", "subdivision_number": "05250", "subdivision_name": "DALWORTH PARK", "city": "Grand Prairie", "housing_type": "Single-Family", "total_lots": 390, "built_lots": 378, "future_lots": 10, "future_units": 10, "activity_status": "active_residential", "active_evidence": "9_parcels_with_year_built_since_2024; 1_parcels_with_incomplete_official_structure_records", "match_confidence": 0.999905, "review_status": "high_confidence_spatial_subset", "source_snapshot_date": "GIS parcel 2026-07-10; subdivision 2026-06-27; appraisal retrieved 2026-08-13 (2027 current)", "stroke": "#176B66", "stroke-width": 1, "stroke-opacity": 0.7, "fill": "#2A9D8F", "fill-opacity": 0.22}}, {"type": "Feature", "geometry": {"type": "Polygon", "coordinates": [[[-96.7698666452742, 32.55467522324091], [-96.7697686233513, 32.55467417340923], [-96.76962649086198, 32.554750637106444], [-96.76889361848396, 32.55484766454397], [-96.76741722921871, 32.55496846598855], [-96.76300880457653, 32.55510600419529], [-96.76300687283414, 32.55505930368778], [-96.7612722184152, 32.55510230181984], [-96.7611372742655, 32.55498047484082], [-96.76101725900452, 32.55498403346438], [-96.76089349819438, 32.55513278185052], [-96.75853294582367, 32.555209600552686], [-96.75853597754794, 32.55352522298762], [-96.76987993402615, 32.55355935272208], [-96.7698666452742, 32.55467522324091]]]}, "properties": {"title": "BEAR CREEK RANCH PH 4 | 10 Future Lots", "description": "No Town | Single-Family | Total 189 | Built 179 | Future Lots 10 | Future Units 10 | 179_parcels_with_year_built_since_2024", "feature_role": "project_boundary", "legend_category": "Other Active Residential", "rank": null, "project_id": "DCAD-SUBD-ROW1465-9f6dfbcd90", "subdivision_number": null, "subdivision_name": "BEAR CREEK RANCH PH 4", "city": "No Town", "housing_type": "Single-Family", "total_lots": 189, "built_lots": 179, "future_lots": 10, "future_units": 10, "activity_status": "active_residential", "active_evidence": "179_parcels_with_year_built_since_2024", "match_confidence": 0.999956, "review_status": "high_confidence_spatial_subset", "source_snapshot_date": "GIS parcel 2026-07-10; subdivision 2026-06-27; appraisal retrieved 2026-08-13 (2027 current)", "stroke": "#176B66", "stroke-width": 1, "stroke-opacity": 0.7, "fill": "#2A9D8F", "fill-opacity": 0.22}}, {"type": "Feature", "geometry": {"type": "Polygon", "coordinates": [[[-96.84413159489111, 32.79305171471928], [-96.83968946572517, 32.79303494119942], [-96.83972764533466, 32.78585532727222], [-96.84795386513204, 32.78588626404656], [-96.84794438645986, 32.787700410014345], [-96.8441598574433, 32.78768624510323], [-96.84413159489111, 32.79305171471928]]]}, "properties": {"title": "L H BOMARS | 10 Future Lots", "description": "Dallas | Single-Family | Total 113 | Built 102 | Future Lots 10 | Future Units 10 | 7_parcels_with_year_built_since_2024", "feature_role": "project_boundary", "legend_category": "Other Active Residential", "rank": null, "project_id": "DCAD-SUBD-ROW12979-87d6313162", "subdivision_number": null, "subdivision_name": "L H BOMARS", "city": "Dallas", "housing_type": "Single-Family", "total_lots": 113, "built_lots": 102, "future_lots": 10, "future_units": 10, "activity_status": "active_residential", "active_evidence": "7_parcels_with_year_built_since_2024", "match_confidence": 1.0, "review_status": "high_confidence_spatial_subset", "source_snapshot_date": "GIS parcel 2026-07-10; subdivision 2026-06-27; appraisal retrieved 2026-08-13 (2027 current)", "stroke": "#176B66", "stroke-width": 1, "stroke-opacity": 0.7, "fill": "#2A9D8F", "fill-opacity": 0.22}}, {"type": "Feature", "geometry": {"type": "Polygon", "coordinates": [[[-97.01673135182466, 32.72187495341473], [-97.01721935997617, 32.72226815242581], [-97.01599371425773, 32.72327087188654], [-97.01539366872224, 32.72343268292655], [-97.01503020629804, 32.72194482268398], [-97.01673135182466, 32.72187495341473]]]}, "properties": {"title": "CARRIER PARKWAY TOWNHOMES | 10 Future Lots", "description": "Grand Prairie | Single-Family | Total 30 | Built 20 | Future Lots 10 | Future Units 10 | 16_parcels_with_year_built_since_2024; 10_parcels_with_incomplete_official_structure_records", "feature_role": "project_boundary", "legend_category": "Other Active Residential", "rank": null, "project_id": "DCAD-SUBD-02167-86d48e1443", "subdivision_number": "02167", "subdivision_name": "CARRIER PARKWAY TOWNHOMES", "city": "Grand Prairie", "housing_type": "Single-Family", "total_lots": 30, "built_lots": 20, "future_lots": 10, "future_units": 10, "activity_status": "active_residential", "active_evidence": "16_parcels_with_year_built_since_2024; 10_parcels_with_incomplete_official_structure_records", "match_confidence": 1.0, "review_status": "high_confidence_spatial_subset", "source_snapshot_date": "GIS parcel 2026-07-10; subdivision 2026-06-27; appraisal retrieved 2026-08-13 (2027 current)", "stroke": "#176B66", "stroke-width": 1, "stroke-opacity": 0.7, "fill": "#2A9D8F", "fill-opacity": 0.22}}, {"type": "Feature", "geometry": {"type": "Polygon", "coordinates": [[[-96.9487670782002, 32.80955268160135], [-96.9487661408312, 32.80913437531165], [-96.94985476376286, 32.80912583452888], [-96.94984916709267, 32.8095053516616], [-96.94980015905544, 32.8095469604621], [-96.9487670782002, 32.80955268160135]]]}, "properties": {"title": "OCONNOR FIFTH | 11 Future Lots", "description": "Irving | Single-Family | Total 16 | Built 5 | Future Lots 11 | Future Units not quantified | 5_parcels_with_year_built_since_2024", "feature_role": "project_boundary", "legend_category": "Other Active Residential", "rank": null, "project_id": "DCAD-SUBD-ROW17541-609bc2e2c8", "subdivision_number": null, "subdivision_name": "OCONNOR FIFTH", "city": "Irving", "housing_type": "Single-Family", "total_lots": 16, "built_lots": 5, "future_lots": 11, "future_units": null, "activity_status": "active_residential", "active_evidence": "5_parcels_with_year_built_since_2024", "match_confidence": 0.999587, "review_status": "high_confidence_spatial_subset", "source_snapshot_date": "GIS parcel 2026-07-10; subdivision 2026-06-27; appraisal retrieved 2026-08-13 (2027 current)", "stroke": "#176B66", "stroke-width": 1, "stroke-opacity": 0.7, "fill": "#2A9D8F", "fill-opacity": 0.22}}, {"type": "Feature", "geometry": {"type": "Polygon", "coordinates": [[[-96.89968354767643, 32.56579329253598], [-96.89922004603656, 32.56546044392936], [-96.89900767784319, 32.56519513613299], [-96.8986942594037, 32.56408592223038], [-96.89850196174068, 32.56373207462878], [-96.89814931055163, 32.563307660947885], [-96.89796400610936, 32.563444484033944], [-96.89729214420736, 32.56367976953304], [-96.89659018424233, 32.56382712619063], [-96.89640863851879, 32.5639238054052], [-96.8961137790195, 32.56420017131327], [-96.89596508671727, 32.5645494340649], [-96.89590690482616, 32.56496848276829], [-96.89595935424843, 32.56496617549249], [-96.89596154255796, 32.565224057897275], [-96.89563498363913, 32.565928138120796], [-96.89523699243803, 32.56652563532832], [-96.8947190138786, 32.56707660922184], [-96.89452392506108, 32.56722751484002], [-96.8943045915146, 32.567047294322144], [-96.89399462488682, 32.56724610484093], [-96.89402876444136, 32.56770509489814], [-96.8938331876001, 32.56770560878948], [-96.89383459651093, 32.568090461263], [-96.89128540644647, 32.568097128913514], [-96.89121507736441, 32.56739736445857], [-96.89117076491482, 32.56164422665831], [-96.89132838323025, 32.561643613866856], [-96.89132653275432, 32.5613026335684], [-96.8914165616119, 32.56119505152517], [-96.8926533813637, 32.56154552061621], [-96.89337281933867, 32.56166621582558], [-96.89410256738378, 32.56172828841132], [-96.89784593203308, 32.56163455512413], [-96.89965821385377, 32.56167603320173], [-96.89968354767643, 32.56579329253598]]]}, "properties": {"title": "STONEHILL PHASE 1 | 11 Future Lots", "description": "Cedar Hill | Single-Family | Total 194 | Built 183 | Future Lots 11 | Future Units not quantified | 14_parcels_with_year_built_since_2024", "feature_role": "project_boundary", "legend_category": "Other Active Residential", "rank": null, "project_id": "DCAD-SUBD-04262-01afc142f0", "subdivision_number": "04262", "subdivision_name": "STONEHILL PHASE 1", "city": "Cedar Hill", "housing_type": "Single-Family", "total_lots": 194, "built_lots": 183, "future_lots": 11, "future_units": null, "activity_status": "active_residential", "active_evidence": "14_parcels_with_year_built_since_2024", "match_confidence": 0.999996, "review_status": "high_confidence_spatial_subset", "source_snapshot_date": "GIS parcel 2026-07-10; subdivision 2026-06-27; appraisal retrieved 2026-08-13 (2027 current)", "stroke": "#176B66", "stroke-width": 1, "stroke-opacity": 0.7, "fill": "#2A9D8F", "fill-opacity": 0.22}}, {"type": "Feature", "geometry": {"type": "Polygon", "coordinates": [[[-96.7509660738485, 32.71683227908696], [-96.75132516049868, 32.71745000867365], [-96.74995326986759, 32.71812626366685], [-96.7482785467203, 32.71561528873753], [-96.74981577894594, 32.71485338469228], [-96.7509660738485, 32.71683227908696]]]}, "properties": {"title": "HONEY SPRINGS | 11 Future Lots", "description": "Dallas | Single-Family | Total 51 | Built 40 | Future Lots 11 | Future Units 11 | 7_parcels_with_year_built_since_2024; 5_parcels_with_incomplete_official_structure_records", "feature_role": "project_boundary", "legend_category": "Other Active Residential", "rank": null, "project_id": "DCAD-SUBD-ROW11270-eb7efb1a6a", "subdivision_number": null, "subdivision_name": "HONEY SPRINGS", "city": "Dallas", "housing_type": "Single-Family", "total_lots": 51, "built_lots": 40, "future_lots": 11, "future_units": 11, "activity_status": "active_residential", "active_evidence": "7_parcels_with_year_built_since_2024; 5_parcels_with_incomplete_official_structure_records", "match_confidence": 0.999735, "review_status": "high_confidence_spatial_subset", "source_snapshot_date": "GIS parcel 2026-07-10; subdivision 2026-06-27; appraisal retrieved 2026-08-13 (2027 current)", "stroke": "#176B66", "stroke-width": 1, "stroke-opacity": 0.7, "fill": "#2A9D8F", "fill-opacity": 0.22}}, {"type": "Feature", "geometry": {"type": "Polygon", "coordinates": [[[-96.51836013384319, 32.89625429825418], [-96.51839822919776, 32.896287914107184], [-96.51893890016397, 32.89632832395906], [-96.51941619950355, 32.89648564926318], [-96.52080262450603, 32.896493485724775], [-96.52080816663573, 32.895123529688036], [-96.52269649865633, 32.89513711033032], [-96.5226727079713, 32.89797969430624], [-96.51828961759354, 32.89768293294108], [-96.5183123206531, 32.89678144533429], [-96.51865707564626, 32.89678823781755], [-96.51865738955838, 32.896494869699794], [-96.51832088143871, 32.896487004309826], [-96.51836013384319, 32.89625429825418]]]}, "properties": {"title": "LAKE SHORE VILLAGE | 12 Future Lots", "description": "Rowlett | Single-Family | Total 68 | Built 56 | Future Lots 12 | Future Units not quantified | 22_parcels_with_year_built_since_2024; 2_parcels_with_incomplete_official_structure_records", "feature_role": "project_boundary", "legend_category": "Other Active Residential", "rank": null, "project_id": "DCAD-SUBD-40025-b9ce7d9908", "subdivision_number": "40025", "subdivision_name": "LAKE SHORE VILLAGE", "city": "Rowlett", "housing_type": "Single-Family", "total_lots": 68, "built_lots": 56, "future_lots": 12, "future_units": null, "activity_status": "active_residential", "active_evidence": "22_parcels_with_year_built_since_2024; 2_parcels_with_incomplete_official_structure_records", "match_confidence": 0.999995, "review_status": "high_confidence_spatial_subset", "source_snapshot_date": "GIS parcel 2026-07-10; subdivision 2026-06-27; appraisal retrieved 2026-08-13 (2027 current)", "stroke": "#176B66", "stroke-width": 1, "stroke-opacity": 0.7, "fill": "#2A9D8F", "fill-opacity": 0.22}}, {"type": "Feature", "geometry": {"type": "Polygon", "coordinates": [[[-96.8089910978484, 32.971373458811385], [-96.80886562456236, 32.97065265162602], [-96.80931481857581, 32.97059300895192], [-96.80929134750829, 32.97044558836794], [-96.80933832570344, 32.97036064143215], [-96.80924978920216, 32.97003977025841], [-96.80881510162718, 32.97009749140165], [-96.80888205501309, 32.97045576338792], [-96.80883011786541, 32.97046265964922], [-96.80863702006575, 32.96933935547018], [-96.80970312468013, 32.96883479877277], [-96.8103115641286, 32.96866826675498], [-96.8107705849643, 32.968654325688156], [-96.81081428241554, 32.96945188339987], [-96.81105463542525, 32.97013761607538], [-96.81252640729852, 32.97001348161177], [-96.81250388958019, 32.97107369965633], [-96.81255279663706, 32.97107443887976], [-96.81254527883681, 32.97141843339048], [-96.8089910978484, 32.971373458811385]]]}, "properties": {"title": "LAWN AT GLEN ABBEY | 12 Future Lots", "description": "Dallas | Single-Family | Total 63 | Built 51 | Future Lots 12 | Future Units not quantified | 2_parcels_with_year_built_since_2024; 1_parcels_with_incomplete_official_structure_records", "feature_role": "project_boundary", "legend_category": "Other Active Residential", "rank": null, "project_id": "DCAD-SUBD-ROW13839-52677968d8", "subdivision_number": null, "subdivision_name": "LAWN AT GLEN ABBEY", "city": "Dallas", "housing_type": "Single-Family", "total_lots": 63, "built_lots": 51, "future_lots": 12, "future_units": null, "activity_status": "active_residential", "active_evidence": "2_parcels_with_year_built_since_2024; 1_parcels_with_incomplete_official_structure_records", "match_confidence": 0.999879, "review_status": "high_confidence_spatial_subset", "source_snapshot_date": "GIS parcel 2026-07-10; subdivision 2026-06-27; appraisal retrieved 2026-08-13 (2027 current)", "stroke": "#176B66", "stroke-width": 1, "stroke-opacity": 0.7, "fill": "#2A9D8F", "fill-opacity": 0.22}}, {"type": "Feature", "geometry": {"type": "Polygon", "coordinates": [[[-96.69448418302862, 32.64395856373978], [-96.69637632215294, 32.64305903641007], [-96.69699539494397, 32.64338969782817], [-96.69679351419283, 32.643651754653554], [-96.69712012729988, 32.6438318653909], [-96.69754588529037, 32.64327919255736], [-96.6972192733515, 32.64309908293635], [-96.69752006915493, 32.642690177388715], [-96.69659529731216, 32.64218104151249], [-96.69625826120996, 32.6416772003445], [-96.69660939703188, 32.64151027537039], [-96.69682554280972, 32.64179594695215], [-96.69705345587573, 32.642002303448216], [-96.69820807321103, 32.64267575833326], [-96.69904330768208, 32.64156881948139], [-96.6991430686303, 32.64125570783054], [-96.69971445465119, 32.6412859026614], [-96.69687883942754, 32.64505423300868], [-96.69660296625989, 32.64531887604679], [-96.6962365425829, 32.64557404293151], [-96.69560664111165, 32.64616301936585], [-96.69551167945833, 32.64614309754809], [-96.69508814854456, 32.64621497350897], [-96.69397688574526, 32.64454839385534], [-96.69431642081601, 32.644304142965844], [-96.69420161130073, 32.644093663412555], [-96.69448418302862, 32.64395856373978]]]}, "properties": {"title": "SKYLINE ESTATES 3rd INST. | 12 Future Lots", "description": "Hutchins | Single-Family | Total 34 | Built 22 | Future Lots 12 | Future Units 12 | 2_parcels_with_year_built_since_2024; 1_parcels_with_incomplete_official_structure_records", "feature_role": "project_boundary", "legend_category": "Other Active Residential", "rank": null, "project_id": "DCAD-SUBD-02050-344ebc0844", "subdivision_number": "02050", "subdivision_name": "SKYLINE ESTATES 3rd INST.", "city": "Hutchins", "housing_type": "Single-Family", "total_lots": 34, "built_lots": 22, "future_lots": 12, "future_units": 12, "activity_status": "active_residential", "active_evidence": "2_parcels_with_year_built_since_2024; 1_parcels_with_incomplete_official_structure_records", "match_confidence": 1.0, "review_status": "high_confidence_spatial_subset", "source_snapshot_date": "GIS parcel 2026-07-10; subdivision 2026-06-27; appraisal retrieved 2026-08-13 (2027 current)", "stroke": "#176B66", "stroke-width": 1, "stroke-opacity": 0.7, "fill": "#2A9D8F", "fill-opacity": 0.22}}, {"type": "Feature", "geometry": {"type": "Polygon", "coordinates": [[[-96.81538368474676, 32.60899169660333], [-96.81541147482645, 32.61153040763551], [-96.81304193032358, 32.611533463704895], [-96.81303367942262, 32.60825765686296], [-96.81537604526893, 32.608263250302656], [-96.81538368474676, 32.60899169660333]], [[-96.81519023364083, 32.60882410331083], [-96.81480052893491, 32.60882213187684], [-96.81479867730836, 32.60923444318128], [-96.81518838382132, 32.609236414621016], [-96.81519023364083, 32.60882410331083]]]}, "properties": {"title": "J.A. DEWBERRY ADDITION | 12 Future Lots", "description": "Lancaster | Single-Family | Total 40 | Built 28 | Future Lots 12 | Future Units 12 | 1_parcels_with_year_built_since_2024", "feature_role": "project_boundary", "legend_category": "Other Active Residential", "rank": null, "project_id": "DCAD-SUBD-02250-0ebecff552", "subdivision_number": "02250", "subdivision_name": "J.A. DEWBERRY ADDITION", "city": "Lancaster", "housing_type": "Single-Family", "total_lots": 40, "built_lots": 28, "future_lots": 12, "future_units": 12, "activity_status": "active_residential", "active_evidence": "1_parcels_with_year_built_since_2024", "match_confidence": 1.0, "review_status": "high_confidence_spatial_subset", "source_snapshot_date": "GIS parcel 2026-07-10; subdivision 2026-06-27; appraisal retrieved 2026-08-13 (2027 current)", "stroke": "#176B66", "stroke-width": 1, "stroke-opacity": 0.7, "fill": "#2A9D8F", "fill-opacity": 0.22}}, {"type": "Feature", "geometry": {"type": "Polygon", "coordinates": [[[-96.84795081183852, 32.77846205014753], [-96.84795614210337, 32.77503300865753], [-96.85217459845562, 32.7750695941222], [-96.85211049196144, 32.778521892595194], [-96.84795081183852, 32.77846205014753]], [[-96.85136252991451, 32.77761889249679], [-96.8513668725475, 32.77738514284589], [-96.85071619421048, 32.77737682889175], [-96.8507182330692, 32.77726712670015], [-96.850880898604, 32.77726941197841], [-96.85090114371499, 32.776194171764054], [-96.84909378224037, 32.77617824478396], [-96.8490973232948, 32.77631456474795], [-96.84877194189649, 32.776311313649565], [-96.84876806554226, 32.77670816654896], [-96.84909614338845, 32.776711124924184], [-96.84910824696793, 32.77724674600949], [-96.85006755767665, 32.77725870079036], [-96.85006117013998, 32.77760225014512], [-96.85136252991451, 32.77761889249679]]]}, "properties": {"title": "COLLEGE PARK ADDN (RIGGINS) | 12 Future Lots", "description": "Dallas | Mixed-Use | Total 76 | Built 64 | Future Lots 12 | Future Units not quantified | 4_parcels_with_year_built_since_2024", "feature_role": "project_boundary", "legend_category": "Other Active Residential", "rank": null, "project_id": "DCAD-SUBD-ROW4765-fb0bb52221", "subdivision_number": null, "subdivision_name": "COLLEGE PARK ADDN (RIGGINS)", "city": "Dallas", "housing_type": "Mixed-Use", "total_lots": 76, "built_lots": 64, "future_lots": 12, "future_units": null, "activity_status": "active_residential", "active_evidence": "4_parcels_with_year_built_since_2024", "match_confidence": 0.996005, "review_status": "high_confidence_spatial_subset", "source_snapshot_date": "GIS parcel 2026-07-10; subdivision 2026-06-27; appraisal retrieved 2026-08-13 (2027 current)", "stroke": "#176B66", "stroke-width": 1, "stroke-opacity": 0.7, "fill": "#2A9D8F", "fill-opacity": 0.22}}, {"type": "Feature", "geometry": {"type": "Polygon", "coordinates": [[[-97.03035000553572, 32.64056930270613], [-97.03040151984591, 32.64090206054182], [-97.0303561592617, 32.64364532420786], [-97.02224596306426, 32.64355928725747], [-97.02229500413698, 32.64050965260011], [-97.03035000553572, 32.64056930270613]], [[-97.02571845676667, 32.64239282830357], [-97.025393606598, 32.642388970518226], [-97.02538506317362, 32.64290389898125], [-97.02570991522387, 32.64290775678887], [-97.02571845676667, 32.64239282830357]], [[-97.02700934287677, 32.64292192481791], [-97.02701786801056, 32.64240753219801], [-97.02669301773176, 32.642403677812275], [-97.02668448183385, 32.64291860636436], [-97.02700934287677, 32.64292192481791]], [[-97.02572102564818, 32.642227678115674], [-97.02604587524156, 32.64223153504442], [-97.0260609494405, 32.64120187823835], [-97.02573609681667, 32.64119843087303], [-97.02572102564818, 32.642227678115674]]]}, "properties": {"title": "MATTHEW ROAD MOBIL ESTATES UNRECORDED | 12 Future Lots", "description": "Grand Prairie | Single-Family | Total 16 | Built 4 | Future Lots 12 | Future Units 12 | 1_parcels_with_incomplete_official_structure_records", "feature_role": "project_boundary", "legend_category": "Other Active Residential", "rank": null, "project_id": "DCAD-SUBD-ROW15093-4d3b63a736", "subdivision_number": null, "subdivision_name": "MATTHEW ROAD MOBIL ESTATES UNRECORDED", "city": "Grand Prairie", "housing_type": "Single-Family", "total_lots": 16, "built_lots": 4, "future_lots": 12, "future_units": 12, "activity_status": "active_residential", "active_evidence": "1_parcels_with_incomplete_official_structure_records", "match_confidence": 0.999917, "review_status": "high_confidence_spatial_subset", "source_snapshot_date": "GIS parcel 2026-07-10; subdivision 2026-06-27; appraisal retrieved 2026-08-13 (2027 current)", "stroke": "#176B66", "stroke-width": 1, "stroke-opacity": 0.7, "fill": "#2A9D8F", "fill-opacity": 0.22}}, {"type": "Feature", "geometry": {"type": "Polygon", "coordinates": [[[-96.75360789278778, 32.74395949618147], [-96.75352527915092, 32.74389604035278], [-96.75355014501936, 32.74217571522263], [-96.75516048101994, 32.740821407186395], [-96.75537454583171, 32.741002170182725], [-96.75549423329863, 32.74090213266661], [-96.7552700795708, 32.74071003933552], [-96.75566077802743, 32.74037911325422], [-96.75572304788096, 32.74038356100257], [-96.7570804376242, 32.74144366679461], [-96.75714130017147, 32.74175346624609], [-96.75462956139918, 32.74389002866799], [-96.75415133480281, 32.74348926326156], [-96.75360789278778, 32.74395949618147]]]}, "properties": {"title": "LINCOLN MANOR NO 2 PT | 12 Future Lots", "description": "Dallas | Single-Family | Total 63 | Built 51 | Future Lots 12 | Future Units 12 | 11_parcels_with_year_built_since_2024; 1_parcels_with_incomplete_official_structure_records", "feature_role": "project_boundary", "legend_category": "Other Active Residential", "rank": null, "project_id": "DCAD-SUBD-2558-6bea17ffc4", "subdivision_number": "2558", "subdivision_name": "LINCOLN MANOR NO 2 PT", "city": "Dallas", "housing_type": "Single-Family", "total_lots": 63, "built_lots": 51, "future_lots": 12, "future_units": 12, "activity_status": "active_residential", "active_evidence": "11_parcels_with_year_built_since_2024; 1_parcels_with_incomplete_official_structure_records", "match_confidence": 0.999294, "review_status": "high_confidence_spatial_subset", "source_snapshot_date": "GIS parcel 2026-07-10; subdivision 2026-06-27; appraisal retrieved 2026-08-13 (2027 current)", "stroke": "#176B66", "stroke-width": 1, "stroke-opacity": 0.7, "fill": "#2A9D8F", "fill-opacity": 0.22}}, {"type": "Feature", "geometry": {"type": "Polygon", "coordinates": [[[-96.87843081803447, 32.607542646959715], [-96.87839941864308, 32.607298160383955], [-96.87827544578175, 32.60720382360757], [-96.8782774439012, 32.60691861013151], [-96.87780411640728, 32.60691626462952], [-96.87780135191682, 32.60634111981703], [-96.8820005447005, 32.606364337620505], [-96.88200437332345, 32.607206528106126], [-96.88151286825043, 32.60720387181345], [-96.88150707092605, 32.60797456510904], [-96.88200787820816, 32.60797727254056], [-96.88201605596647, 32.60977612242284], [-96.88149348220963, 32.609773298998626], [-96.88145975492857, 32.61002294428869], [-96.88136693847919, 32.610186496662834], [-96.88081094710098, 32.61063661029958], [-96.88052778407425, 32.610711887655214], [-96.88007671664644, 32.61071297813329], [-96.88007286799568, 32.6112217352832], [-96.87892282437242, 32.6112019484192], [-96.87871126750429, 32.610984044388324], [-96.87935020451356, 32.61053761781884], [-96.87898961122981, 32.61016815459642], [-96.8786782486918, 32.61041091133493], [-96.87875430149941, 32.61016047490228], [-96.8784915010996, 32.60999897755374], [-96.87843081803447, 32.607542646959715]], [[-96.88132458703245, 32.60984662329678], [-96.88133475680759, 32.60928811185931], [-96.88129861517494, 32.60928764048668], [-96.88050018473034, 32.60989271957634], [-96.88098835257783, 32.61031882978179], [-96.88123067962638, 32.61010416663991], [-96.88132458703245, 32.60984662329678]], [[-96.87844842904914, 32.60795799853677], [-96.8784644928821, 32.60856664967535], [-96.87904275115316, 32.60856911086023], [-96.87904636441144, 32.60796054365723], [-96.87844842904914, 32.60795799853677]]]}, "properties": {"title": "EAGLE POINT ESTATES | 12 Future Lots", "description": "DeSoto | Single-Family | Total 33 | Built 21 | Future Lots 12 | Future Units 12 | 2_parcels_with_year_built_since_2024; 1_parcels_with_incomplete_official_structure_records", "feature_role": "project_boundary", "legend_category": "Other Active Residential", "rank": null, "project_id": "DCAD-SUBD-03227-37111f2a7e", "subdivision_number": "03227", "subdivision_name": "EAGLE POINT ESTATES", "city": "DeSoto", "housing_type": "Single-Family", "total_lots": 33, "built_lots": 21, "future_lots": 12, "future_units": 12, "activity_status": "active_residential", "active_evidence": "2_parcels_with_year_built_since_2024; 1_parcels_with_incomplete_official_structure_records", "match_confidence": 1.0, "review_status": "high_confidence_spatial_subset", "source_snapshot_date": "GIS parcel 2026-07-10; subdivision 2026-06-27; appraisal retrieved 2026-08-13 (2027 current)", "stroke": "#176B66", "stroke-width": 1, "stroke-opacity": 0.7, "fill": "#2A9D8F", "fill-opacity": 0.22}}, {"type": "Feature", "geometry": {"type": "Polygon", "coordinates": [[[-96.57308374681593, 32.73413211886046], [-96.57306235382049, 32.73394080679347], [-96.57246102466061, 32.73247261068054], [-96.57259847679704, 32.73243233460281], [-96.57253497467612, 32.73227728291197], [-96.57247854143118, 32.732264830755916], [-96.5719165030584, 32.73089251327373], [-96.57195174364969, 32.73085326113218], [-96.57188823592716, 32.7306981966022], [-96.57278438607855, 32.730472892518314], [-96.57309290301491, 32.73047969046909], [-96.5739069773285, 32.73065386164795], [-96.57410899818139, 32.73064818259141], [-96.5742061206329, 32.73077042787224], [-96.57415419001244, 32.730904175535834], [-96.57451295780267, 32.731192416119185], [-96.57631908148042, 32.73190078392226], [-96.57557326692411, 32.733586496685724], [-96.57442222261072, 32.733758965035214], [-96.57396286243181, 32.7339095426623], [-96.57393829583354, 32.73427262873454], [-96.57338124458825, 32.734124962489275], [-96.57308374681593, 32.73413211886046]]]}, "properties": {"title": "SOLTERRA PH 1F | 13 Future Lots", "description": "Mesquite | Single-Family | Total 21 | Built 8 | Future Lots 13 | Future Units not quantified | 8_parcels_with_year_built_since_2024", "feature_role": "project_boundary", "legend_category": "Other Active Residential", "rank": null, "project_id": "DCAD-SUBD-19455-f580d8fb92", "subdivision_number": "19455", "subdivision_name": "SOLTERRA PH 1F", "city": "Mesquite", "housing_type": "Single-Family", "total_lots": 21, "built_lots": 8, "future_lots": 13, "future_units": null, "activity_status": "active_residential", "active_evidence": "8_parcels_with_year_built_since_2024", "match_confidence": 1.0, "review_status": "high_confidence_spatial_subset", "source_snapshot_date": "GIS parcel 2026-07-10; subdivision 2026-06-27; appraisal retrieved 2026-08-13 (2027 current)", "stroke": "#176B66", "stroke-width": 1, "stroke-opacity": 0.7, "fill": "#2A9D8F", "fill-opacity": 0.22}}, {"type": "Feature", "geometry": {"type": "Polygon", "coordinates": [[[-96.74611068217723, 32.715717562590086], [-96.74409329493338, 32.71265048541], [-96.74592145348768, 32.71183372643224], [-96.74766306523698, 32.71096829796803], [-96.74945324538258, 32.714189613019954], [-96.74611068217723, 32.715717562590086]]]}, "properties": {"title": "CENTRAL AVENUE 1 | 13 Future Lots", "description": "Dallas | Single-Family | Total 113 | Built 100 | Future Lots 13 | Future Units 13 | 8_parcels_with_year_built_since_2024; 2_parcels_with_incomplete_official_structure_records", "feature_role": "project_boundary", "legend_category": "Other Active Residential", "rank": null, "project_id": "DCAD-SUBD-ROW4044-5b8cebfa96", "subdivision_number": null, "subdivision_name": "CENTRAL AVENUE 1", "city": "Dallas", "housing_type": "Single-Family", "total_lots": 113, "built_lots": 100, "future_lots": 13, "future_units": 13, "activity_status": "active_residential", "active_evidence": "8_parcels_with_year_built_since_2024; 2_parcels_with_incomplete_official_structure_records", "match_confidence": 1.0, "review_status": "high_confidence_spatial_subset", "source_snapshot_date": "GIS parcel 2026-07-10; subdivision 2026-06-27; appraisal retrieved 2026-08-13 (2027 current)", "stroke": "#176B66", "stroke-width": 1, "stroke-opacity": 0.7, "fill": "#2A9D8F", "fill-opacity": 0.22}}, {"type": "Feature", "geometry": {"type": "Polygon", "coordinates": [[[-97.0131996978707, 32.84546631051594], [-97.01108175111268, 32.846420167226285], [-97.01110293586991, 32.84412308393544], [-97.01184516617711, 32.8441301698887], [-97.01185743200955, 32.8419051956197], [-97.01414981118346, 32.84192018255107], [-97.0141513868873, 32.84518478311503], [-97.01366319372387, 32.845295800447786], [-97.0131996978707, 32.84546631051594]]]}, "properties": {"title": "VILLAS OF ANDALUS | 13 Future Lots", "description": "Irving | Single-Family | Total 83 | Built 70 | Future Lots 13 | Future Units 13 | 2_parcels_with_year_built_since_2024; 2_parcels_with_incomplete_official_structure_records", "feature_role": "project_boundary", "legend_category": "Other Active Residential", "rank": null, "project_id": "DCAD-SUBD-56413-a84d354574", "subdivision_number": "56413", "subdivision_name": "VILLAS OF ANDALUS", "city": "Irving", "housing_type": "Single-Family", "total_lots": 83, "built_lots": 70, "future_lots": 13, "future_units": 13, "activity_status": "active_residential", "active_evidence": "2_parcels_with_year_built_since_2024; 2_parcels_with_incomplete_official_structure_records", "match_confidence": 0.999253, "review_status": "high_confidence_spatial_subset", "source_snapshot_date": "GIS parcel 2026-07-10; subdivision 2026-06-27; appraisal retrieved 2026-08-13 (2027 current)", "stroke": "#176B66", "stroke-width": 1, "stroke-opacity": 0.7, "fill": "#2A9D8F", "fill-opacity": 0.22}}, {"type": "Feature", "geometry": {"type": "Polygon", "coordinates": [[[-96.53262137689902, 32.89333944897514], [-96.53262892189822, 32.894218257419176], [-96.53464523116884, 32.89423977285835], [-96.53464790042493, 32.894484840184155], [-96.53566503286078, 32.894485608859576], [-96.53557103084485, 32.89493405582725], [-96.53487531704546, 32.896248486276775], [-96.53149161250093, 32.89624699086412], [-96.5315137448796, 32.89332738095783], [-96.53262137689902, 32.89333944897514]]]}, "properties": {"title": "CANTERBURY COVE PH 1 | 13 Future Lots", "description": "Rowlett | Single-Family | Total 70 | Built 57 | Future Lots 13 | Future Units not quantified | 36_parcels_with_year_built_since_2024", "feature_role": "project_boundary", "legend_category": "Other Active Residential", "rank": null, "project_id": "DCAD-SUBD-11076-6888da9b67", "subdivision_number": "11076", "subdivision_name": "CANTERBURY COVE PH 1", "city": "Rowlett", "housing_type": "Single-Family", "total_lots": 70, "built_lots": 57, "future_lots": 13, "future_units": null, "activity_status": "active_residential", "active_evidence": "36_parcels_with_year_built_since_2024", "match_confidence": 1.0, "review_status": "high_confidence_spatial_subset", "source_snapshot_date": "GIS parcel 2026-07-10; subdivision 2026-06-27; appraisal retrieved 2026-08-13 (2027 current)", "stroke": "#176B66", "stroke-width": 1, "stroke-opacity": 0.7, "fill": "#2A9D8F", "fill-opacity": 0.22}}, {"type": "Feature", "geometry": {"type": "Polygon", "coordinates": [[[-96.57629702929705, 32.73381813011959], [-96.57607435115688, 32.73383279764175], [-96.57607939548461, 32.73390344915293], [-96.57604059425032, 32.73390943420147], [-96.57603238737943, 32.733521820691166], [-96.57557326692411, 32.733586496685724], [-96.5764433979737, 32.73161979311397], [-96.57678015165044, 32.73143612502421], [-96.57713193900908, 32.73149253051194], [-96.57748313352627, 32.73163581713556], [-96.57906151370076, 32.73211537090721], [-96.57927962029432, 32.732225716145024], [-96.5793416317959, 32.73240833766119], [-96.57895730024956, 32.73250156801229], [-96.57895103510067, 32.73260807501129], [-96.57884688565863, 32.73276716477312], [-96.57921193396105, 32.73288379121082], [-96.57865423561157, 32.73413081492681], [-96.57932769183978, 32.73434538850841], [-96.57912065482208, 32.734808766745864], [-96.57630824683305, 32.73390689957336], [-96.57629702929705, 32.73381813011959]]]}, "properties": {"title": "SOLTERRA PH 1C | 14 Future Lots", "description": "Mesquite | Single-Family | Total 55 | Built 41 | Future Lots 14 | Future Units not quantified | 18_parcels_with_year_built_since_2024", "feature_role": "project_boundary", "legend_category": "Other Active Residential", "rank": null, "project_id": "DCAD-SUBD-19455-001a4e1f0a", "subdivision_number": "19455", "subdivision_name": "SOLTERRA PH 1C", "city": "Mesquite", "housing_type": "Single-Family", "total_lots": 55, "built_lots": 41, "future_lots": 14, "future_units": null, "activity_status": "active_residential", "active_evidence": "18_parcels_with_year_built_since_2024", "match_confidence": 1.0, "review_status": "high_confidence_spatial_subset", "source_snapshot_date": "GIS parcel 2026-07-10; subdivision 2026-06-27; appraisal retrieved 2026-08-13 (2027 current)", "stroke": "#176B66", "stroke-width": 1, "stroke-opacity": 0.7, "fill": "#2A9D8F", "fill-opacity": 0.22}}, {"type": "Feature", "geometry": {"type": "Polygon", "coordinates": [[[-96.54210418871743, 32.98315349524018], [-96.54212058381468, 32.98361953852497], [-96.5415129380958, 32.98364959024369], [-96.54088604375028, 32.98375723086785], [-96.5404017259664, 32.98389811644619], [-96.53980966264523, 32.98414894452819], [-96.54033974663199, 32.98482543383195], [-96.53960564970528, 32.985190408884456], [-96.53844853861868, 32.983593885278175], [-96.53910544509554, 32.98305296108122], [-96.53848523035231, 32.98288081592972], [-96.54261899013234, 32.98076791407367], [-96.54274194695093, 32.981030496474226], [-96.54297645511454, 32.9813279406852], [-96.54290896436942, 32.981594216509805], [-96.5428660557328, 32.98282511794265], [-96.54214887584396, 32.98280735758462], [-96.54210418871743, 32.98315349524018]]]}, "properties": {"title": "DOMINION OF PLEASANT VALLEY PH 4 | 14 Future Lots", "description": "Wylie | Single-Family | Total 49 | Built 33 | Future Lots 14 | Future Units 14 | 33_parcels_with_year_built_since_2024; 3_parcels_with_incomplete_official_structure_records", "feature_role": "project_boundary", "legend_category": "Other Active Residential", "rank": null, "project_id": "DCAD-SUBD-05075-794fe839a0", "subdivision_number": "05075", "subdivision_name": "DOMINION OF PLEASANT VALLEY PH 4", "city": "Wylie", "housing_type": "Single-Family", "total_lots": 49, "built_lots": 33, "future_lots": 14, "future_units": 14, "activity_status": "active_residential", "active_evidence": "33_parcels_with_year_built_since_2024; 3_parcels_with_incomplete_official_structure_records", "match_confidence": 1.0, "review_status": "high_confidence_spatial_subset", "source_snapshot_date": "GIS parcel 2026-07-10; subdivision 2026-06-27; appraisal retrieved 2026-08-13 (2027 current)", "stroke": "#176B66", "stroke-width": 1, "stroke-opacity": 0.7, "fill": "#2A9D8F", "fill-opacity": 0.22}}, {"type": "Feature", "geometry": {"type": "Polygon", "coordinates": [[[-96.90136079284933, 32.948814940753444], [-96.90121391929118, 32.94882445620326], [-96.90121778262271, 32.94861197343123], [-96.90146417515153, 32.94861512677225], [-96.90167909309602, 32.94844736615296], [-96.90199938737061, 32.9482999111792], [-96.90219289190354, 32.948107869359866], [-96.90253411501152, 32.947934612637766], [-96.90275911292137, 32.94825033531513], [-96.90315833619485, 32.94804662476646], [-96.90314198465727, 32.94798426847284], [-96.90326775555627, 32.94792056961614], [-96.90321152984217, 32.94784163299314], [-96.90345468693218, 32.94771848061782], [-96.90369825705557, 32.948060260952275], [-96.90247552151908, 32.948561445058914], [-96.90152915128792, 32.94881977293229], [-96.90140749292243, 32.948846236716825], [-96.90136079284933, 32.948814940753444]]]}, "properties": {"title": "CARROLL CREST | 14 Future Lots", "description": "Carrollton | Single-Family | Total 19 | Built 5 | Future Lots 14 | Future Units not quantified | 5_parcels_with_year_built_since_2024; 5_parcels_with_incomplete_official_structure_records", "feature_role": "project_boundary", "legend_category": "Other Active Residential", "rank": null, "project_id": "DCAD-SUBD-00815-5738aec446", "subdivision_number": "00815", "subdivision_name": "CARROLL CREST", "city": "Carrollton", "housing_type": "Single-Family", "total_lots": 19, "built_lots": 5, "future_lots": 14, "future_units": null, "activity_status": "active_residential", "active_evidence": "5_parcels_with_year_built_since_2024; 5_parcels_with_incomplete_official_structure_records", "match_confidence": 1.0, "review_status": "high_confidence_spatial_subset", "source_snapshot_date": "GIS parcel 2026-07-10; subdivision 2026-06-27; appraisal retrieved 2026-08-13 (2027 current)", "stroke": "#176B66", "stroke-width": 1, "stroke-opacity": 0.7, "fill": "#2A9D8F", "fill-opacity": 0.22}}, {"type": "Feature", "geometry": {"type": "Polygon", "coordinates": [[[-97.0188032260653, 32.5571409751643], [-97.0195685288083, 32.5580585158385], [-97.01893569364358, 32.558437084949965], [-97.01943660728003, 32.55903763543478], [-97.0192704781378, 32.56220142097217], [-97.01338042547637, 32.562182363377644], [-97.0134911288565, 32.55608985282652], [-97.01636826490439, 32.55609919469501], [-97.01707641764943, 32.55626655995544], [-97.01838472641606, 32.556825821389715], [-97.01863667538528, 32.556808215628095], [-97.0188032260653, 32.5571409751643]], [[-97.01545029167984, 32.557181094032714], [-97.01467457145694, 32.557179099233245], [-97.01467129142745, 32.55809306180323], [-97.01552825878795, 32.55807191711613], [-97.01553121067404, 32.55725004198336], [-97.01545029167984, 32.557181094032714]]]}, "properties": {"title": "LAKE RIDGE SEC 18-A PH I | 15 Future Lots", "description": "Grand Prairie | Single-Family | Total 46 | Built 31 | Future Lots 15 | Future Units 15 | 1_parcels_with_year_built_since_2024", "feature_role": "project_boundary", "legend_category": "Other Active Residential", "rank": null, "project_id": "DCAD-SUBD-04460-ec71df7f2e", "subdivision_number": "04460", "subdivision_name": "LAKE RIDGE SEC 18-A PH I", "city": "Grand Prairie", "housing_type": "Single-Family", "total_lots": 46, "built_lots": 31, "future_lots": 15, "future_units": 15, "activity_status": "active_residential", "active_evidence": "1_parcels_with_year_built_since_2024", "match_confidence": 1.0, "review_status": "high_confidence_spatial_subset", "source_snapshot_date": "GIS parcel 2026-07-10; subdivision 2026-06-27; appraisal retrieved 2026-08-13 (2027 current)", "stroke": "#176B66", "stroke-width": 1, "stroke-opacity": 0.7, "fill": "#2A9D8F", "fill-opacity": 0.22}}, {"type": "Feature", "geometry": {"type": "Polygon", "coordinates": [[[-96.54167625321112, 32.97609041998974], [-96.54434325449755, 32.97382034352311], [-96.54515760150167, 32.9745114269314], [-96.54468320691447, 32.97490858683603], [-96.54465311256341, 32.97507154348443], [-96.54445413308281, 32.975351429976854], [-96.54437542861108, 32.97577753134502], [-96.54444659406245, 32.975901195642344], [-96.54391763692043, 32.97602270093449], [-96.5433737786829, 32.97591147975067], [-96.5430457200693, 32.977687390175106], [-96.54297034920089, 32.979849104175166], [-96.54280415625296, 32.979934057553706], [-96.54274722517029, 32.979404979967526], [-96.54262076005305, 32.97914909126928], [-96.54239527937972, 32.978887199413954], [-96.54199085573492, 32.97862759639858], [-96.54075846954349, 32.97817084743141], [-96.53991968217696, 32.97747830414853], [-96.54167625321112, 32.97609041998974]]]}, "properties": {"title": "DOMINION OF PLEASANT VALLEY PH 5 | 15 Future Lots", "description": "Wylie | Single-Family | Total 62 | Built 47 | Future Lots 15 | Future Units not quantified | 46_parcels_with_year_built_since_2024; 2_parcels_with_incomplete_official_structure_records", "feature_role": "project_boundary", "legend_category": "Other Active Residential", "rank": null, "project_id": "DCAD-SUBD-05080-74ee0c3672", "subdivision_number": "05080", "subdivision_name": "DOMINION OF PLEASANT VALLEY PH 5", "city": "Wylie", "housing_type": "Single-Family", "total_lots": 62, "built_lots": 47, "future_lots": 15, "future_units": null, "activity_status": "active_residential", "active_evidence": "46_parcels_with_year_built_since_2024; 2_parcels_with_incomplete_official_structure_records", "match_confidence": 0.999978, "review_status": "high_confidence_spatial_subset", "source_snapshot_date": "GIS parcel 2026-07-10; subdivision 2026-06-27; appraisal retrieved 2026-08-13 (2027 current)", "stroke": "#176B66", "stroke-width": 1, "stroke-opacity": 0.7, "fill": "#2A9D8F", "fill-opacity": 0.22}}, {"type": "Feature", "geometry": {"type": "Polygon", "coordinates": [[[-96.56877699555496, 32.94117427365864], [-96.56623387009687, 32.93885349184641], [-96.56902651898307, 32.93656490041755], [-96.56984779705483, 32.93727924569709], [-96.57004396344344, 32.93711887404855], [-96.57114994812517, 32.93823591423335], [-96.57029503555171, 32.93878644383413], [-96.57095034547854, 32.93951002456263], [-96.56889087672512, 32.94117586862175], [-96.56877699555496, 32.94117427365864]]]}, "properties": {"title": "OXENFREE AT ROWLETT | 15 Future Lots", "description": "Rowlett | Single-Family | Total 153 | Built 138 | Future Lots 15 | Future Units not quantified | 138_parcels_with_year_built_since_2024; 61_parcels_with_incomplete_official_structure_records", "feature_role": "project_boundary", "legend_category": "Other Active Residential", "rank": null, "project_id": "DCAD-SUBD-ROW17877-d991cc6d5e", "subdivision_number": null, "subdivision_name": "OXENFREE AT ROWLETT", "city": "Rowlett", "housing_type": "Single-Family", "total_lots": 153, "built_lots": 138, "future_lots": 15, "future_units": null, "activity_status": "active_residential", "active_evidence": "138_parcels_with_year_built_since_2024; 61_parcels_with_incomplete_official_structure_records", "match_confidence": 0.99997, "review_status": "high_confidence_spatial_subset", "source_snapshot_date": "GIS parcel 2026-07-10; subdivision 2026-06-27; appraisal retrieved 2026-08-13 (2027 current)", "stroke": "#176B66", "stroke-width": 1, "stroke-opacity": 0.7, "fill": "#2A9D8F", "fill-opacity": 0.22}}, {"type": "Feature", "geometry": {"type": "Polygon", "coordinates": [[[-96.86986317056628, 32.59689810443554], [-96.86501912655228, 32.597023010431776], [-96.86496819516148, 32.596499937259175], [-96.86517630582532, 32.59546979388564], [-96.86519985582554, 32.59527081013655], [-96.86516073074436, 32.59522926037209], [-96.86525314747378, 32.595028253367175], [-96.86562235617954, 32.59508812056641], [-96.8656331455498, 32.59528806936395], [-96.86630990269202, 32.59526364550139], [-96.86663834326397, 32.595184586443686], [-96.86670718379474, 32.5952853730931], [-96.8666972020963, 32.59546130527454], [-96.86685894684499, 32.59547316449794], [-96.86709040389798, 32.59542243001462], [-96.86908169300828, 32.59469080210212], [-96.86936040275125, 32.59467820266818], [-96.86923696462671, 32.593687348077786], [-96.86908764918104, 32.59331799181918], [-96.86940804273623, 32.59308702970541], [-96.86967919775614, 32.592814602084424], [-96.8700023377372, 32.59228899165894], [-96.87014447654836, 32.591708802275015], [-96.87020266165145, 32.59010960512897], [-96.87028723546521, 32.590038579849235], [-96.87050068157532, 32.59003976112609], [-96.8706405754901, 32.59012996079283], [-96.87053466500163, 32.59537593126337], [-96.86986317056628, 32.59689810443554]]]}, "properties": {"title": "SUMMIT PARKS PH 3 | 16 Future Lots", "description": "DeSoto | Single-Family | Total 27 | Built 11 | Future Lots 16 | Future Units not quantified | 7_parcels_with_year_built_since_2024; 5_parcels_with_incomplete_official_structure_records", "feature_role": "project_boundary", "legend_category": "Other Active Residential", "rank": null, "project_id": "DCAD-SUBD-09984-3039d5a912", "subdivision_number": "09984", "subdivision_name": "SUMMIT PARKS PH 3", "city": "DeSoto", "housing_type": "Single-Family", "total_lots": 27, "built_lots": 11, "future_lots": 16, "future_units": null, "activity_status": "active_residential", "active_evidence": "7_parcels_with_year_built_since_2024; 5_parcels_with_incomplete_official_structure_records", "match_confidence": 1.0, "review_status": "high_confidence_spatial_subset", "source_snapshot_date": "GIS parcel 2026-07-10; subdivision 2026-06-27; appraisal retrieved 2026-08-13 (2027 current)", "stroke": "#176B66", "stroke-width": 1, "stroke-opacity": 0.7, "fill": "#2A9D8F", "fill-opacity": 0.22}}, {"type": "Feature", "geometry": {"type": "Polygon", "coordinates": [[[-96.74635932465209, 32.96322275696643], [-96.74764561122174, 32.963220618184394], [-96.74764470721486, 32.9635115923633], [-96.74759579843457, 32.963511483228814], [-96.74765221792651, 32.963781249052545], [-96.74778446699926, 32.96391334835695], [-96.74813229844318, 32.96400001122638], [-96.7481321610293, 32.964044457504315], [-96.74796912907657, 32.96404409792729], [-96.74796843235488, 32.96426844458538], [-96.74613239906516, 32.964267086756], [-96.74613569072186, 32.963210798743994], [-96.74635932465209, 32.96322275696643]]]}, "properties": {"title": "GREENWOOD SQUARE | 16 Future Lots", "description": "Richardson | Single-Family | Total 24 | Built 8 | Future Lots 16 | Future Units 16 | 8_parcels_with_year_built_since_2024; 3_parcels_with_incomplete_official_structure_records", "feature_role": "project_boundary", "legend_category": "Other Active Residential", "rank": null, "project_id": "DCAD-SUBD-08480-20b3037fd8", "subdivision_number": "08480", "subdivision_name": "GREENWOOD SQUARE", "city": "Richardson", "housing_type": "Single-Family", "total_lots": 24, "built_lots": 8, "future_lots": 16, "future_units": 16, "activity_status": "active_residential", "active_evidence": "8_parcels_with_year_built_since_2024; 3_parcels_with_incomplete_official_structure_records", "match_confidence": 1.0, "review_status": "high_confidence_spatial_subset", "source_snapshot_date": "GIS parcel 2026-07-10; subdivision 2026-06-27; appraisal retrieved 2026-08-13 (2027 current)", "stroke": "#176B66", "stroke-width": 1, "stroke-opacity": 0.7, "fill": "#2A9D8F", "fill-opacity": 0.22}}, {"type": "Feature", "geometry": {"type": "Polygon", "coordinates": [[[-96.99192770022138, 32.86836257541923], [-96.99190330665975, 32.86599922886876], [-96.99293540470536, 32.866006037613964], [-96.99293146763235, 32.86624539439312], [-96.99280714728964, 32.86624539143233], [-96.99281038104378, 32.86722909643266], [-96.99396419046519, 32.86765778890812], [-96.99666811392234, 32.86891189332953], [-96.99192770022138, 32.86836257541923]]]}, "properties": {"title": "BARCELONA ESTATES AMND | 16 Future Lots", "description": "Irving | Single-Family | Total 23 | Built 7 | Future Lots 16 | Future Units 16 | 7_parcels_with_year_built_since_2024; 2_parcels_with_incomplete_official_structure_records", "feature_role": "project_boundary", "legend_category": "Other Active Residential", "rank": null, "project_id": "DCAD-SUBD-ROW1357-77df1cdaae", "subdivision_number": null, "subdivision_name": "BARCELONA ESTATES AMND", "city": "Irving", "housing_type": "Single-Family", "total_lots": 23, "built_lots": 7, "future_lots": 16, "future_units": 16, "activity_status": "active_residential", "active_evidence": "7_parcels_with_year_built_since_2024; 2_parcels_with_incomplete_official_structure_records", "match_confidence": 1.0, "review_status": "high_confidence_spatial_subset", "source_snapshot_date": "GIS parcel 2026-07-10; subdivision 2026-06-27; appraisal retrieved 2026-08-13 (2027 current)", "stroke": "#176B66", "stroke-width": 1, "stroke-opacity": 0.7, "fill": "#2A9D8F", "fill-opacity": 0.22}}, {"type": "Feature", "geometry": {"type": "Polygon", "coordinates": [[[-96.72937593741692, 32.87848664401405], [-96.72927726974333, 32.87715487327227], [-96.73069845071817, 32.877083512256085], [-96.73067946973613, 32.87782878477767], [-96.73058057012203, 32.8783818262754], [-96.72937593741692, 32.87848664401405]]]}, "properties": {"title": "WHITE ROCK TRAIL | 16 Future Lots", "description": "Dallas | Single-Family | Total 30 | Built 14 | Future Lots 16 | Future Units not quantified | 14_parcels_with_year_built_since_2024; 1_parcels_with_incomplete_official_structure_records", "feature_role": "project_boundary", "legend_category": "Other Active Residential", "rank": null, "project_id": "DCAD-SUBD-ROW28076-6b6ffc3de5", "subdivision_number": null, "subdivision_name": "WHITE ROCK TRAIL", "city": "Dallas", "housing_type": "Single-Family", "total_lots": 30, "built_lots": 14, "future_lots": 16, "future_units": null, "activity_status": "active_residential", "active_evidence": "14_parcels_with_year_built_since_2024; 1_parcels_with_incomplete_official_structure_records", "match_confidence": 0.999898, "review_status": "high_confidence_spatial_subset", "source_snapshot_date": "GIS parcel 2026-07-10; subdivision 2026-06-27; appraisal retrieved 2026-08-13 (2027 current)", "stroke": "#176B66", "stroke-width": 1, "stroke-opacity": 0.7, "fill": "#2A9D8F", "fill-opacity": 0.22}}, {"type": "Feature", "geometry": {"type": "Polygon", "coordinates": [[[-96.5531137871538, 32.68428797683602], [-96.55301728633329, 32.684206433006004], [-96.55294426601526, 32.68426820846895], [-96.55071742293026, 32.68238705726993], [-96.55119185027539, 32.68199173658484], [-96.55100462370856, 32.68183815516813], [-96.55101722180413, 32.681771277300285], [-96.55124746380625, 32.68162111761291], [-96.551704324031, 32.68115756714049], [-96.55210157718082, 32.68093867470486], [-96.55300868834308, 32.68065525703589], [-96.55338412729981, 32.68041130490756], [-96.55376077896143, 32.67993701577072], [-96.55405423639833, 32.679306572359685], [-96.55423657277606, 32.67936506084996], [-96.55382525211566, 32.68018729662827], [-96.5553557663055, 32.68100492108566], [-96.55502606731471, 32.68144399161865], [-96.55507254752874, 32.68155749663911], [-96.55615047460937, 32.68124133178341], [-96.55626749167278, 32.68152682629919], [-96.5563534173609, 32.68150162858611], [-96.55696828579579, 32.68299720383143], [-96.55647398977118, 32.683158454013785], [-96.55652586014644, 32.68326457039793], [-96.55598025364034, 32.683468358633505], [-96.55573229631781, 32.68367539503352], [-96.55551230985262, 32.683498463150194], [-96.55509360000413, 32.683772983809725], [-96.55495879234354, 32.683583518959324], [-96.55447300850163, 32.68376709454088], [-96.55445525238656, 32.68373220097435], [-96.5537739470051, 32.68394883181783], [-96.55328948010931, 32.68414012129391], [-96.5531137871538, 32.68428797683602]]]}, "properties": {"title": "STONEHAVEN PH 1 | 17 Future Lots", "description": "Seagoville | Single-Family | Total 131 | Built 114 | Future Lots 17 | Future Units 17 | 114_parcels_with_year_built_since_2024", "feature_role": "project_boundary", "legend_category": "Other Active Residential", "rank": null, "project_id": "DCAD-SUBD-ROW23415-a964b7edc4", "subdivision_number": null, "subdivision_name": "STONEHAVEN PH 1", "city": "Seagoville", "housing_type": "Single-Family", "total_lots": 131, "built_lots": 114, "future_lots": 17, "future_units": 17, "activity_status": "active_residential", "active_evidence": "114_parcels_with_year_built_since_2024", "match_confidence": 1.0, "review_status": "high_confidence_spatial_subset", "source_snapshot_date": "GIS parcel 2026-07-10; subdivision 2026-06-27; appraisal retrieved 2026-08-13 (2027 current)", "stroke": "#176B66", "stroke-width": 1, "stroke-opacity": 0.7, "fill": "#2A9D8F", "fill-opacity": 0.22}}, {"type": "Feature", "geometry": {"type": "Polygon", "coordinates": [[[-96.53724362041042, 32.980833973313196], [-96.53709125216858, 32.98070212835043], [-96.53702205543918, 32.980701356011906], [-96.53646228430765, 32.980216977057694], [-96.5396612903779, 32.97759068169949], [-96.54045947426498, 32.9782430859136], [-96.54187309464014, 32.978762399351595], [-96.54212418738534, 32.9788995763137], [-96.54239106532388, 32.97914880093253], [-96.54255906219333, 32.979453202920666], [-96.54261260670556, 32.97974204350087], [-96.54261899013234, 32.98076791407367], [-96.53848523035231, 32.98288081592972], [-96.5378364064594, 32.982682912668764], [-96.53721941690259, 32.98179915795581], [-96.53706099176016, 32.98144486198052], [-96.53699951732854, 32.98109578632735], [-96.53724362041042, 32.980833973313196]]]}, "properties": {"title": "DOMINION OF PLEASANT VALLEY PH 3 | 17 Future Lots", "description": "Wylie | Single-Family | Total 142 | Built 125 | Future Lots 17 | Future Units not quantified | 13_parcels_with_year_built_since_2024", "feature_role": "project_boundary", "legend_category": "Other Active Residential", "rank": null, "project_id": "DCAD-SUBD-05070-0a23f5ab21", "subdivision_number": "05070", "subdivision_name": "DOMINION OF PLEASANT VALLEY PH 3", "city": "Wylie", "housing_type": "Single-Family", "total_lots": 142, "built_lots": 125, "future_lots": 17, "future_units": null, "activity_status": "active_residential", "active_evidence": "13_parcels_with_year_built_since_2024", "match_confidence": 0.999999, "review_status": "high_confidence_spatial_subset", "source_snapshot_date": "GIS parcel 2026-07-10; subdivision 2026-06-27; appraisal retrieved 2026-08-13 (2027 current)", "stroke": "#176B66", "stroke-width": 1, "stroke-opacity": 0.7, "fill": "#2A9D8F", "fill-opacity": 0.22}}, {"type": "Feature", "geometry": {"type": "Polygon", "coordinates": [[[-96.71311115156185, 32.71983413967419], [-96.71762291805311, 32.7198715415298], [-96.71760505739205, 32.72696484928714], [-96.7091395858985, 32.726976680617994], [-96.70913777701931, 32.719821311742656], [-96.71083623784409, 32.719831863449095], [-96.71083308176587, 32.720210190844], [-96.71099700494057, 32.720202651274306], [-96.71099760253696, 32.71981302381092], [-96.7111646600815, 32.719813229506066], [-96.71116638985612, 32.72021021555527], [-96.71151105906014, 32.72021073553737], [-96.71150918422542, 32.72080363682078], [-96.71197099673252, 32.72080449024216], [-96.71197182635836, 32.72052773086711], [-96.71213642608393, 32.72052836585063], [-96.71213969477388, 32.7198283931827], [-96.71311115156185, 32.71983413967419]]]}, "properties": {"title": "HOME GARDENS 3 | 17 Future Lots", "description": "Dallas | Single-Family | Total 609 | Built 591 | Future Lots 17 | Future Units 17 | 17_parcels_with_year_built_since_2024; 3_parcels_with_incomplete_official_structure_records", "feature_role": "project_boundary", "legend_category": "Other Active Residential", "rank": null, "project_id": "DCAD-SUBD-ROW11228-2e4beafedb", "subdivision_number": null, "subdivision_name": "HOME GARDENS 3", "city": "Dallas", "housing_type": "Single-Family", "total_lots": 609, "built_lots": 591, "future_lots": 17, "future_units": 17, "activity_status": "active_residential", "active_evidence": "17_parcels_with_year_built_since_2024; 3_parcels_with_incomplete_official_structure_records", "match_confidence": 0.998446, "review_status": "high_confidence_spatial_subset", "source_snapshot_date": "GIS parcel 2026-07-10; subdivision 2026-06-27; appraisal retrieved 2026-08-13 (2027 current)", "stroke": "#176B66", "stroke-width": 1, "stroke-opacity": 0.7, "fill": "#2A9D8F", "fill-opacity": 0.22}}, {"type": "Feature", "geometry": {"type": "Polygon", "coordinates": [[[-96.63263145712159, 32.80156664046664], [-96.63306842941122, 32.80151316686042], [-96.63345467748415, 32.801622689865745], [-96.63343761477658, 32.80184566578717], [-96.63347551037926, 32.8018597988589], [-96.6332500638016, 32.80396046431139], [-96.63323920471204, 32.80455977336636], [-96.63329347886932, 32.80515739740721], [-96.6335632082689, 32.80665378493315], [-96.63194400712726, 32.80686476454381], [-96.6315218275604, 32.805963825936196], [-96.63144207561619, 32.80567823671257], [-96.63139366670238, 32.804793924354804], [-96.63117023394254, 32.80348502180365], [-96.63111530084058, 32.802012418840285], [-96.63115353348105, 32.80195398389816], [-96.63223388688509, 32.80170482039214], [-96.63263145712159, 32.80156664046664]]]}, "properties": {"title": "CLOVERLEAF | 18 Future Lots", "description": "Mesquite | Single-Family | Total 246 | Built 227 | Future Lots 18 | Future Units 18 | 29_parcels_with_year_built_since_2024", "feature_role": "project_boundary", "legend_category": "Other Active Residential", "rank": null, "project_id": "DCAD-SUBD-04404-ec86b9754f", "subdivision_number": "04404", "subdivision_name": "CLOVERLEAF", "city": "Mesquite", "housing_type": "Single-Family", "total_lots": 246, "built_lots": 227, "future_lots": 18, "future_units": 18, "activity_status": "active_residential", "active_evidence": "29_parcels_with_year_built_since_2024", "match_confidence": 1.0, "review_status": "high_confidence_spatial_subset", "source_snapshot_date": "GIS parcel 2026-07-10; subdivision 2026-06-27; appraisal retrieved 2026-08-13 (2027 current)", "stroke": "#176B66", "stroke-width": 1, "stroke-opacity": 0.7, "fill": "#2A9D8F", "fill-opacity": 0.22}}, {"type": "Feature", "geometry": {"type": "Polygon", "coordinates": [[[-96.81609784706158, 32.65358360979758], [-96.81873816255019, 32.65360922680229], [-96.8187389940558, 32.65615495647888], [-96.81433694605369, 32.65621436954896], [-96.81436032724207, 32.64779655236797], [-96.81610435714288, 32.64779105738382], [-96.81609784706158, 32.65358360979758]]]}, "properties": {"title": "ELLINGTON WOODS | 19 Future Lots", "description": "Dallas | Single-Family | Total 164 | Built 145 | Future Lots 19 | Future Units not quantified | 145_parcels_with_year_built_since_2024; 51_parcels_with_incomplete_official_structure_records", "feature_role": "project_boundary", "legend_category": "Other Active Residential", "rank": null, "project_id": "DCAD-SUBD-ROW7306-9f911300be", "subdivision_number": null, "subdivision_name": "ELLINGTON WOODS", "city": "Dallas", "housing_type": "Single-Family", "total_lots": 164, "built_lots": 145, "future_lots": 19, "future_units": null, "activity_status": "active_residential", "active_evidence": "145_parcels_with_year_built_since_2024; 51_parcels_with_incomplete_official_structure_records", "match_confidence": 1.0, "review_status": "high_confidence_spatial_subset", "source_snapshot_date": "GIS parcel 2026-07-10; subdivision 2026-06-27; appraisal retrieved 2026-08-13 (2027 current)", "stroke": "#176B66", "stroke-width": 1, "stroke-opacity": 0.7, "fill": "#2A9D8F", "fill-opacity": 0.22}}, {"type": "Feature", "geometry": {"type": "Polygon", "coordinates": [[[-96.66670121660634, 32.93083137874616], [-96.66585855626495, 32.93066662051533], [-96.66586124246851, 32.930637490631455], [-96.66519576254801, 32.9306169365472], [-96.66531601012593, 32.92998954485921], [-96.66558505613371, 32.92932493464848], [-96.66539147901784, 32.928751256753124], [-96.66522310658186, 32.92858313995372], [-96.66522857431723, 32.92817631485587], [-96.66532980865703, 32.92816310929032], [-96.66561352958904, 32.92867378222364], [-96.66572566338182, 32.92898426925928], [-96.66577412406394, 32.929414675472096], [-96.6657277757899, 32.929957551937754], [-96.66592274562642, 32.92997035272559], [-96.66596281371015, 32.92953564986426], [-96.66595922919869, 32.929182735980916], [-96.66588396656194, 32.92883556345864], [-96.66549058636161, 32.92805398836511], [-96.66538671485685, 32.92772465745179], [-96.66542554818487, 32.926884997576714], [-96.66568498032323, 32.92688712367532], [-96.66571511153734, 32.92695774780204], [-96.66581419351435, 32.9269980439366], [-96.66687021776771, 32.927000845525846], [-96.66696853756892, 32.92696033968712], [-96.66700124017764, 32.92689104576516], [-96.66706642671144, 32.926891218814994], [-96.66711274380157, 32.92697551250136], [-96.66719639128122, 32.92700151225488], [-96.66837952930045, 32.92700463743721], [-96.66843922441319, 32.92700199364886], [-96.66843580304102, 32.926949818825044], [-96.66859869642425, 32.92694570278007], [-96.66861807108866, 32.92709106921732], [-96.66902636761203, 32.92709214411758], [-96.66908158452829, 32.92706967358562], [-96.6690656350622, 32.9265665209918], [-96.66916341369617, 32.926566778921284], [-96.66920236591423, 32.926652080642135], [-96.66929694023224, 32.926683291503906], [-96.6708936867165, 32.926687480398535], [-96.6709906049942, 32.9266484925236], [-96.67102424126371, 32.92658104826741], [-96.67099909670019, 32.931004514829304], [-96.66842855358404, 32.930998495596185], [-96.66847843948413, 32.930958543679026], [-96.66851317578114, 32.930175441408885], [-96.66699647450797, 32.93017146344227], [-96.66699375496287, 32.930906593201556], [-96.66670121660634, 32.93083137874616]]]}, "properties": {"title": "RIVERSET PH 1 | 19 Future Lots", "description": "Garland | Single-Family | Total 301 | Built 282 | Future Lots 19 | Future Units 19 | 1_parcels_with_year_built_since_2024", "feature_role": "project_boundary", "legend_category": "Other Active Residential", "rank": null, "project_id": "DCAD-SUBD-62816-76d220ba10", "subdivision_number": "62816", "subdivision_name": "RIVERSET PH 1", "city": "Garland", "housing_type": "Single-Family", "total_lots": 301, "built_lots": 282, "future_lots": 19, "future_units": 19, "activity_status": "active_residential", "active_evidence": "1_parcels_with_year_built_since_2024", "match_confidence": 1.0, "review_status": "high_confidence_spatial_subset", "source_snapshot_date": "GIS parcel 2026-07-10; subdivision 2026-06-27; appraisal retrieved 2026-08-13 (2027 current)", "stroke": "#176B66", "stroke-width": 1, "stroke-opacity": 0.7, "fill": "#2A9D8F", "fill-opacity": 0.22}}, {"type": "Feature", "geometry": {"type": "Polygon", "coordinates": [[[-97.00887776893286, 32.8473550697931], [-97.00840008500838, 32.847351127954724], [-97.00855434884332, 32.846892009025254], [-97.00861509892925, 32.84686495712374], [-97.0091592908403, 32.847003598198114], [-97.00955144707088, 32.84705307950265], [-97.00994773629046, 32.84704182984019], [-97.0103350681672, 32.846970220812416], [-97.01346315433133, 32.84560386678514], [-97.01411881365424, 32.84541173724434], [-97.01409443398927, 32.84721304221537], [-97.01468582004716, 32.84719577623022], [-97.0146801471224, 32.847394073020254], [-97.01409217466572, 32.847377990496284], [-97.01408701623312, 32.84776491549493], [-97.00878218577735, 32.84774538257961], [-97.00887776893286, 32.8473550697931]]]}, "properties": {"title": "ALHAMRA VALLEY | 19 Future Lots", "description": "Irving | Single-Family | Total 77 | Built 58 | Future Lots 19 | Future Units 19 | 9_parcels_with_year_built_since_2024; 9_parcels_with_incomplete_official_structure_records", "feature_role": "project_boundary", "legend_category": "Other Active Residential", "rank": null, "project_id": "DCAD-SUBD-00376-a61b496a03", "subdivision_number": "00376", "subdivision_name": "ALHAMRA VALLEY", "city": "Irving", "housing_type": "Single-Family", "total_lots": 77, "built_lots": 58, "future_lots": 19, "future_units": 19, "activity_status": "active_residential", "active_evidence": "9_parcels_with_year_built_since_2024; 9_parcels_with_incomplete_official_structure_records", "match_confidence": 0.999952, "review_status": "high_confidence_spatial_subset", "source_snapshot_date": "GIS parcel 2026-07-10; subdivision 2026-06-27; appraisal retrieved 2026-08-13 (2027 current)", "stroke": "#176B66", "stroke-width": 1, "stroke-opacity": 0.7, "fill": "#2A9D8F", "fill-opacity": 0.22}}, {"type": "Feature", "geometry": {"type": "Polygon", "coordinates": [[[-96.84767893968174, 32.814982711067664], [-96.84777030418489, 32.814753003094765], [-96.84806612103786, 32.81438375435668], [-96.84734090876499, 32.813948695644626], [-96.84807362329404, 32.81367306250263], [-96.84819093452911, 32.813749929557225], [-96.84830018490916, 32.81370461363843], [-96.8487021309083, 32.813474038889275], [-96.84903330790021, 32.813173771694146], [-96.85180415079464, 32.81323464089786], [-96.8540949833155, 32.81336177789805], [-96.85507115128212, 32.81338046292597], [-96.85507348017762, 32.813311052397815], [-96.8608754107285, 32.81341684506186], [-96.85991343894948, 32.81377831295114], [-96.85914493683455, 32.81385628580903], [-96.85835297903107, 32.813533983474876], [-96.85735179779711, 32.81372851355592], [-96.8565066421123, 32.81446561077149], [-96.85624273461656, 32.8153487691468], [-96.85622659275799, 32.81661440249868], [-96.85635399075555, 32.81714306986871], [-96.85583106306785, 32.81727647584755], [-96.85553839246288, 32.81678128732185], [-96.85094768574231, 32.816713182900266], [-96.85093327666996, 32.81748822779688], [-96.84962457550738, 32.81749797585127], [-96.84963174707435, 32.81712609514656], [-96.84816707866088, 32.81710665553968], [-96.8481596599384, 32.817491041203866], [-96.8476287625397, 32.817501562703455], [-96.84767893968174, 32.814982711067664]], [[-96.85308154524171, 32.81659518292836], [-96.85308839618749, 32.81622619682964], [-96.85299075254676, 32.816224904105134], [-96.85298637968286, 32.81529003079125], [-96.85284095308666, 32.81514955684641], [-96.85220860823537, 32.81501150402306], [-96.8520281633369, 32.814922570968776], [-96.85191504618454, 32.81472538704609], [-96.85192907968649, 32.81427615837396], [-96.85149432577053, 32.814257455214126], [-96.85150071607414, 32.814092279917496], [-96.84975250320056, 32.814051518839825], [-96.84974780886449, 32.81427331158344], [-96.8507076894902, 32.81428604162408], [-96.85069480156795, 32.81497918473992], [-96.85210370385418, 32.816146230826334], [-96.85220134739541, 32.81614752424702], [-96.85219307621904, 32.81659276291713], [-96.85308154524171, 32.81659518292836]], [[-96.850275380654, 32.81521572921086], [-96.85062163970646, 32.81501674147952], [-96.85058110131763, 32.814851749465184], [-96.85017599039786, 32.81494975730511], [-96.85018789896631, 32.8150937352889], [-96.850275380654, 32.81521572921086]], [[-96.85506081389619, 32.8152060294798], [-96.85506459403678, 32.81489738038756], [-96.85487157504754, 32.81490956747277], [-96.85476957724472, 32.81496174184479], [-96.85470782387412, 32.815047888551746], [-96.854696195615, 32.815202867990934], [-96.85506081389619, 32.8152060294798]]]}, "properties": {"title": "ARLINGTON PARK ESTATES NO 1 | 19 Future Lots", "description": "Dallas | Single-Family | Total 251 | Built 232 | Future Lots 19 | Future Units 19 | 8_parcels_with_year_built_since_2024; 4_parcels_with_incomplete_official_structure_records", "feature_role": "project_boundary", "legend_category": "Other Active Residential", "rank": null, "project_id": "DCAD-SUBD-ROW921-a7b4147195", "subdivision_number": null, "subdivision_name": "ARLINGTON PARK ESTATES NO 1", "city": "Dallas", "housing_type": "Single-Family", "total_lots": 251, "built_lots": 232, "future_lots": 19, "future_units": 19, "activity_status": "active_residential", "active_evidence": "8_parcels_with_year_built_since_2024; 4_parcels_with_incomplete_official_structure_records", "match_confidence": 0.999993, "review_status": "high_confidence_spatial_subset", "source_snapshot_date": "GIS parcel 2026-07-10; subdivision 2026-06-27; appraisal retrieved 2026-08-13 (2027 current)", "stroke": "#176B66", "stroke-width": 1, "stroke-opacity": 0.7, "fill": "#2A9D8F", "fill-opacity": 0.22}}, {"type": "Feature", "geometry": {"type": "Polygon", "coordinates": [[[-96.70962736451891, 32.78024718914352], [-96.70966989646845, 32.780445458640166], [-96.70919437284951, 32.78042118313047], [-96.7087613694154, 32.780271385348755], [-96.70820765818351, 32.780322934832], [-96.70789055079342, 32.780211869132685], [-96.70763606340837, 32.78023335711734], [-96.70741415995381, 32.77981400691059], [-96.70780175869831, 32.77903653075752], [-96.70864045730977, 32.77929912767039], [-96.70960481892321, 32.77950908669553], [-96.70950833290574, 32.77966079935764], [-96.70958671274502, 32.779715821934346], [-96.70951309463406, 32.77995712819856], [-96.70962736451891, 32.78024718914352]]]}, "properties": {"title": "ENCLAVE VILLAS ON FORNEY ROAD | 19 Future Lots", "description": "Dallas | Single-Family | Total 37 | Built 18 | Future Lots 19 | Future Units not quantified | 4_parcels_with_year_built_since_2024; 4_parcels_with_incomplete_official_structure_records", "feature_role": "project_boundary", "legend_category": "Other Active Residential", "rank": null, "project_id": "DCAD-SUBD-ROW7449-c080cc3a20", "subdivision_number": null, "subdivision_name": "ENCLAVE VILLAS ON FORNEY ROAD", "city": "Dallas", "housing_type": "Single-Family", "total_lots": 37, "built_lots": 18, "future_lots": 19, "future_units": null, "activity_status": "active_residential", "active_evidence": "4_parcels_with_year_built_since_2024; 4_parcels_with_incomplete_official_structure_records", "match_confidence": 1.0, "review_status": "high_confidence_spatial_subset", "source_snapshot_date": "GIS parcel 2026-07-10; subdivision 2026-06-27; appraisal retrieved 2026-08-13 (2027 current)", "stroke": "#176B66", "stroke-width": 1, "stroke-opacity": 0.7, "fill": "#2A9D8F", "fill-opacity": 0.22}}, {"type": "Feature", "geometry": {"type": "Polygon", "coordinates": [[[-96.55616008568751, 32.798590024610085], [-96.5552811369453, 32.80321381526693], [-96.55514183041977, 32.803520544118655], [-96.55449949039242, 32.80437693212704], [-96.54822907157934, 32.80441799632867], [-96.54821216748597, 32.80126129450598], [-96.54667992621003, 32.79930307045944], [-96.54838122596152, 32.79931796123173], [-96.54946375798852, 32.79939935460611], [-96.5501122432254, 32.79934919974878], [-96.5505966025631, 32.799248570159655], [-96.55122170566544, 32.79902880118022], [-96.5518541980795, 32.798677725926964], [-96.5523331353745, 32.79828796206274], [-96.55280829118777, 32.79771239004326], [-96.55364573686465, 32.7980814502284], [-96.55453313110924, 32.798354861376325], [-96.55545523689362, 32.79852792875993], [-96.55616008568751, 32.798590024610085]]]}, "properties": {"title": "STONEY CREEK PH 5C & 5D | 20 Future Lots", "description": "Sunnyvale | Single-Family | Total 77 | Built 57 | Future Lots 20 | Future Units not quantified | 57_parcels_with_year_built_since_2024; 8_parcels_with_incomplete_official_structure_records", "feature_role": "project_boundary", "legend_category": "Other Active Residential", "rank": null, "project_id": "DCAD-SUBD-77554-9d54f37cd6", "subdivision_number": "77554", "subdivision_name": "STONEY CREEK PH 5C & 5D", "city": "Sunnyvale", "housing_type": "Single-Family", "total_lots": 77, "built_lots": 57, "future_lots": 20, "future_units": null, "activity_status": "active_residential", "active_evidence": "57_parcels_with_year_built_since_2024; 8_parcels_with_incomplete_official_structure_records", "match_confidence": 0.999997, "review_status": "high_confidence_spatial_subset", "source_snapshot_date": "GIS parcel 2026-07-10; subdivision 2026-06-27; appraisal retrieved 2026-08-13 (2027 current)", "stroke": "#176B66", "stroke-width": 1, "stroke-opacity": 0.7, "fill": "#2A9D8F", "fill-opacity": 0.22}}, {"type": "Feature", "geometry": {"type": "Polygon", "coordinates": [[[-96.94843512113347, 32.90326221057833], [-96.94866214704066, 32.90297320472549], [-96.94916116665625, 32.90261574166223], [-96.94941017155972, 32.90224681044303], [-96.94968393068264, 32.902119649088974], [-96.94956860975606, 32.90144367317337], [-96.9496543924905, 32.901357351876406], [-96.95019157062453, 32.90176040889405], [-96.94989318640378, 32.902051555365595], [-96.94986708218818, 32.90212982157636], [-96.9501246894565, 32.90228796866865], [-96.95045940725883, 32.901961370468584], [-96.95126292444988, 32.90256425170782], [-96.95090843163415, 32.90291015279665], [-96.95094108852491, 32.90299266754046], [-96.95121570742927, 32.903091042700815], [-96.95144205784935, 32.903250287612025], [-96.95174986486988, 32.90292959706119], [-96.95179860865078, 32.90296616963042], [-96.95137523625324, 32.90344502867251], [-96.95136284966331, 32.903378185281575], [-96.95114830957894, 32.903219633878], [-96.95098488834547, 32.90317307530861], [-96.95092052733943, 32.9032082700768], [-96.95062139107094, 32.90361373063366], [-96.95043517359615, 32.90374343102963], [-96.95054418196133, 32.904308429918885], [-96.9505799327724, 32.904315862710604], [-96.95049597745424, 32.904723966742544], [-96.95038575831408, 32.90475994587359], [-96.9503307193372, 32.90492647954596], [-96.95020976728702, 32.904970557459166], [-96.94964690514405, 32.90471019476052], [-96.94944078276329, 32.90446503073922], [-96.94927669805323, 32.90408143299877], [-96.94898111623606, 32.90395761908601], [-96.9484959599325, 32.90350064993025], [-96.94823686724207, 32.903429656745715], [-96.94802351171373, 32.903558813430024], [-96.94786486942435, 32.90358322607879], [-96.94785990129544, 32.90369737550464], [-96.94757618280921, 32.90344856607144], [-96.94799738854775, 32.90302473592598], [-96.94837857480795, 32.903283744043044], [-96.94843512113347, 32.90326221057833]], [[-96.94944356712352, 32.90405374886557], [-96.94948104895643, 32.90414820387406], [-96.94997093655509, 32.904052654301616], [-96.9499541171219, 32.90378201485073], [-96.94959294574211, 32.90390529055911], [-96.94944356712352, 32.90405374886557]], [[-96.94951038740761, 32.90374229724275], [-96.94913359992373, 32.9033965312807], [-96.94905023555835, 32.90346723504151], [-96.94869452421216, 32.9031686240271], [-96.94858818327579, 32.90332508220459], [-96.94860727060478, 32.90339157641185], [-96.94911240764918, 32.90386320569181], [-96.94934566508974, 32.90388635823787], [-96.94951038740761, 32.90374229724275]], [[-96.9504962815853, 32.903512072781105], [-96.95060336590029, 32.90335419965898], [-96.95047641360203, 32.903247683805056], [-96.9501046703479, 32.9035851594815], [-96.95033637900926, 32.90362047041448], [-96.9504962815853, 32.903512072781105]], [[-96.94995909204755, 32.90234366394845], [-96.9498033809642, 32.902263735711855], [-96.94958330841116, 32.90230470429658], [-96.94998817130191, 32.90264443939508], [-96.9501411614615, 32.90251569604931], [-96.94995909204755, 32.90234366394845]]]}, "properties": {"title": "AVADENE SINGLE FAMILY | 20 Future Lots", "description": "Irving | Single-Family | Total 22 | Built 2 | Future Lots 20 | Future Units 20 | 2_parcels_with_year_built_since_2024", "feature_role": "project_boundary", "legend_category": "Other Active Residential", "rank": null, "project_id": "DCAD-SUBD-00794-6e0219a863", "subdivision_number": "00794", "subdivision_name": "AVADENE SINGLE FAMILY", "city": "Irving", "housing_type": "Single-Family", "total_lots": 22, "built_lots": 2, "future_lots": 20, "future_units": 20, "activity_status": "active_residential", "active_evidence": "2_parcels_with_year_built_since_2024", "match_confidence": 1.0, "review_status": "high_confidence_spatial_subset", "source_snapshot_date": "GIS parcel 2026-07-10; subdivision 2026-06-27; appraisal retrieved 2026-08-13 (2027 current)", "stroke": "#176B66", "stroke-width": 1, "stroke-opacity": 0.7, "fill": "#2A9D8F", "fill-opacity": 0.22}}, {"type": "Feature", "geometry": {"type": "Polygon", "coordinates": [[[-96.55562650605417, 32.84227382427197], [-96.55565326875826, 32.8423053509101], [-96.55550280264892, 32.84239230023075], [-96.55543865167394, 32.84236528903205], [-96.55469343514861, 32.84286482449715], [-96.55365843470035, 32.843363848442024], [-96.55366263475395, 32.84342643896294], [-96.5535035253279, 32.84350163402093], [-96.55344251145239, 32.84346589545748], [-96.55271580951094, 32.843779394791724], [-96.55215895079856, 32.843804957214445], [-96.55205218678705, 32.84432579433986], [-96.55130738942825, 32.84421700122205], [-96.5512040941777, 32.8440838622592], [-96.55133542637044, 32.84353252335813], [-96.55176496223946, 32.84359382476451], [-96.55180588120739, 32.843542189550206], [-96.55198614643969, 32.84356853928826], [-96.55200904231853, 32.843628240373434], [-96.55229745145911, 32.84366566802457], [-96.55256280277246, 32.84365500984188], [-96.5528163391588, 32.843588060803526], [-96.55291963162604, 32.84354224556877], [-96.55290957907297, 32.84346670685048], [-96.55307655049704, 32.843403982168134], [-96.55313428921147, 32.843439141827595], [-96.55380322410893, 32.843118299729774], [-96.55379518476852, 32.84304381665154], [-96.55396119066548, 32.842980131353926], [-96.55401892782692, 32.84301529057894], [-96.55452132288056, 32.842772384673104], [-96.55475296632747, 32.842624221832814], [-96.55473017238391, 32.84255178586969], [-96.55488169514891, 32.842466152977984], [-96.55494595364209, 32.84249286098561], [-96.55576093879229, 32.84191794447184], [-96.55593395167692, 32.84167414660179], [-96.55602689645805, 32.84133564424175], [-96.5560302431138, 32.840531811550086], [-96.55596353043815, 32.840504276720026], [-96.55596368260024, 32.840350349223996], [-96.5560350785291, 32.84032297892958], [-96.55616600667518, 32.83993787196109], [-96.55645916149733, 32.83962278701444], [-96.55644313199977, 32.83954807208998], [-96.5576390720018, 32.83896970527072], [-96.55764769212598, 32.83692995503796], [-96.5574499374187, 32.83666676147259], [-96.55779961289005, 32.83647951023412], [-96.55758876926669, 32.8361958771455], [-96.55886115673293, 32.83549173919245], [-96.55994368215192, 32.83478358902755], [-96.56030553594887, 32.83545635147578], [-96.56046071129477, 32.836049631707255], [-96.5604702063034, 32.840860631782796], [-96.55626104913966, 32.84084804264366], [-96.55625924538536, 32.84134119840013], [-96.55622342994175, 32.841340986696494], [-96.55615632607142, 32.84167273539519], [-96.55596784723113, 32.8419693003965], [-96.55562650605417, 32.84227382427197]]]}, "properties": {"title": "FIRESIDE BY THE LAKE NO 1 | 20 Future Lots", "description": "No Town | Single-Family | Total 142 | Built 121 | Future Lots 20 | Future Units not quantified | 1_parcels_with_year_built_since_2024", "feature_role": "project_boundary", "legend_category": "Other Active Residential", "rank": null, "project_id": "DCAD-SUBD-05425-090da97825", "subdivision_number": "05425", "subdivision_name": "FIRESIDE BY THE LAKE NO 1", "city": "No Town", "housing_type": "Single-Family", "total_lots": 142, "built_lots": 121, "future_lots": 20, "future_units": null, "activity_status": "active_residential", "active_evidence": "1_parcels_with_year_built_since_2024", "match_confidence": 1.0, "review_status": "high_confidence_spatial_subset", "source_snapshot_date": "GIS parcel 2026-07-10; subdivision 2026-06-27; appraisal retrieved 2026-08-13 (2027 current)", "stroke": "#176B66", "stroke-width": 1, "stroke-opacity": 0.7, "fill": "#2A9D8F", "fill-opacity": 0.22}}, {"type": "Feature", "geometry": {"type": "Polygon", "coordinates": [[[-97.00512786602712, 32.80633843197154], [-97.00513734367703, 32.80573096886632], [-97.00572627684146, 32.805743435963564], [-97.00571676507776, 32.80522215283192], [-97.00720778690514, 32.80525527437196], [-97.0072207977752, 32.80698623015725], [-97.00581952272142, 32.80695795747374], [-97.00580770617724, 32.80661425171718], [-97.00512779879034, 32.80660060245869], [-97.00512786602712, 32.80633843197154]]]}, "properties": {"title": "GILBERT VILLAS | 20 Future Lots", "description": "Grand Prairie | Single-Family | Total 61 | Built 41 | Future Lots 20 | Future Units not quantified | 41_parcels_with_year_built_since_2024; 8_parcels_with_incomplete_official_structure_records", "feature_role": "project_boundary", "legend_category": "Other Active Residential", "rank": null, "project_id": "DCAD-SUBD-07005-ffb73e4dae", "subdivision_number": "07005", "subdivision_name": "GILBERT VILLAS", "city": "Grand Prairie", "housing_type": "Single-Family", "total_lots": 61, "built_lots": 41, "future_lots": 20, "future_units": null, "activity_status": "active_residential", "active_evidence": "41_parcels_with_year_built_since_2024; 8_parcels_with_incomplete_official_structure_records", "match_confidence": 1.0, "review_status": "high_confidence_spatial_subset", "source_snapshot_date": "GIS parcel 2026-07-10; subdivision 2026-06-27; appraisal retrieved 2026-08-13 (2027 current)", "stroke": "#176B66", "stroke-width": 1, "stroke-opacity": 0.7, "fill": "#2A9D8F", "fill-opacity": 0.22}}, {"type": "Feature", "geometry": {"type": "Polygon", "coordinates": [[[-96.59177667245821, 32.6902604810951], [-96.5941442206136, 32.68834634248545], [-96.59480118865893, 32.68892982979103], [-96.59246301074685, 32.6908459054747], [-96.59177667245821, 32.6902604810951]]]}, "properties": {"title": "ESTATES ON SEAGOVILLE ROAD | 20 Future Lots", "description": "Dallas | Single-Family | Total 29 | Built 9 | Future Lots 20 | Future Units 20 | 9_parcels_with_year_built_since_2024", "feature_role": "project_boundary", "legend_category": "Other Active Residential", "rank": null, "project_id": "DCAD-SUBD-ROW7567-56e0e65b61", "subdivision_number": null, "subdivision_name": "ESTATES ON SEAGOVILLE ROAD", "city": "Dallas", "housing_type": "Single-Family", "total_lots": 29, "built_lots": 9, "future_lots": 20, "future_units": 20, "activity_status": "active_residential", "active_evidence": "9_parcels_with_year_built_since_2024", "match_confidence": 0.99988, "review_status": "high_confidence_spatial_subset", "source_snapshot_date": "GIS parcel 2026-07-10; subdivision 2026-06-27; appraisal retrieved 2026-08-13 (2027 current)", "stroke": "#176B66", "stroke-width": 1, "stroke-opacity": 0.7, "fill": "#2A9D8F", "fill-opacity": 0.22}}, {"type": "Feature", "geometry": {"type": "Polygon", "coordinates": [[[-97.01961901580482, 32.55642592063738], [-97.02023225720428, 32.556187562570756], [-97.01941893612702, 32.554470075089256], [-97.01795984935416, 32.5539142939802], [-97.01884078137988, 32.55319189428411], [-97.01789904763983, 32.55246792759164], [-97.01785365836054, 32.55261088752247], [-97.01787659795518, 32.55274675455574], [-97.01780467471552, 32.552815854141876], [-97.01770393574212, 32.55283184287961], [-97.01755388885255, 32.55375965601607], [-97.01719370147009, 32.553622470486786], [-97.01599429029031, 32.552862255074324], [-97.01354218415894, 32.553180392249], [-97.01362703493378, 32.54848009677266], [-97.01433980039415, 32.54848450495386], [-97.02208211006341, 32.55525676320989], [-97.02625787076931, 32.555316719923255], [-97.02626084489516, 32.55594302017004], [-97.02634231527881, 32.55601291457496], [-97.02634224460527, 32.55617786793977], [-97.02626185143147, 32.55624545023579], [-97.0257506958007, 32.55832760291008], [-97.0258140936854, 32.55840416641426], [-97.025783626456, 32.55856711735682], [-97.02570384373398, 32.55862248575937], [-97.02577416275311, 32.559077468416675], [-97.02616057983026, 32.55996654430534], [-97.0229186555504, 32.55997755275043], [-97.02327600533481, 32.55997632732012], [-97.02372266103765, 32.55931520725911], [-97.02364431710302, 32.559210958372915], [-97.0237079232174, 32.55908754675493], [-97.02365141023473, 32.55874064600125], [-97.02249316151514, 32.5591127296893], [-97.02214733761292, 32.55840969604595], [-97.02179493827485, 32.55742102178992], [-97.02154864092704, 32.55722662449737], [-97.02032129390227, 32.55813221702176], [-97.02007651910532, 32.55783875706349], [-97.02009598208105, 32.55774296968366], [-97.01998362285336, 32.5576082625012], [-97.01987051588696, 32.557591779446405], [-97.01991420063167, 32.55750626507164], [-97.01988344486084, 32.557416805667465], [-97.01976473214991, 32.55736065160568], [-97.01965866101538, 32.557385388459906], [-97.01958375501981, 32.55729558387017], [-97.01961901580482, 32.55642592063738]]]}, "properties": {"title": "LAKERIDGE SECTION 19 AMENDED | 21 Future Lots", "description": "Grand Prairie | Single-Family | Total 44 | Built 23 | Future Lots 21 | Future Units 21 | 1_parcels_with_year_built_since_2024; 1_parcels_with_incomplete_official_structure_records", "feature_role": "project_boundary", "legend_category": "Other Active Residential", "rank": null, "project_id": "DCAD-SUBD-12092-2d7e00327b", "subdivision_number": "12092", "subdivision_name": "LAKERIDGE SECTION 19 AMENDED", "city": "Grand Prairie", "housing_type": "Single-Family", "total_lots": 44, "built_lots": 23, "future_lots": 21, "future_units": 21, "activity_status": "active_residential", "active_evidence": "1_parcels_with_year_built_since_2024; 1_parcels_with_incomplete_official_structure_records", "match_confidence": 0.999999, "review_status": "high_confidence_spatial_subset", "source_snapshot_date": "GIS parcel 2026-07-10; subdivision 2026-06-27; appraisal retrieved 2026-08-13 (2027 current)", "stroke": "#176B66", "stroke-width": 1, "stroke-opacity": 0.7, "fill": "#2A9D8F", "fill-opacity": 0.22}}, {"type": "Feature", "geometry": {"type": "Polygon", "coordinates": [[[-96.78165352885836, 32.63365386698455], [-96.78175111814554, 32.63357961548643], [-96.78191696716496, 32.633554115874716], [-96.78233247095471, 32.63363804240757], [-96.78271622985245, 32.63344006084068], [-96.78300888790031, 32.633350024291474], [-96.7837328991401, 32.632891446577965], [-96.78594259580866, 32.63105305319177], [-96.78632768678277, 32.63083544075327], [-96.78678992337349, 32.631520253131306], [-96.78587809654105, 32.6319572408131], [-96.78603819274208, 32.632196414595626], [-96.78611876189433, 32.632313763940196], [-96.78703177020239, 32.63188437833902], [-96.78687814965676, 32.631650961167246], [-96.78692607757151, 32.63162774506837], [-96.7895704513503, 32.63555997909548], [-96.78891379275314, 32.63587706649986], [-96.78842637768956, 32.635154489011185], [-96.78814861791065, 32.635282891935944], [-96.78864399239929, 32.63600744965633], [-96.7849171522463, 32.637808373049694], [-96.78274755738464, 32.63502611399664], [-96.78385425117709, 32.63449085366176], [-96.78353068527724, 32.63401412780378], [-96.78238899536309, 32.634566312588035], [-96.78165352885836, 32.63365386698455]], [[-96.78865439089584, 32.63425756906802], [-96.78774312219613, 32.634689745408814], [-96.78782446538864, 32.63480872073342], [-96.78873467742659, 32.63437704742946], [-96.78865439089584, 32.63425756906802]]]}, "properties": {"title": "LANCASTER GARDENS | 24 Future Lots", "description": "Lancaster | Single-Family | Total 65 | Built 40 | Future Lots 24 | Future Units 24 | 1_parcels_with_year_built_since_2024; 1_parcels_with_incomplete_official_structure_records", "feature_role": "project_boundary", "legend_category": "Other Active Residential", "rank": null, "project_id": "DCAD-SUBD-04550-1d06eddaa1", "subdivision_number": "04550", "subdivision_name": "LANCASTER GARDENS", "city": "Lancaster", "housing_type": "Single-Family", "total_lots": 65, "built_lots": 40, "future_lots": 24, "future_units": 24, "activity_status": "active_residential", "active_evidence": "1_parcels_with_year_built_since_2024; 1_parcels_with_incomplete_official_structure_records", "match_confidence": 1.0, "review_status": "high_confidence_spatial_subset", "source_snapshot_date": "GIS parcel 2026-07-10; subdivision 2026-06-27; appraisal retrieved 2026-08-13 (2027 current)", "stroke": "#176B66", "stroke-width": 1, "stroke-opacity": 0.7, "fill": "#2A9D8F", "fill-opacity": 0.22}}, {"type": "Feature", "geometry": {"type": "Polygon", "coordinates": [[[-96.55270123743615, 32.727201888888146], [-96.55464410422205, 32.72557107336619], [-96.55664786666995, 32.72729577448656], [-96.55428499195611, 32.72924880799369], [-96.55354045510718, 32.728606117322265], [-96.55282837826478, 32.72919547188071], [-96.5519400405525, 32.72843548964642], [-96.5526530278821, 32.727840060784], [-96.55308737447326, 32.72754709595359], [-96.55270123743615, 32.727201888888146]]]}, "properties": {"title": "RIDGE RANCH PH 5 | 24 Future Lots", "description": "Mesquite | Single-Family | Total 75 | Built 51 | Future Lots 24 | Future Units 24 | 20_parcels_with_year_built_since_2024; 3_parcels_with_incomplete_official_structure_records", "feature_role": "project_boundary", "legend_category": "Other Active Residential", "rank": null, "project_id": "DCAD-SUBD-16157-15906e1f6e", "subdivision_number": "16157", "subdivision_name": "RIDGE RANCH PH 5", "city": "Mesquite", "housing_type": "Single-Family", "total_lots": 75, "built_lots": 51, "future_lots": 24, "future_units": 24, "activity_status": "active_residential", "active_evidence": "20_parcels_with_year_built_since_2024; 3_parcels_with_incomplete_official_structure_records", "match_confidence": 0.999999, "review_status": "high_confidence_spatial_subset", "source_snapshot_date": "GIS parcel 2026-07-10; subdivision 2026-06-27; appraisal retrieved 2026-08-13 (2027 current)", "stroke": "#176B66", "stroke-width": 1, "stroke-opacity": 0.7, "fill": "#2A9D8F", "fill-opacity": 0.22}}, {"type": "Feature", "geometry": {"type": "Polygon", "coordinates": [[[-96.91760018633099, 32.91594340086508], [-96.91729186287822, 32.91594063622014], [-96.91727970888824, 32.91660186569651], [-96.91783850578287, 32.91651053979184], [-96.91791212706175, 32.91645215328264], [-96.91813847400894, 32.91685955865821], [-96.91808854594746, 32.91694469079539], [-96.91738721637192, 32.91704921455583], [-96.91571976103697, 32.917065266311816], [-96.91572422340589, 32.91576344190891], [-96.91753136011086, 32.91578708367696], [-96.91769873975613, 32.91575727923302], [-96.91770381966533, 32.915968592695776], [-96.91760018633099, 32.91594340086508]]]}, "properties": {"title": "MERCER CROSSING TOWNHOMES | 25 Future Lots", "description": "Farmers Branch | Single-Family | Total 55 | Built 30 | Future Lots 25 | Future Units 25 | 30_parcels_with_year_built_since_2024; 4_parcels_with_incomplete_official_structure_records", "feature_role": "project_boundary", "legend_category": "Other Active Residential", "rank": null, "project_id": "DCAD-SUBD-11604-770c5663e7", "subdivision_number": "11604", "subdivision_name": "MERCER CROSSING TOWNHOMES", "city": "Farmers Branch", "housing_type": "Single-Family", "total_lots": 55, "built_lots": 30, "future_lots": 25, "future_units": 25, "activity_status": "active_residential", "active_evidence": "30_parcels_with_year_built_since_2024; 4_parcels_with_incomplete_official_structure_records", "match_confidence": 1.0, "review_status": "high_confidence_spatial_subset", "source_snapshot_date": "GIS parcel 2026-07-10; subdivision 2026-06-27; appraisal retrieved 2026-08-13 (2027 current)", "stroke": "#176B66", "stroke-width": 1, "stroke-opacity": 0.7, "fill": "#2A9D8F", "fill-opacity": 0.22}}, {"type": "Feature", "geometry": {"type": "Polygon", "coordinates": [[[-96.8106637392753, 32.909647961427886], [-96.81325431335227, 32.909657536763696], [-96.81329030234734, 32.91008172885801], [-96.81299979023973, 32.91017886403535], [-96.81080065015597, 32.910170725834796], [-96.81065326111032, 32.90991866020682], [-96.8106637392753, 32.909647961427886]]]}, "properties": {"title": "MELSHIRE PARK | 26 Future Lots", "description": "Dallas | Single-Family | Total 30 | Built 4 | Future Lots 26 | Future Units 26 | 4_parcels_with_year_built_since_2024; 4_parcels_with_incomplete_official_structure_records", "feature_role": "project_boundary", "legend_category": "Other Active Residential", "rank": null, "project_id": "DCAD-SUBD-ROW15531-7fbc897d3a", "subdivision_number": null, "subdivision_name": "MELSHIRE PARK", "city": "Dallas", "housing_type": "Single-Family", "total_lots": 30, "built_lots": 4, "future_lots": 26, "future_units": 26, "activity_status": "active_residential", "active_evidence": "4_parcels_with_year_built_since_2024; 4_parcels_with_incomplete_official_structure_records", "match_confidence": 1.0, "review_status": "high_confidence_spatial_subset", "source_snapshot_date": "GIS parcel 2026-07-10; subdivision 2026-06-27; appraisal retrieved 2026-08-13 (2027 current)", "stroke": "#176B66", "stroke-width": 1, "stroke-opacity": 0.7, "fill": "#2A9D8F", "fill-opacity": 0.22}}, {"type": "Feature", "geometry": {"type": "Polygon", "coordinates": [[[-97.027733675242, 32.68534494735288], [-97.02771451286533, 32.68920213194903], [-97.02692109246873, 32.6892036600785], [-97.02693538298261, 32.68287675406851], [-97.02669961299426, 32.6828826804788], [-97.02669392530657, 32.682720823544024], [-97.0276968818153, 32.68269561342467], [-97.02768166880979, 32.68534494260363], [-97.027733675242, 32.68534494735288]]]}, "properties": {"title": "CB JENI TOWNHOMES AT THE SLINK | 26 Future Lots", "description": "Grand Prairie | Single-Family | Total 70 | Built 44 | Future Lots 26 | Future Units not quantified | 44_parcels_with_year_built_since_2024; 10_parcels_with_incomplete_official_structure_records", "feature_role": "project_boundary", "legend_category": "Other Active Residential", "rank": null, "project_id": "DCAD-SUBD-02451-4aa3cea2dc", "subdivision_number": "02451", "subdivision_name": "CB JENI TOWNHOMES AT THE SLINK", "city": "Grand Prairie", "housing_type": "Single-Family", "total_lots": 70, "built_lots": 44, "future_lots": 26, "future_units": null, "activity_status": "active_residential", "active_evidence": "44_parcels_with_year_built_since_2024; 10_parcels_with_incomplete_official_structure_records", "match_confidence": 1.0, "review_status": "high_confidence_spatial_subset", "source_snapshot_date": "GIS parcel 2026-07-10; subdivision 2026-06-27; appraisal retrieved 2026-08-13 (2027 current)", "stroke": "#176B66", "stroke-width": 1, "stroke-opacity": 0.7, "fill": "#2A9D8F", "fill-opacity": 0.22}}, {"type": "Feature", "geometry": {"type": "Polygon", "coordinates": [[[-96.73069845071817, 32.877083512256085], [-96.72926569424817, 32.877155454997606], [-96.72908126675647, 32.874988152027214], [-96.73053977157502, 32.874906208290824], [-96.73069845071817, 32.877083512256085]]]}, "properties": {"title": "WHITE ROCK BLUFFS | 27 Future Lots", "description": "Dallas | Single-Family | Total 34 | Built 7 | Future Lots 27 | Future Units 27 | 7_parcels_with_year_built_since_2024; 1_parcels_with_incomplete_official_structure_records", "feature_role": "project_boundary", "legend_category": "Other Active Residential", "rank": null, "project_id": "DCAD-SUBD-ROW28066-b5744a49da", "subdivision_number": null, "subdivision_name": "WHITE ROCK BLUFFS", "city": "Dallas", "housing_type": "Single-Family", "total_lots": 34, "built_lots": 7, "future_lots": 27, "future_units": 27, "activity_status": "active_residential", "active_evidence": "7_parcels_with_year_built_since_2024; 1_parcels_with_incomplete_official_structure_records", "match_confidence": 0.999873, "review_status": "high_confidence_spatial_subset", "source_snapshot_date": "GIS parcel 2026-07-10; subdivision 2026-06-27; appraisal retrieved 2026-08-13 (2027 current)", "stroke": "#176B66", "stroke-width": 1, "stroke-opacity": 0.7, "fill": "#2A9D8F", "fill-opacity": 0.22}}, {"type": "Feature", "geometry": {"type": "Polygon", "coordinates": [[[-96.65310974456787, 32.659004261767414], [-96.65237024872894, 32.65877848552086], [-96.65450681133626, 32.656950335781865], [-96.65485205091856, 32.65723936149274], [-96.65502526140726, 32.657081939938436], [-96.65521486320195, 32.657090231888766], [-96.65489898224124, 32.65739681281462], [-96.65622767701993, 32.65831779068877], [-96.65654738619166, 32.657982953602804], [-96.6566603681883, 32.65805864553794], [-96.6570601901278, 32.65759237613663], [-96.65907898917582, 32.65896482103857], [-96.65915893499243, 32.65889818544058], [-96.65963463211382, 32.65930047433383], [-96.65814174704275, 32.660547628795214], [-96.65310974456787, 32.659004261767414]]]}, "properties": {"title": "MIDDLEFIELD PH 2 | 27 Future Lots", "description": "Dallas | Single-Family | Total 86 | Built 59 | Future Lots 27 | Future Units not quantified | 59_parcels_with_year_built_since_2024; 2_parcels_with_incomplete_official_structure_records", "feature_role": "project_boundary", "legend_category": "Other Active Residential", "rank": null, "project_id": "DCAD-SUBD-ROW15801-35b1820001", "subdivision_number": null, "subdivision_name": "MIDDLEFIELD PH 2", "city": "Dallas", "housing_type": "Single-Family", "total_lots": 86, "built_lots": 59, "future_lots": 27, "future_units": null, "activity_status": "active_residential", "active_evidence": "59_parcels_with_year_built_since_2024; 2_parcels_with_incomplete_official_structure_records", "match_confidence": 1.0, "review_status": "high_confidence_spatial_subset", "source_snapshot_date": "GIS parcel 2026-07-10; subdivision 2026-06-27; appraisal retrieved 2026-08-13 (2027 current)", "stroke": "#176B66", "stroke-width": 1, "stroke-opacity": 0.7, "fill": "#2A9D8F", "fill-opacity": 0.22}}, {"type": "Feature", "geometry": {"type": "Polygon", "coordinates": [[[-97.01333561606891, 32.82561097159435], [-97.01336489591574, 32.82464411535972], [-97.01342389808075, 32.82458981291505], [-97.01420683773758, 32.8244418458555], [-97.01413556871967, 32.82454859324306], [-97.01414387298162, 32.82466275521525], [-97.01440248034604, 32.82459769991893], [-97.01612322523084, 32.824612987185965], [-97.01599942198207, 32.82449668929295], [-97.01606291296764, 32.824365946872106], [-97.01619285470721, 32.82434137002028], [-97.01625967448166, 32.82426765810212], [-97.01661771013615, 32.82427353701403], [-97.01658163113645, 32.82584001307147], [-97.0162561388841, 32.82583466793569], [-97.01624854141065, 32.82616445281935], [-97.01657403652331, 32.82616979662004], [-97.01655664812638, 32.826924727643146], [-97.01640344249665, 32.828375935081716], [-97.01324890416933, 32.828347898583104], [-97.01333561606891, 32.82561097159435]], [[-97.01482816920682, 32.82788913833369], [-97.01484066461884, 32.82734709458734], [-97.01479943320955, 32.827346416849345], [-97.01486436487754, 32.82631895569511], [-97.01477032438086, 32.82641306512968], [-97.01464231356482, 32.826415910823705], [-97.01453960004001, 32.826288057343724], [-97.01441751729104, 32.82628797006044], [-97.01402538179435, 32.82581478239748], [-97.01359877613847, 32.825811051323655], [-97.01374117469707, 32.826121146044805], [-97.0139150572414, 32.82615205098222], [-97.01396150596848, 32.82623200036834], [-97.01394016007382, 32.82631920758241], [-97.01409792876991, 32.826397919517326], [-97.01412586375739, 32.826837949776966], [-97.01427576053956, 32.827004041924994], [-97.01444602925513, 32.82744602319046], [-97.01444054684305, 32.82788569279129], [-97.01482816920682, 32.82788913833369]], [[-97.01604669339108, 32.82545620890864], [-97.01609647739515, 32.825415415169964], [-97.01610090875735, 32.82522303960765], [-97.0157403467982, 32.82521983687801], [-97.0157374350414, 32.82545346414769], [-97.01604669339108, 32.82545620890864]]]}, "properties": {"title": "VALENCIA ESTATES | 27 Future Lots", "description": "Irving | Single-Family | Total 127 | Built 100 | Future Lots 27 | Future Units 27 | 2_parcels_with_year_built_since_2024; 1_parcels_with_incomplete_official_structure_records", "feature_role": "project_boundary", "legend_category": "Other Active Residential", "rank": null, "project_id": "DCAD-SUBD-80415-b7b325edbc", "subdivision_number": "80415", "subdivision_name": "VALENCIA ESTATES", "city": "Irving", "housing_type": "Single-Family", "total_lots": 127, "built_lots": 100, "future_lots": 27, "future_units": 27, "activity_status": "active_residential", "active_evidence": "2_parcels_with_year_built_since_2024; 1_parcels_with_incomplete_official_structure_records", "match_confidence": 1.0, "review_status": "high_confidence_spatial_subset", "source_snapshot_date": "GIS parcel 2026-07-10; subdivision 2026-06-27; appraisal retrieved 2026-08-13 (2027 current)", "stroke": "#176B66", "stroke-width": 1, "stroke-opacity": 0.7, "fill": "#2A9D8F", "fill-opacity": 0.22}}, {"type": "Feature", "geometry": {"type": "Polygon", "coordinates": [[[-97.01319664665117, 32.8323082898653], [-97.01321412902466, 32.83167625571884], [-97.01363726185316, 32.83168459758807], [-97.01365701961439, 32.83097012479322], [-97.0137524614591, 32.83059423590369], [-97.01426523319421, 32.829816063063866], [-97.01579499102287, 32.829846201896515], [-97.01583319738246, 32.82960092902162], [-97.01632129604639, 32.82961420704053], [-97.01569802824562, 32.83233891484169], [-97.01319664665117, 32.8323082898653]]]}, "properties": {"title": "VILLAS AT WILDBRIAR LAKE | 28 Future Lots", "description": "Irving | Single-Family | Total 49 | Built 21 | Future Lots 28 | Future Units 28 | 1_parcels_with_year_built_since_2024; 2_parcels_with_incomplete_official_structure_records", "feature_role": "project_boundary", "legend_category": "Other Active Residential", "rank": null, "project_id": "DCAD-SUBD-82460-5cf6e76ddf", "subdivision_number": "82460", "subdivision_name": "VILLAS AT WILDBRIAR LAKE", "city": "Irving", "housing_type": "Single-Family", "total_lots": 49, "built_lots": 21, "future_lots": 28, "future_units": 28, "activity_status": "active_residential", "active_evidence": "1_parcels_with_year_built_since_2024; 2_parcels_with_incomplete_official_structure_records", "match_confidence": 0.999999, "review_status": "high_confidence_spatial_subset", "source_snapshot_date": "GIS parcel 2026-07-10; subdivision 2026-06-27; appraisal retrieved 2026-08-13 (2027 current)", "stroke": "#176B66", "stroke-width": 1, "stroke-opacity": 0.7, "fill": "#2A9D8F", "fill-opacity": 0.22}}, {"type": "Feature", "geometry": {"type": "Polygon", "coordinates": [[[-96.82851156586324, 32.80985624917579], [-96.82846441580803, 32.80982036558529], [-96.82836319664845, 32.8099152106236], [-96.82842355200098, 32.80997433644181], [-96.82830381010479, 32.81042198241569], [-96.82796893774203, 32.81076854806905], [-96.8270411565703, 32.809997146224255], [-96.82841185528622, 32.808712709989656], [-96.82874724110626, 32.80885546066503], [-96.82902401991396, 32.80921997309219], [-96.82898307907169, 32.809326514682226], [-96.82860906428112, 32.80967698355423], [-96.82866083258536, 32.809716380605444], [-96.82851156586324, 32.80985624917579]]]}, "properties": {"title": "CEDAR BRANCH TOWNHOME | 29 Future Lots", "description": "Dallas | Single-Family | Total 92 | Built 63 | Future Lots 29 | Future Units not quantified | 17_parcels_with_year_built_since_2024; 6_parcels_with_incomplete_official_structure_records", "feature_role": "project_boundary", "legend_category": "Other Active Residential", "rank": null, "project_id": "DCAD-SUBD-ROW3858-54053ace9c", "subdivision_number": null, "subdivision_name": "CEDAR BRANCH TOWNHOME", "city": "Dallas", "housing_type": "Single-Family", "total_lots": 92, "built_lots": 63, "future_lots": 29, "future_units": null, "activity_status": "active_residential", "active_evidence": "17_parcels_with_year_built_since_2024; 6_parcels_with_incomplete_official_structure_records", "match_confidence": 0.999999, "review_status": "high_confidence_spatial_subset", "source_snapshot_date": "GIS parcel 2026-07-10; subdivision 2026-06-27; appraisal retrieved 2026-08-13 (2027 current)", "stroke": "#176B66", "stroke-width": 1, "stroke-opacity": 0.7, "fill": "#2A9D8F", "fill-opacity": 0.22}}, {"type": "Feature", "geometry": {"type": "Polygon", "coordinates": [[[-96.91799738373263, 32.837812404798335], [-96.919831635214, 32.83779510847233], [-96.91997803965293, 32.83792264226718], [-96.92025523725412, 32.83877187677307], [-96.92030161066398, 32.839100032654926], [-96.92021874354533, 32.83964497214722], [-96.9198951879822, 32.84020218013405], [-96.91957626704009, 32.84049609597364], [-96.9181202192182, 32.84156934307779], [-96.91802835253738, 32.84156411488852], [-96.91742526401904, 32.84098103162506], [-96.91750143190197, 32.83790437485682], [-96.91757482055598, 32.83790390617236], [-96.91757402114364, 32.83781512428381], [-96.91799738373263, 32.837812404798335]]]}, "properties": {"title": "GRAND BRANIFF PARK | 30 Future Lots", "description": "Irving | Single-Family | Total 86 | Built 56 | Future Lots 30 | Future Units not quantified | 40_parcels_with_year_built_since_2024; 7_parcels_with_incomplete_official_structure_records", "feature_role": "project_boundary", "legend_category": "Other Active Residential", "rank": null, "project_id": "DCAD-SUBD-98714-d5b0bd6a9b", "subdivision_number": "98714", "subdivision_name": "GRAND BRANIFF PARK", "city": "Irving", "housing_type": "Single-Family", "total_lots": 86, "built_lots": 56, "future_lots": 30, "future_units": null, "activity_status": "active_residential", "active_evidence": "40_parcels_with_year_built_since_2024; 7_parcels_with_incomplete_official_structure_records", "match_confidence": 0.999986, "review_status": "high_confidence_spatial_subset", "source_snapshot_date": "GIS parcel 2026-07-10; subdivision 2026-06-27; appraisal retrieved 2026-08-13 (2027 current)", "stroke": "#176B66", "stroke-width": 1, "stroke-opacity": 0.7, "fill": "#2A9D8F", "fill-opacity": 0.22}}, {"type": "Feature", "geometry": {"type": "Polygon", "coordinates": [[[-96.78569889960778, 32.63969854917738], [-96.78534198661308, 32.639236899212975], [-96.78485999415328, 32.63946978335373], [-96.78469575734793, 32.63923596405995], [-96.78516342484839, 32.63901185445944], [-96.78458053384358, 32.63826441458878], [-96.78416377453249, 32.638465451160265], [-96.78408654402926, 32.63839261792687], [-96.78699583209915, 32.636948761172185], [-96.7905164984968, 32.63529209103542], [-96.790490857632, 32.63539200108928], [-96.79135288831422, 32.63666090312579], [-96.79181680971519, 32.63644499352628], [-96.79115318053434, 32.63546388207121], [-96.79161909193525, 32.63524539175947], [-96.7914147492372, 32.634942043151554], [-96.79129204509874, 32.63491728097091], [-96.7914479897355, 32.634851691732976], [-96.79422998279594, 32.63890490934605], [-96.79321981474237, 32.639403589339736], [-96.79330167333703, 32.639522299942996], [-96.79431184228045, 32.63902361928535], [-96.79570351459525, 32.6410438823428], [-96.78845913802724, 32.644624824088254], [-96.78518689671127, 32.63994488540529], [-96.78569889960778, 32.63969854917738]], [[-96.7884270089298, 32.64266763216699], [-96.78854496780994, 32.64281995262394], [-96.78926294893712, 32.642467064369235], [-96.78915401776784, 32.64230898314035], [-96.7884270089298, 32.64266763216699]], [[-96.78779114935128, 32.641844231783836], [-96.78857073415492, 32.641467888061534], [-96.78848917692092, 32.641349029986955], [-96.78770220864158, 32.641728930437054], [-96.78779114935128, 32.641844231783836]], [[-96.78711163014721, 32.64094515538275], [-96.78734526335386, 32.64126555412915], [-96.78815509137294, 32.64087599048847], [-96.78793256232962, 32.640548997325745], [-96.78711163014721, 32.64094515538275]], [[-96.7920983129599, 32.64106131947528], [-96.7923531944337, 32.640940097987105], [-96.79203818438833, 32.64044674204293], [-96.79194327168993, 32.64037129944405], [-96.79187246249066, 32.640525562458784], [-96.7917833038732, 32.64056796426073], [-96.7920983129599, 32.64106131947528]], [[-96.78721634002734, 32.6392218073827], [-96.78737213474726, 32.63944985322911], [-96.78839100273333, 32.63898211944359], [-96.7882278040036, 32.638744327523035], [-96.78721634002734, 32.6392218073827]], [[-96.78908071978258, 32.63802888468027], [-96.78891346684381, 32.63778531686388], [-96.78789968131423, 32.638266346713465], [-96.78806440260007, 32.6385063071513], [-96.78908071978258, 32.63802888468027]], [[-96.78960232671427, 32.63573112759811], [-96.78927087977465, 32.63588892370774], [-96.78984357260315, 32.63673886942592], [-96.79017254567728, 32.636581422567396], [-96.78960232671427, 32.63573112759811]], [[-96.79007576896683, 32.635507020347404], [-96.78993386400656, 32.635573892684], [-96.79021489058782, 32.63598621522741], [-96.7903566191733, 32.63591907622001], [-96.79007576896683, 32.635507020347404]]]}, "properties": {"title": "CEDARDALE HIGHLANDS | 30 Future Lots", "description": "Lancaster | Single-Family | Total 223 | Built 192 | Future Lots 30 | Future Units 30 | 1_parcels_with_year_built_since_2024", "feature_role": "project_boundary", "legend_category": "Other Active Residential", "rank": null, "project_id": "DCAD-SUBD-02850-e0a17e57c4", "subdivision_number": "02850", "subdivision_name": "CEDARDALE HIGHLANDS", "city": "Lancaster", "housing_type": "Single-Family", "total_lots": 223, "built_lots": 192, "future_lots": 30, "future_units": 30, "activity_status": "active_residential", "active_evidence": "1_parcels_with_year_built_since_2024", "match_confidence": 0.999584, "review_status": "high_confidence_spatial_subset", "source_snapshot_date": "GIS parcel 2026-07-10; subdivision 2026-06-27; appraisal retrieved 2026-08-13 (2027 current)", "stroke": "#176B66", "stroke-width": 1, "stroke-opacity": 0.7, "fill": "#2A9D8F", "fill-opacity": 0.22}}, {"type": "Feature", "geometry": {"type": "Polygon", "coordinates": [[[-96.59793143056699, 32.730513472363384], [-96.59716542926121, 32.72982822943995], [-96.59711713303194, 32.72986703572354], [-96.59628875037669, 32.72913392385933], [-96.59714206660247, 32.72846690245527], [-96.59700771345355, 32.72837920502954], [-96.59694975305, 32.7284236296877], [-96.59655926856007, 32.728139634362826], [-96.59696303674347, 32.72782883185708], [-96.59537181389133, 32.72656284623312], [-96.59373993487857, 32.72556433087195], [-96.59166986700433, 32.72461874157904], [-96.58986416515559, 32.72416206077784], [-96.58962309531555, 32.72417022386362], [-96.58892025050152, 32.72431863365403], [-96.58862549694429, 32.72428937801418], [-96.58836555470681, 32.72416832834447], [-96.58781967119636, 32.72370355591961], [-96.59082460289842, 32.721212644759945], [-96.58980720793984, 32.720323443108676], [-96.59233730716677, 32.71825768856219], [-96.59761144014333, 32.72281541347235], [-96.59422081194192, 32.72562174404639], [-96.5953044727394, 32.726301682755874], [-96.59855057687881, 32.72360849245481], [-96.59984188802969, 32.724719461429764], [-96.59869412036058, 32.72569462600239], [-96.5980855091665, 32.725161474479975], [-96.59739548067225, 32.72572639239915], [-96.59802958661695, 32.7262593532862], [-96.59741584900226, 32.72678090483057], [-96.59833318928976, 32.72755961356317], [-96.60077530621503, 32.72549938228783], [-96.60226133179692, 32.72676747688015], [-96.60225541915038, 32.727012306605154], [-96.5969947250862, 32.73134317060064], [-96.59695729982613, 32.73130982025445], [-96.59793143056699, 32.730513472363384]], [[-96.59161502696186, 32.723521264114495], [-96.59122998476685, 32.723265697046585], [-96.59040551340948, 32.72409793292333], [-96.59093851799513, 32.72426447894732], [-96.59161502696186, 32.723521264114495]], [[-96.59004192065441, 32.72348088078234], [-96.58958217817657, 32.72309285727099], [-96.5893532536806, 32.72328718785633], [-96.58981249461354, 32.723675168760664], [-96.59004192065441, 32.72348088078234]], [[-96.59008731124894, 32.723139338966085], [-96.59026001076613, 32.723289871174345], [-96.59047748540726, 32.723093863318056], [-96.59003145116887, 32.72269837084514], [-96.58980605169972, 32.72289417775405], [-96.59008731124894, 32.723139338966085]], [[-96.59214620758873, 32.72146606385944], [-96.59163971028005, 32.72156661304811], [-96.59192039434333, 32.72259207155765], [-96.59255322788741, 32.72255122659141], [-96.59259362561714, 32.72175121848939], [-96.5924095765122, 32.72151510296981], [-96.59214620758873, 32.72146606385944]]]}, "properties": {"title": "MEADOW LAKE | 32 Future Lots", "description": "Balch Springs | Single-Family | Total 50 | Built 17 | Future Lots 32 | Future Units 32 | 1_parcels_with_year_built_since_2024; 1_parcels_with_incomplete_official_structure_records", "feature_role": "project_boundary", "legend_category": "Other Active Residential", "rank": null, "project_id": "DCAD-SUBD-12350-6a68ff9f41", "subdivision_number": "12350", "subdivision_name": "MEADOW LAKE", "city": "Balch Springs", "housing_type": "Single-Family", "total_lots": 50, "built_lots": 17, "future_lots": 32, "future_units": 32, "activity_status": "active_residential", "active_evidence": "1_parcels_with_year_built_since_2024; 1_parcels_with_incomplete_official_structure_records", "match_confidence": 1.0, "review_status": "high_confidence_spatial_subset", "source_snapshot_date": "GIS parcel 2026-07-10; subdivision 2026-06-27; appraisal retrieved 2026-08-13 (2027 current)", "stroke": "#176B66", "stroke-width": 1, "stroke-opacity": 0.7, "fill": "#2A9D8F", "fill-opacity": 0.22}}, {"type": "Feature", "geometry": {"type": "Polygon", "coordinates": [[[-96.87911826302228, 32.6304833600846], [-96.87910100145163, 32.6304162398868], [-96.87870423981697, 32.63048930172201], [-96.8786853267029, 32.63041576140145], [-96.8775743905925, 32.63062032568799], [-96.87726466756159, 32.630718062239104], [-96.8769877571268, 32.63009578422356], [-96.87736562479704, 32.62980856782863], [-96.87731131618723, 32.62959737433323], [-96.87747002110416, 32.629568150448726], [-96.87750527244278, 32.62970523928169], [-96.88076398551961, 32.62730700005031], [-96.88083829996272, 32.62724530131078], [-96.88072469535888, 32.62714708060188], [-96.8808406273001, 32.6270508271972], [-96.88095423190903, 32.6271490478003], [-96.88125503064731, 32.62689930868765], [-96.88285242083113, 32.62828015731825], [-96.88356707736003, 32.6286976777153], [-96.88357855464301, 32.630469849257686], [-96.88315625844793, 32.63047180668943], [-96.88315584783389, 32.6304064171886], [-96.88200036850763, 32.63043289408242], [-96.88199874260823, 32.63033668801314], [-96.88066572189443, 32.63035281236928], [-96.88067304447297, 32.63039410426345], [-96.88010363686773, 32.63046634101236], [-96.88009701019288, 32.63041112168759], [-96.87969636770924, 32.63047319331679], [-96.87967372988382, 32.63038107297381], [-96.87911826302228, 32.6304833600846]]]}, "properties": {"title": "HOMESTEAD AT DANIEL FARMS PH 2 | 35 Future Lots", "description": "DeSoto | Single-Family | Total 102 | Built 67 | Future Lots 35 | Future Units not quantified | 29_parcels_with_year_built_since_2024; 1_parcels_with_incomplete_official_structure_records", "feature_role": "project_boundary", "legend_category": "Other Active Residential", "rank": null, "project_id": "DCAD-SUBD-05472-c6870756c7", "subdivision_number": "05472", "subdivision_name": "HOMESTEAD AT DANIEL FARMS PH 2", "city": "DeSoto", "housing_type": "Single-Family", "total_lots": 102, "built_lots": 67, "future_lots": 35, "future_units": null, "activity_status": "active_residential", "active_evidence": "29_parcels_with_year_built_since_2024; 1_parcels_with_incomplete_official_structure_records", "match_confidence": 1.0, "review_status": "high_confidence_spatial_subset", "source_snapshot_date": "GIS parcel 2026-07-10; subdivision 2026-06-27; appraisal retrieved 2026-08-13 (2027 current)", "stroke": "#176B66", "stroke-width": 1, "stroke-opacity": 0.7, "fill": "#2A9D8F", "fill-opacity": 0.22}}, {"type": "Feature", "geometry": {"type": "Polygon", "coordinates": [[[-96.75461500014, 32.67024657335072], [-96.75445705927835, 32.6703558349831], [-96.75382204087151, 32.67061268455861], [-96.75429516698755, 32.67129783104325], [-96.75425333380286, 32.67131899689615], [-96.75416432504083, 32.671219213849554], [-96.75405545810656, 32.67121119410372], [-96.75388099862309, 32.67129288295263], [-96.75392546638234, 32.6714848971591], [-96.75376338647938, 32.671534196178875], [-96.75378494195249, 32.67159410042245], [-96.75341466092581, 32.67167656480707], [-96.75302666981514, 32.67186886658277], [-96.75298542702852, 32.671810553304134], [-96.75260891432889, 32.67200105237675], [-96.7523778137094, 32.671949850300344], [-96.75233627233924, 32.672002904055375], [-96.74942669443737, 32.67342172870335], [-96.74837809860067, 32.674234649603626], [-96.74797435287482, 32.67438619124188], [-96.74729702900461, 32.67352232208606], [-96.7478260709677, 32.67325367765484], [-96.7484992892513, 32.67165339783785], [-96.74934402514955, 32.67015786209084], [-96.74968840105723, 32.66775160781841], [-96.74998169871107, 32.667257323270086], [-96.75014029393843, 32.66730991802258], [-96.75114729300417, 32.66680622115724], [-96.7529756082474, 32.66941973447043], [-96.753752881699, 32.669000636035285], [-96.7541599666636, 32.66862078759151], [-96.75479122948701, 32.66835208757783], [-96.75571283243583, 32.66966032106778], [-96.75461500014, 32.67024657335072]]]}, "properties": {"title": "COLLEGE PARK NO 7A | 36 Future Lots", "description": "Dallas | Single-Family | Total 231 | Built 195 | Future Lots 36 | Future Units not quantified | 171_parcels_with_year_built_since_2024; 15_parcels_with_incomplete_official_structure_records", "feature_role": "project_boundary", "legend_category": "Other Active Residential", "rank": null, "project_id": "DCAD-SUBD-ROW4779-96fb59b7b0", "subdivision_number": null, "subdivision_name": "COLLEGE PARK NO 7A", "city": "Dallas", "housing_type": "Single-Family", "total_lots": 231, "built_lots": 195, "future_lots": 36, "future_units": null, "activity_status": "active_residential", "active_evidence": "171_parcels_with_year_built_since_2024; 15_parcels_with_incomplete_official_structure_records", "match_confidence": 0.999994, "review_status": "high_confidence_spatial_subset", "source_snapshot_date": "GIS parcel 2026-07-10; subdivision 2026-06-27; appraisal retrieved 2026-08-13 (2027 current)", "stroke": "#176B66", "stroke-width": 1, "stroke-opacity": 0.7, "fill": "#2A9D8F", "fill-opacity": 0.22}}, {"type": "Feature", "geometry": {"type": "Polygon", "coordinates": [[[-96.574155669994, 32.86076427169834], [-96.57421304213828, 32.860756620504084], [-96.57397642197272, 32.86114135012097], [-96.57537400129164, 32.86236082088421], [-96.5745924934735, 32.86299713319287], [-96.5741599837459, 32.86257955523413], [-96.57389893462123, 32.86222641868854], [-96.57365890119215, 32.86179392762002], [-96.57343528542158, 32.861159574483004], [-96.57331857539901, 32.86097287202578], [-96.574155669994, 32.86076427169834]]]}, "properties": {"title": "CRESCENT HEIGHTS TOWNHOMES | 37 Future Lots", "description": "Garland | Single-Family | Total 44 | Built 7 | Future Lots 37 | Future Units 37 | 7_parcels_with_year_built_since_2024; 7_parcels_with_incomplete_official_structure_records", "feature_role": "project_boundary", "legend_category": "Other Active Residential", "rank": null, "project_id": "DCAD-SUBD-11300-add464f1bf", "subdivision_number": "11300", "subdivision_name": "CRESCENT HEIGHTS TOWNHOMES", "city": "Garland", "housing_type": "Single-Family", "total_lots": 44, "built_lots": 7, "future_lots": 37, "future_units": 37, "activity_status": "active_residential", "active_evidence": "7_parcels_with_year_built_since_2024; 7_parcels_with_incomplete_official_structure_records", "match_confidence": 1.0, "review_status": "high_confidence_spatial_subset", "source_snapshot_date": "GIS parcel 2026-07-10; subdivision 2026-06-27; appraisal retrieved 2026-08-13 (2027 current)", "stroke": "#176B66", "stroke-width": 1, "stroke-opacity": 0.7, "fill": "#2A9D8F", "fill-opacity": 0.22}}, {"type": "Feature", "geometry": {"type": "Polygon", "coordinates": [[[-96.90753460221087, 32.555730322535005], [-96.90717889665419, 32.55569707522562], [-96.90685893012662, 32.555734736968446], [-96.90576188740474, 32.556262749835916], [-96.90527042012707, 32.55641651486624], [-96.90475967113582, 32.55651542904931], [-96.90486270638218, 32.55556279011827], [-96.90484104539514, 32.55536647069329], [-96.90475270520818, 32.555171134251765], [-96.9039042970484, 32.55527598706884], [-96.90359630421902, 32.555361778211164], [-96.90349861052411, 32.55540120732631], [-96.90359294219782, 32.55563334398486], [-96.9034727895467, 32.55562963630043], [-96.90310005750032, 32.555565634200725], [-96.90275489272207, 32.55521600654223], [-96.90232953828307, 32.5550048514496], [-96.90203855408642, 32.55495388784677], [-96.90123604521148, 32.554948542591596], [-96.90031735232205, 32.55525063891134], [-96.89982671343657, 32.555327390663635], [-96.89982502457737, 32.55567511225147], [-96.89967761647682, 32.555673449620954], [-96.89967549735739, 32.55615774815699], [-96.89538288522787, 32.55614736388753], [-96.89538423870123, 32.55312877245467], [-96.8967281317511, 32.55311432938485], [-96.89668527013005, 32.55085456597691], [-96.89962588526234, 32.55084786372246], [-96.89963196197205, 32.553639688389076], [-96.90417491401674, 32.55361594921318], [-96.90794168278555, 32.55364432496163], [-96.90814616700477, 32.55367559076768], [-96.90814918688845, 32.55604420705359], [-96.90748338960717, 32.556029161720645], [-96.90753460221087, 32.555730322535005]]]}, "properties": {"title": "BEAR CREEK RANCH PH 2 AMMENDED | 37 Future Lots", "description": "Cedar Hill | Single-Family | Total 173 | Built 135 | Future Lots 37 | Future Units not quantified | 47_parcels_with_year_built_since_2024; 4_parcels_with_incomplete_official_structure_records", "feature_role": "project_boundary", "legend_category": "Other Active Residential", "rank": null, "project_id": "DCAD-SUBD-00453-424822dd02", "subdivision_number": "00453", "subdivision_name": "BEAR CREEK RANCH PH 2 AMMENDED", "city": "Cedar Hill", "housing_type": "Single-Family", "total_lots": 173, "built_lots": 135, "future_lots": 37, "future_units": null, "activity_status": "active_residential", "active_evidence": "47_parcels_with_year_built_since_2024; 4_parcels_with_incomplete_official_structure_records", "match_confidence": 1.0, "review_status": "high_confidence_spatial_subset", "source_snapshot_date": "GIS parcel 2026-07-10; subdivision 2026-06-27; appraisal retrieved 2026-08-13 (2027 current)", "stroke": "#176B66", "stroke-width": 1, "stroke-opacity": 0.7, "fill": "#2A9D8F", "fill-opacity": 0.22}}, {"type": "Feature", "geometry": {"type": "Polygon", "coordinates": [[[-96.56902837076655, 32.73328295773778], [-96.56906677742936, 32.73323896783433], [-96.56920270168357, 32.733304822726325], [-96.56933056554162, 32.73316330880721], [-96.56975307958554, 32.73309699859956], [-96.57139993331192, 32.733117691515965], [-96.57171669169068, 32.7330811445155], [-96.57210790347243, 32.73407173309596], [-96.57210151687784, 32.734413475685784], [-96.57273388571062, 32.73440804209083], [-96.57326891362337, 32.73428250097056], [-96.57325727368297, 32.735851382195186], [-96.57279433822615, 32.7379005969653], [-96.57258765775272, 32.73808556124272], [-96.57215084379983, 32.73777466607937], [-96.57167361308525, 32.73750958782074], [-96.57116265675359, 32.73729404288848], [-96.57010502796457, 32.73696768957031], [-96.56988589022859, 32.73683625989275], [-96.56971260564558, 32.73666268859285], [-96.56959618649209, 32.736458006462215], [-96.5695440309749, 32.73623522136495], [-96.56955613749953, 32.735115264264984], [-96.56947048534478, 32.734737014498805], [-96.56932874820808, 32.73447376393255], [-96.56910452368052, 32.734221887821406], [-96.56885517086452, 32.73418501172424], [-96.56873589800733, 32.73421976492534], [-96.56860615158459, 32.73409797396643], [-96.56866001912552, 32.73400077849877], [-96.56863931938454, 32.7338476847696], [-96.56885787075453, 32.73367752489942], [-96.568699634285, 32.733533239935326], [-96.56902837076655, 32.73328295773778]], [[-96.56973422016547, 32.736158356393226], [-96.57015042339228, 32.73614657470858], [-96.5701367153913, 32.735992853077654], [-96.569737324722, 32.7359876651767], [-96.56973422016547, 32.736158356393226]]]}, "properties": {"title": "SOLTERRA PH 1E | 37 Future Lots", "description": "Mesquite | Single-Family | Total 112 | Built 75 | Future Lots 37 | Future Units not quantified | 63_parcels_with_year_built_since_2024; 2_parcels_with_incomplete_official_structure_records", "feature_role": "project_boundary", "legend_category": "Other Active Residential", "rank": null, "project_id": "DCAD-SUBD-19455-ba294cccfd", "subdivision_number": "19455", "subdivision_name": "SOLTERRA PH 1E", "city": "Mesquite", "housing_type": "Single-Family", "total_lots": 112, "built_lots": 75, "future_lots": 37, "future_units": null, "activity_status": "active_residential", "active_evidence": "63_parcels_with_year_built_since_2024; 2_parcels_with_incomplete_official_structure_records", "match_confidence": 1.0, "review_status": "high_confidence_spatial_subset", "source_snapshot_date": "GIS parcel 2026-07-10; subdivision 2026-06-27; appraisal retrieved 2026-08-13 (2027 current)", "stroke": "#176B66", "stroke-width": 1, "stroke-opacity": 0.7, "fill": "#2A9D8F", "fill-opacity": 0.22}}, {"type": "Feature", "geometry": {"type": "Polygon", "coordinates": [[[-96.55173774582313, 32.886631035515855], [-96.55181841088256, 32.88709202507113], [-96.54966669181192, 32.8874935015407], [-96.5494882019329, 32.886577563900225], [-96.54968971980036, 32.884457314941166], [-96.54938695350165, 32.88281450654118], [-96.54962459568327, 32.882263006702615], [-96.55081267986905, 32.88215734076776], [-96.5511219271716, 32.881769870264804], [-96.55108798144063, 32.88168351355305], [-96.55289166488002, 32.88205467035689], [-96.55285836831776, 32.88276949245515], [-96.55272455108324, 32.883278765818346], [-96.55247941048756, 32.88375764452376], [-96.55202361171433, 32.88440411860835], [-96.55174608057193, 32.88508644806664], [-96.55166695000034, 32.88566018437548], [-96.55173774582313, 32.886631035515855]]]}, "properties": {"title": "LAKE PARK | 38 Future Lots", "description": "Rowlett | Single-Family | Total 117 | Built 79 | Future Lots 38 | Future Units not quantified | 79_parcels_with_year_built_since_2024; 8_parcels_with_incomplete_official_structure_records", "feature_role": "project_boundary", "legend_category": "Other Active Residential", "rank": null, "project_id": "DCAD-SUBD-01095-858bdac59a", "subdivision_number": "01095", "subdivision_name": "LAKE PARK", "city": "Rowlett", "housing_type": "Single-Family", "total_lots": 117, "built_lots": 79, "future_lots": 38, "future_units": null, "activity_status": "active_residential", "active_evidence": "79_parcels_with_year_built_since_2024; 8_parcels_with_incomplete_official_structure_records", "match_confidence": 0.999959, "review_status": "high_confidence_spatial_subset", "source_snapshot_date": "GIS parcel 2026-07-10; subdivision 2026-06-27; appraisal retrieved 2026-08-13 (2027 current)", "stroke": "#176B66", "stroke-width": 1, "stroke-opacity": 0.7, "fill": "#2A9D8F", "fill-opacity": 0.22}}, {"type": "Feature", "geometry": {"type": "Polygon", "coordinates": [[[-96.53341347514319, 32.792610467303106], [-96.53340140014123, 32.789569535907745], [-96.53251303463647, 32.78955716803164], [-96.53251997931086, 32.78874502141995], [-96.53157267603599, 32.788716333734484], [-96.53156945533941, 32.789552493278144], [-96.52648227112392, 32.789517741734585], [-96.52649591193655, 32.78760667813909], [-96.53069463945855, 32.78763210812288], [-96.53104148869474, 32.78766571384523], [-96.53483439205851, 32.78765175496376], [-96.53488735130536, 32.787744618999184], [-96.53503299446433, 32.787684966914696], [-96.53502174290959, 32.78765263571098], [-96.5381528608837, 32.78766739755199], [-96.53814628102849, 32.7882658533284], [-96.5407209396732, 32.78830062590067], [-96.54086513974958, 32.78869355540532], [-96.54093625602754, 32.78908515081641], [-96.54092581506505, 32.79062899871332], [-96.53920711168475, 32.79241598173477], [-96.53864249656837, 32.79257443230956], [-96.53807515665761, 32.79266217390899], [-96.53341347514319, 32.792610467303106]]]}, "properties": {"title": "ST. JAMES PARK | 38 Future Lots", "description": "Sunnyvale | Single-Family | Total 44 | Built 6 | Future Lots 38 | Future Units not quantified | 1_parcels_with_year_built_since_2024; 1_parcels_with_incomplete_official_structure_records", "feature_role": "project_boundary", "legend_category": "Other Active Residential", "rank": null, "project_id": "DCAD-SUBD-00882-b986b27a3b", "subdivision_number": "00882", "subdivision_name": "ST. JAMES PARK", "city": "Sunnyvale", "housing_type": "Single-Family", "total_lots": 44, "built_lots": 6, "future_lots": 38, "future_units": null, "activity_status": "active_residential", "active_evidence": "1_parcels_with_year_built_since_2024; 1_parcels_with_incomplete_official_structure_records", "match_confidence": 0.99992, "review_status": "high_confidence_spatial_subset", "source_snapshot_date": "GIS parcel 2026-07-10; subdivision 2026-06-27; appraisal retrieved 2026-08-13 (2027 current)", "stroke": "#176B66", "stroke-width": 1, "stroke-opacity": 0.7, "fill": "#2A9D8F", "fill-opacity": 0.22}}, {"type": "Feature", "geometry": {"type": "Polygon", "coordinates": [[[-96.87764375506757, 32.62556274334764], [-96.87764881820026, 32.62603238606631], [-96.87715814260314, 32.62626311923151], [-96.87674527165282, 32.62716893517065], [-96.87679111042637, 32.62771108905621], [-96.87640143299235, 32.62795924824883], [-96.87603006601734, 32.62804720096763], [-96.8757315980971, 32.62845290684898], [-96.87556908219398, 32.628543996257584], [-96.8750792486442, 32.62873018078977], [-96.87471856756999, 32.62863500176694], [-96.8744035179535, 32.62862574672795], [-96.8743849227345, 32.625561119864365], [-96.87764375506757, 32.62556274334764]]]}, "properties": {"title": "CREEKS OF HOMESTEAD PH 1 | 38 Future Lots", "description": "DeSoto | Single-Family | Total 78 | Built 40 | Future Lots 38 | Future Units not quantified | 40_parcels_with_year_built_since_2024; 1_parcels_with_incomplete_official_structure_records", "feature_role": "project_boundary", "legend_category": "Other Active Residential", "rank": null, "project_id": "DCAD-SUBD-2201-52f8d953d7", "subdivision_number": "2201", "subdivision_name": "CREEKS OF HOMESTEAD PH 1", "city": "DeSoto", "housing_type": "Single-Family", "total_lots": 78, "built_lots": 40, "future_lots": 38, "future_units": null, "activity_status": "active_residential", "active_evidence": "40_parcels_with_year_built_since_2024; 1_parcels_with_incomplete_official_structure_records", "match_confidence": 0.999856, "review_status": "high_confidence_spatial_subset", "source_snapshot_date": "GIS parcel 2026-07-10; subdivision 2026-06-27; appraisal retrieved 2026-08-13 (2027 current)", "stroke": "#176B66", "stroke-width": 1, "stroke-opacity": 0.7, "fill": "#2A9D8F", "fill-opacity": 0.22}}, {"type": "Feature", "geometry": {"type": "Polygon", "coordinates": [[[-96.73202216029063, 32.91216608080413], [-96.73206448469632, 32.9122485288566], [-96.7320656198029, 32.91290429429313], [-96.72906172701104, 32.912410890138375], [-96.72799029658252, 32.91205584684067], [-96.728050207191, 32.91179523208022], [-96.72835322406466, 32.91136070342469], [-96.7288017661078, 32.911399566933056], [-96.72986461404048, 32.91183754367544], [-96.72989767651273, 32.911694556582816], [-96.73007966591494, 32.91175355450135], [-96.73064559661634, 32.911817918355545], [-96.73094355853857, 32.911492772186435], [-96.73119991347696, 32.91165856299521], [-96.73206346232121, 32.91165735065004], [-96.73197945099695, 32.91165980462488], [-96.73197978227512, 32.91210845485625], [-96.73202216029063, 32.91216608080413]]]}, "properties": {"title": "URBAN COMMONS | 40 Future Lots", "description": "Dallas | Single-Family | Total 78 | Built 37 | Future Lots 40 | Future Units not quantified | 19_parcels_with_incomplete_official_structure_records", "feature_role": "project_boundary", "legend_category": "Other Active Residential", "rank": null, "project_id": "DCAD-SUBD-ROW26229-7393c7710b", "subdivision_number": null, "subdivision_name": "URBAN COMMONS", "city": "Dallas", "housing_type": "Single-Family", "total_lots": 78, "built_lots": 37, "future_lots": 40, "future_units": null, "activity_status": "active_residential", "active_evidence": "19_parcels_with_incomplete_official_structure_records", "match_confidence": 1.0, "review_status": "high_confidence_spatial_subset", "source_snapshot_date": "GIS parcel 2026-07-10; subdivision 2026-06-27; appraisal retrieved 2026-08-13 (2027 current)", "stroke": "#176B66", "stroke-width": 1, "stroke-opacity": 0.7, "fill": "#2A9D8F", "fill-opacity": 0.22}}, {"type": "Feature", "geometry": {"type": "Polygon", "coordinates": [[[-96.56287970824202, 32.936474461937564], [-96.56036549990367, 32.93856332683574], [-96.5593587475425, 32.93761574694695], [-96.5617350222667, 32.93568018235394], [-96.56287970824202, 32.936474461937564]]]}, "properties": {"title": "MERRITT VILLAS | 40 Future Lots", "description": "Rowlett | Single-Family | Total 69 | Built 29 | Future Lots 40 | Future Units not quantified | 18_parcels_with_year_built_since_2024", "feature_role": "project_boundary", "legend_category": "Other Active Residential", "rank": null, "project_id": "DCAD-SUBD-01474-fa00e6bba8", "subdivision_number": "01474", "subdivision_name": "MERRITT VILLAS", "city": "Rowlett", "housing_type": "Single-Family", "total_lots": 69, "built_lots": 29, "future_lots": 40, "future_units": null, "activity_status": "active_residential", "active_evidence": "18_parcels_with_year_built_since_2024", "match_confidence": 1.0, "review_status": "high_confidence_spatial_subset", "source_snapshot_date": "GIS parcel 2026-07-10; subdivision 2026-06-27; appraisal retrieved 2026-08-13 (2027 current)", "stroke": "#176B66", "stroke-width": 1, "stroke-opacity": 0.7, "fill": "#2A9D8F", "fill-opacity": 0.22}}, {"type": "Feature", "geometry": {"type": "Polygon", "coordinates": [[[-96.95305592204956, 32.96854107814201], [-96.95310807966926, 32.9689975649285], [-96.95295454702575, 32.96934935876955], [-96.9537405141273, 32.96935707235635], [-96.95458594267213, 32.968779526175624], [-96.95558710304323, 32.96937640009115], [-96.9562931688768, 32.969529714262364], [-96.95519698077939, 32.96950574899809], [-96.9552943002861, 32.972738554771304], [-96.95402273126219, 32.972699710948305], [-96.95429946325208, 32.97320507047934], [-96.95369037493104, 32.9731993288548], [-96.95393024874203, 32.97306245361632], [-96.9538270032969, 32.97274928647422], [-96.95384428538789, 32.9725235516898], [-96.95371007062356, 32.972413635971584], [-96.95404966774805, 32.972117963756816], [-96.9542265607933, 32.97188640422064], [-96.95408864000919, 32.97181310599996], [-96.9538646016961, 32.972084638580164], [-96.95371181749663, 32.971959433581986], [-96.95325064639731, 32.97190157768182], [-96.95298810626635, 32.97180237828798], [-96.95238011177561, 32.971419361975904], [-96.95175972823112, 32.97137057684875], [-96.95159480167162, 32.97142841832692], [-96.951245283855, 32.97196084150015], [-96.9520073835255, 32.97318800997228], [-96.94999329215628, 32.973176605495176], [-96.95056131406972, 32.96848226385918], [-96.95305592204956, 32.96854107814201]]]}, "properties": {"title": "BLACKBERRY FARM PH 1 | 41 Future Lots", "description": "Coppell | Single-Family | Total 46 | Built 5 | Future Lots 41 | Future Units 41 | 5_parcels_with_year_built_since_2024; 5_parcels_with_incomplete_official_structure_records", "feature_role": "project_boundary", "legend_category": "Other Active Residential", "rank": null, "project_id": "DCAD-SUBD-00032-191b59cf27", "subdivision_number": "00032", "subdivision_name": "BLACKBERRY FARM PH 1", "city": "Coppell", "housing_type": "Single-Family", "total_lots": 46, "built_lots": 5, "future_lots": 41, "future_units": 41, "activity_status": "active_residential", "active_evidence": "5_parcels_with_year_built_since_2024; 5_parcels_with_incomplete_official_structure_records", "match_confidence": 0.999999, "review_status": "high_confidence_spatial_subset", "source_snapshot_date": "GIS parcel 2026-07-10; subdivision 2026-06-27; appraisal retrieved 2026-08-13 (2027 current)", "stroke": "#176B66", "stroke-width": 1, "stroke-opacity": 0.7, "fill": "#2A9D8F", "fill-opacity": 0.22}}, {"type": "Feature", "geometry": {"type": "Polygon", "coordinates": [[[-96.99226275928156, 32.80425849385379], [-96.99201120075196, 32.80411941500641], [-96.9923563443197, 32.80239961151832], [-96.9925223593108, 32.80236487764792], [-96.99251724493348, 32.799649166019776], [-96.99409127753388, 32.799632013933234], [-96.99406104385561, 32.803233906493226], [-96.9941951933501, 32.80342572226305], [-96.99413529285458, 32.80408210266463], [-96.99419326379109, 32.8043652776527], [-96.99340441342929, 32.804227527967974], [-96.99333085082581, 32.80447972046337], [-96.99251761228672, 32.804286781611715], [-96.99246077409384, 32.8043692173405], [-96.99226275928156, 32.80425849385379]]]}, "properties": {"title": "ASPEN SQUARE TOWNHOMES AMENDED | 41 Future Lots", "description": "Irving | Single-Family | Total 59 | Built 18 | Future Lots 41 | Future Units not quantified | 13_parcels_with_year_built_since_2024", "feature_role": "project_boundary", "legend_category": "Other Active Residential", "rank": null, "project_id": "DCAD-SUBD-00774-9a06d2544d", "subdivision_number": "00774", "subdivision_name": "ASPEN SQUARE TOWNHOMES AMENDED", "city": "Irving", "housing_type": "Single-Family", "total_lots": 59, "built_lots": 18, "future_lots": 41, "future_units": null, "activity_status": "active_residential", "active_evidence": "13_parcels_with_year_built_since_2024", "match_confidence": 1.0, "review_status": "high_confidence_spatial_subset", "source_snapshot_date": "GIS parcel 2026-07-10; subdivision 2026-06-27; appraisal retrieved 2026-08-13 (2027 current)", "stroke": "#176B66", "stroke-width": 1, "stroke-opacity": 0.7, "fill": "#2A9D8F", "fill-opacity": 0.22}}, {"type": "Feature", "geometry": {"type": "Polygon", "coordinates": [[[-96.57997395874442, 32.71399494576158], [-96.5806940775983, 32.71461095820475], [-96.57837656187357, 32.716513311758526], [-96.57538976652054, 32.7139467840416], [-96.57829609384977, 32.711535492597555], [-96.57878192866298, 32.71196117238836], [-96.57854994822445, 32.712152446107496], [-96.57914020510368, 32.71266263734792], [-96.57937265786285, 32.71247087772473], [-96.58056755718951, 32.713502479279285], [-96.57997395874442, 32.71399494576158]]]}, "properties": {"title": "MCKENZIE TRAILS | 43 Future Lots", "description": "Balch Springs | Single-Family | Total 163 | Built 120 | Future Lots 43 | Future Units 43 | 120_parcels_with_year_built_since_2024; 31_parcels_with_incomplete_official_structure_records", "feature_role": "project_boundary", "legend_category": "Other Active Residential", "rank": null, "project_id": "DCAD-SUBD-04745-bc768ec6c0", "subdivision_number": "04745", "subdivision_name": "MCKENZIE TRAILS", "city": "Balch Springs", "housing_type": "Single-Family", "total_lots": 163, "built_lots": 120, "future_lots": 43, "future_units": 43, "activity_status": "active_residential", "active_evidence": "120_parcels_with_year_built_since_2024; 31_parcels_with_incomplete_official_structure_records", "match_confidence": 1.0, "review_status": "high_confidence_spatial_subset", "source_snapshot_date": "GIS parcel 2026-07-10; subdivision 2026-06-27; appraisal retrieved 2026-08-13 (2027 current)", "stroke": "#176B66", "stroke-width": 1, "stroke-opacity": 0.7, "fill": "#2A9D8F", "fill-opacity": 0.22}}, {"type": "Feature", "geometry": {"type": "Polygon", "coordinates": [[[-96.95666424081448, 32.86620146488775], [-96.95963386541676, 32.866140590089834], [-96.95984889839839, 32.86691608703684], [-96.95987945047868, 32.867436752291766], [-96.95793767075827, 32.86728102984849], [-96.9577261055544, 32.867826049466515], [-96.95645434375797, 32.86674896626554], [-96.95683538791687, 32.866666684767424], [-96.95671434602251, 32.866443368024356], [-96.95666424081448, 32.86620146488775]]]}, "properties": {"title": "LINKSIDE | 43 Future Lots", "description": "Irving | Single-Family | Total 68 | Built 25 | Future Lots 43 | Future Units not quantified | 25_parcels_with_year_built_since_2024; 10_parcels_with_incomplete_official_structure_records", "feature_role": "project_boundary", "legend_category": "Other Active Residential", "rank": null, "project_id": "DCAD-SUBD-26495-00c148343c", "subdivision_number": "26495", "subdivision_name": "LINKSIDE", "city": "Irving", "housing_type": "Single-Family", "total_lots": 68, "built_lots": 25, "future_lots": 43, "future_units": null, "activity_status": "active_residential", "active_evidence": "25_parcels_with_year_built_since_2024; 10_parcels_with_incomplete_official_structure_records", "match_confidence": 0.999959, "review_status": "high_confidence_spatial_subset", "source_snapshot_date": "GIS parcel 2026-07-10; subdivision 2026-06-27; appraisal retrieved 2026-08-13 (2027 current)", "stroke": "#176B66", "stroke-width": 1, "stroke-opacity": 0.7, "fill": "#2A9D8F", "fill-opacity": 0.22}}, {"type": "Feature", "geometry": {"type": "Polygon", "coordinates": [[[-96.54958079893694, 32.71669328198975], [-96.54986976097685, 32.71688646057971], [-96.5501290229513, 32.71661658201468], [-96.55062421231952, 32.71683965128283], [-96.55238421549815, 32.7168638949928], [-96.55257432425066, 32.71696700939871], [-96.55249397122968, 32.717115810566234], [-96.55250441944966, 32.71719621573061], [-96.55295709052928, 32.717213349739524], [-96.55329072586217, 32.71729672517551], [-96.55372475774591, 32.71759574819923], [-96.55359988559785, 32.71775969784089], [-96.55348547251931, 32.718042527887334], [-96.55402560691046, 32.71812853101885], [-96.55398900647666, 32.71823785912864], [-96.5543666156133, 32.718328329956876], [-96.55417324784062, 32.71876737605312], [-96.55394698258314, 32.719036273130556], [-96.55362898727644, 32.71884517468067], [-96.55380060628244, 32.71864047974762], [-96.55366806456053, 32.71856085796381], [-96.55318108727991, 32.71847101799689], [-96.54914120300657, 32.71841802603738], [-96.54895153663884, 32.71838606310763], [-96.54920950324943, 32.71776856533082], [-96.54976823307071, 32.71706328041695], [-96.54865286734469, 32.716150300614224], [-96.54853722593836, 32.71615077458443], [-96.54845688301178, 32.71608345724974], [-96.54871174634566, 32.7158705107062], [-96.54878941169095, 32.71593558507995], [-96.5487898719903, 32.71603348238983], [-96.54958079893694, 32.71669328198975]]]}, "properties": {"title": "RIDGE RANCH PH 7 | 44 Future Lots", "description": "Mesquite | Single-Family | Total 48 | Built 4 | Future Lots 44 | Future Units not quantified | 4_parcels_with_year_built_since_2024", "feature_role": "project_boundary", "legend_category": "Other Active Residential", "rank": null, "project_id": "DCAD-SUBD-16157-5c26fd68ea", "subdivision_number": "16157", "subdivision_name": "RIDGE RANCH PH 7", "city": "Mesquite", "housing_type": "Single-Family", "total_lots": 48, "built_lots": 4, "future_lots": 44, "future_units": null, "activity_status": "active_residential", "active_evidence": "4_parcels_with_year_built_since_2024", "match_confidence": 1.0, "review_status": "high_confidence_spatial_subset", "source_snapshot_date": "GIS parcel 2026-07-10; subdivision 2026-06-27; appraisal retrieved 2026-08-13 (2027 current)", "stroke": "#176B66", "stroke-width": 1, "stroke-opacity": 0.7, "fill": "#2A9D8F", "fill-opacity": 0.22}}, {"type": "Feature", "geometry": {"type": "Polygon", "coordinates": [[[-96.80035593147109, 32.61158234769022], [-96.79712610978287, 32.61159259412024], [-96.7971515604474, 32.608055612500884], [-96.79747631739285, 32.60805545361514], [-96.79747635807861, 32.60811422208202], [-96.7977036744915, 32.60807627803774], [-96.79974501241547, 32.60806601252993], [-96.7999724430513, 32.60810306046295], [-96.79997210495318, 32.60798824580923], [-96.80036181394975, 32.60798804675136], [-96.80035593147109, 32.61158234769022]]]}, "properties": {"title": "PLEASANT RUN ESTATES PH 1-B AMEND | 45 Future Lots", "description": "Lancaster | Single-Family | Total 109 | Built 64 | Future Lots 45 | Future Units not quantified | 18_parcels_with_year_built_since_2024; 8_parcels_with_incomplete_official_structure_records", "feature_role": "project_boundary", "legend_category": "Other Active Residential", "rank": null, "project_id": "DCAD-SUBD-07551-071664db75", "subdivision_number": "07551", "subdivision_name": "PLEASANT RUN ESTATES PH 1-B AMEND", "city": "Lancaster", "housing_type": "Single-Family", "total_lots": 109, "built_lots": 64, "future_lots": 45, "future_units": null, "activity_status": "active_residential", "active_evidence": "18_parcels_with_year_built_since_2024; 8_parcels_with_incomplete_official_structure_records", "match_confidence": 1.0, "review_status": "high_confidence_spatial_subset", "source_snapshot_date": "GIS parcel 2026-07-10; subdivision 2026-06-27; appraisal retrieved 2026-08-13 (2027 current)", "stroke": "#176B66", "stroke-width": 1, "stroke-opacity": 0.7, "fill": "#2A9D8F", "fill-opacity": 0.22}}, {"type": "Feature", "geometry": {"type": "Polygon", "coordinates": [[[-96.90451856043516, 32.60872852035915], [-96.90410478702132, 32.6086056747187], [-96.9039254646076, 32.60891845804888], [-96.90347518801322, 32.608588367813276], [-96.90343337362314, 32.608622296876064], [-96.90315287995053, 32.60855652981994], [-96.90314870384796, 32.60816541464615], [-96.90324029163679, 32.608168547628125], [-96.90323196402679, 32.60440944153823], [-96.90502316888639, 32.60441463634852], [-96.90501589849053, 32.60621459712235], [-96.90827028993256, 32.60622396913475], [-96.90827366452018, 32.608240321541956], [-96.90730865131704, 32.608231361136255], [-96.90588281722951, 32.60790505428476], [-96.90541007805454, 32.607901140153686], [-96.9052707113838, 32.60799747661333], [-96.90519690743898, 32.60850845001621], [-96.90513646976373, 32.60861338926786], [-96.90497892819783, 32.60869116734599], [-96.90475151706406, 32.60865939706289], [-96.90481354906723, 32.608454698314674], [-96.9046228176092, 32.6084209457067], [-96.90451856043516, 32.60872852035915]]]}, "properties": {"title": "TEN MILE CREEK ESTATES PH 3C | 45 Future Lots", "description": "DeSoto | Single-Family | Total 72 | Built 27 | Future Lots 45 | Future Units not quantified | 17_parcels_with_year_built_since_2024; 4_parcels_with_incomplete_official_structure_records", "feature_role": "project_boundary", "legend_category": "Other Active Residential", "rank": null, "project_id": "DCAD-SUBD-10101-5c2e0aab95", "subdivision_number": "10101", "subdivision_name": "TEN MILE CREEK ESTATES PH 3C", "city": "DeSoto", "housing_type": "Single-Family", "total_lots": 72, "built_lots": 27, "future_lots": 45, "future_units": null, "activity_status": "active_residential", "active_evidence": "17_parcels_with_year_built_since_2024; 4_parcels_with_incomplete_official_structure_records", "match_confidence": 1.0, "review_status": "high_confidence_spatial_subset", "source_snapshot_date": "GIS parcel 2026-07-10; subdivision 2026-06-27; appraisal retrieved 2026-08-13 (2027 current)", "stroke": "#176B66", "stroke-width": 1, "stroke-opacity": 0.7, "fill": "#2A9D8F", "fill-opacity": 0.22}}, {"type": "Feature", "geometry": {"type": "Polygon", "coordinates": [[[-96.55736028622104, 32.68357472641561], [-96.55702955773974, 32.68315394825129], [-96.5563534173609, 32.68150162858611], [-96.55626749167278, 32.68152682629919], [-96.55615047460937, 32.68124133178341], [-96.55507254752874, 32.68155749663911], [-96.55502606731471, 32.68144399161865], [-96.5553557663055, 32.68100492108566], [-96.55467522399034, 32.68064644368541], [-96.55535296096191, 32.679748073346715], [-96.55561440586828, 32.6795303909194], [-96.55592960743208, 32.67968957279765], [-96.55629650364605, 32.679700477994295], [-96.5572536617928, 32.679511552444325], [-96.55770812654171, 32.679196465932385], [-96.55808702898224, 32.679376192214725], [-96.55869844638414, 32.67942325501679], [-96.55883059517983, 32.679341488490635], [-96.55934692071851, 32.67933392360534], [-96.55968613451283, 32.679055139567154], [-96.56234636830914, 32.68136728170044], [-96.56112452399701, 32.68261402208368], [-96.5594614887495, 32.68398660909685], [-96.55898792642593, 32.683595431077705], [-96.55864980637637, 32.68387652614711], [-96.55920161879544, 32.68435471751906], [-96.55869943504025, 32.68476443638199], [-96.5583137535642, 32.68443789020291], [-96.55834907388304, 32.68440855556822], [-96.55736028622104, 32.68357472641561]]]}, "properties": {"title": "STONEHAVEN PH 3 | 47 Future Lots", "description": "Seagoville | Single-Family | Total 138 | Built 91 | Future Lots 47 | Future Units 47 | 91_parcels_with_year_built_since_2024; 34_parcels_with_incomplete_official_structure_records", "feature_role": "project_boundary", "legend_category": "Other Active Residential", "rank": null, "project_id": "DCAD-SUBD-04983-cac39afdd2", "subdivision_number": "04983", "subdivision_name": "STONEHAVEN PH 3", "city": "Seagoville", "housing_type": "Single-Family", "total_lots": 138, "built_lots": 91, "future_lots": 47, "future_units": 47, "activity_status": "active_residential", "active_evidence": "91_parcels_with_year_built_since_2024; 34_parcels_with_incomplete_official_structure_records", "match_confidence": 1.0, "review_status": "high_confidence_spatial_subset", "source_snapshot_date": "GIS parcel 2026-07-10; subdivision 2026-06-27; appraisal retrieved 2026-08-13 (2027 current)", "stroke": "#176B66", "stroke-width": 1, "stroke-opacity": 0.7, "fill": "#2A9D8F", "fill-opacity": 0.22}}, {"type": "Feature", "geometry": {"type": "Polygon", "coordinates": [[[-97.01462212800465, 32.83998334814947], [-97.0141319438729, 32.84019618207179], [-97.01346557642727, 32.84059819385468], [-97.01307607523029, 32.840748123683845], [-97.01252072389516, 32.84085740690597], [-97.0118686401935, 32.840871713254344], [-97.01187041089518, 32.83915673692661], [-97.01388783397238, 32.839218344863696], [-97.01462212800465, 32.83998334814947]]]}, "properties": {"title": "SEVILLE ESTATES AMEND | 50 Future Lots", "description": "Irving | Single-Family | Total 85 | Built 35 | Future Lots 50 | Future Units 50 | 16_parcels_with_year_built_since_2024; 4_parcels_with_incomplete_official_structure_records", "feature_role": "project_boundary", "legend_category": "Other Active Residential", "rank": null, "project_id": "DCAD-SUBD-47777-8cdfbe2cca", "subdivision_number": "47777", "subdivision_name": "SEVILLE ESTATES AMEND", "city": "Irving", "housing_type": "Single-Family", "total_lots": 85, "built_lots": 35, "future_lots": 50, "future_units": 50, "activity_status": "active_residential", "active_evidence": "16_parcels_with_year_built_since_2024; 4_parcels_with_incomplete_official_structure_records", "match_confidence": 0.999983, "review_status": "high_confidence_spatial_subset", "source_snapshot_date": "GIS parcel 2026-07-10; subdivision 2026-06-27; appraisal retrieved 2026-08-13 (2027 current)", "stroke": "#176B66", "stroke-width": 1, "stroke-opacity": 0.7, "fill": "#2A9D8F", "fill-opacity": 0.22}}, {"type": "Feature", "geometry": {"type": "Polygon", "coordinates": [[[-96.9208623259007, 32.58748802786758], [-96.92100843280856, 32.587488398635955], [-96.92159968917782, 32.587212066204344], [-96.92293087105477, 32.58721543312502], [-96.92293367913243, 32.58641829938362], [-96.92532004344633, 32.58641066650583], [-96.92532491259013, 32.58749843680377], [-96.9243935016261, 32.587496098576636], [-96.9233817349999, 32.58831904870714], [-96.92085940054338, 32.588312663354706], [-96.9208623259007, 32.58748802786758]]]}, "properties": {"title": "BROADMOOR VILLAGE | 54 Future Lots", "description": "Cedar Hill | Single-Family | Total 126 | Built 72 | Future Lots 54 | Future Units not quantified | 72_parcels_with_year_built_since_2024; 3_parcels_with_incomplete_official_structure_records", "feature_role": "project_boundary", "legend_category": "Other Active Residential", "rank": null, "project_id": "DCAD-SUBD-00635-13f39f1a3a", "subdivision_number": "00635", "subdivision_name": "BROADMOOR VILLAGE", "city": "Cedar Hill", "housing_type": "Single-Family", "total_lots": 126, "built_lots": 72, "future_lots": 54, "future_units": null, "activity_status": "active_residential", "active_evidence": "72_parcels_with_year_built_since_2024; 3_parcels_with_incomplete_official_structure_records", "match_confidence": 1.0, "review_status": "high_confidence_spatial_subset", "source_snapshot_date": "GIS parcel 2026-07-10; subdivision 2026-06-27; appraisal retrieved 2026-08-13 (2027 current)", "stroke": "#176B66", "stroke-width": 1, "stroke-opacity": 0.7, "fill": "#2A9D8F", "fill-opacity": 0.22}}, {"type": "Feature", "geometry": {"type": "Polygon", "coordinates": [[[-97.02680455848568, 32.749035643182886], [-97.0268076272363, 32.74856806747965], [-97.02254416400613, 32.74879660154208], [-97.01665700143236, 32.748762651917744], [-97.0166625209179, 32.74830521043958], [-97.01651022508753, 32.74830321020261], [-97.01651232868542, 32.74784709145298], [-97.01666897001121, 32.74785004935148], [-97.0166767637569, 32.74738546967987], [-97.01699871235321, 32.74737279085548], [-97.01699734500835, 32.74722885817569], [-97.01754580959117, 32.74723146376531], [-97.01754728292667, 32.746794553117574], [-97.0169941492103, 32.74678993724853], [-97.01699047476755, 32.74664390840507], [-97.01753668928318, 32.746646433627895], [-97.01726851658127, 32.74468259573274], [-97.01744437505768, 32.74468595651442], [-97.01739380215501, 32.74450346617258], [-97.01862612383086, 32.74451088200379], [-97.0186408584439, 32.74333720811672], [-97.0170015145246, 32.7433273201704], [-97.0169262625488, 32.74315942656754], [-97.01860673613123, 32.7431942252229], [-97.01864335170958, 32.74282958705509], [-97.016810977838, 32.74281759790801], [-97.0166507922781, 32.742289557963694], [-97.0188432538244, 32.74201657599866], [-97.0188427140101, 32.74220090744919], [-97.01948507479104, 32.742204904103204], [-97.01948596042926, 32.74193529138107], [-97.02101812799211, 32.741743405356445], [-97.02097441768836, 32.74174952274283], [-97.02082485807635, 32.742010837345354], [-97.02093660593201, 32.74237038141693], [-97.0210333336185, 32.74237024033816], [-97.0210326246593, 32.74245096904404], [-97.02131581750774, 32.742450557038346], [-97.02131565293452, 32.7423696268857], [-97.02171453580672, 32.74236924456044], [-97.02171620174859, 32.742212352091066], [-97.02161865214754, 32.74221048814], [-97.0216003138, 32.741669760459544], [-97.02287978432375, 32.7415148823501], [-97.02311633655752, 32.741522153540515], [-97.02313950469915, 32.74059697097532], [-97.02911219222698, 32.73994043603736], [-97.0291394853493, 32.74057833703541], [-97.02902686851898, 32.74314265564276], [-97.02873206753948, 32.744712699923454], [-97.02867093979064, 32.74972575451905], [-97.02680004225505, 32.74971853576962], [-97.02680455848568, 32.749035643182886]], [[-97.02859339645572, 32.74890087893797], [-97.02818812504543, 32.748898311961376], [-97.02819075169239, 32.74903458671114], [-97.02859231415725, 32.748981384605216], [-97.02859339645572, 32.74890087893797]], [[-97.02721782674222, 32.74807478562068], [-97.02721479321733, 32.7484889979641], [-97.02762139876623, 32.748490351008066], [-97.02762808222032, 32.74766179618566], [-97.0272208625188, 32.74766043584198], [-97.02721782674222, 32.74807478562068]], [[-97.02252832228596, 32.748337058937565], [-97.02259365952413, 32.748239602324304], [-97.02284187562017, 32.74786936562761], [-97.02222885885996, 32.74786553498363], [-97.02222715999571, 32.7483349635073], [-97.02252832228596, 32.748337058937565]], [[-97.02068554832466, 32.74771304016754], [-97.02093464191705, 32.747712251887826], [-97.02093512098804, 32.747263728750426], [-97.02029039651232, 32.747260784005164], [-97.02028872500388, 32.747714296186984], [-97.02068554832466, 32.74771304016754]], [[-97.02144022087506, 32.74724832019571], [-97.02143758003507, 32.74770569690066], [-97.02176248332643, 32.74771192521564], [-97.02176512429492, 32.747252486766435], [-97.02144022087506, 32.74724832019571]], [[-97.02310391885409, 32.74674463684274], [-97.02307673614142, 32.74713408247725], [-97.02422821467, 32.74751575889212], [-97.02422880015486, 32.747424282879386], [-97.02310391885409, 32.74674463684274]], [[-97.02504884596259, 32.74550946083806], [-97.02504936815194, 32.74523603939206], [-97.02307073049113, 32.745984440433816], [-97.02306870248105, 32.74644850449182], [-97.02407085011157, 32.74699176397873], [-97.02504680339798, 32.74736588766377], [-97.02504884596259, 32.74550946083806]], [[-97.01947077796406, 32.74639869321445], [-97.01947321916833, 32.74622003644551], [-97.01882807588929, 32.7462153471586], [-97.01882202620588, 32.74665786619987], [-97.01946717270029, 32.74666255551803], [-97.01947077796406, 32.74639869321445]], [[-97.01981779617599, 32.744702643840874], [-97.01949085186976, 32.74470048202923], [-97.01948449342251, 32.74516367000903], [-97.0201377670673, 32.74516996473273], [-97.02014415509441, 32.74470479782314], [-97.01981779617599, 32.744702643840874]], [[-97.02417567281319, 32.74439840913235], [-97.02417387388006, 32.7445379276029], [-97.02457343425749, 32.74454129643301], [-97.02457618210565, 32.74440140436595], [-97.02417567281319, 32.74439840913235]], [[-97.02311517897667, 32.74427225855055], [-97.02311546952653, 32.74440818690217], [-97.02352296188933, 32.74441162861892], [-97.02352203212857, 32.74427488172443], [-97.02311517897667, 32.74427225855055]], [[-97.01966855934027, 32.743347996070135], [-97.01950242313512, 32.74334686819536], [-97.01949956006305, 32.74391450537864], [-97.01982306604299, 32.743915911514605], [-97.01983020711059, 32.74334909501523], [-97.01966855934027, 32.743347996070135]], [[-97.026132991533, 32.743150407795866], [-97.02613755452003, 32.7428755607855], [-97.0257310322176, 32.742870739815636], [-97.02572646797235, 32.74314558681113], [-97.026132991533, 32.743150407795866]], [[-97.02359688119385, 32.742012418429425], [-97.02359562650932, 32.74214957373997], [-97.02400178047998, 32.742151307470735], [-97.0240031833133, 32.74201420340494], [-97.02359688119385, 32.742012418429425]], [[-97.02719764205558, 32.74201712956116], [-97.02719994307652, 32.74146471557613], [-97.02685691308199, 32.74146430670468], [-97.02685346620228, 32.74201703700965], [-97.02719764205558, 32.74201712956116]]]}, "properties": {"title": "DALWORTH PARK | 54 Future Lots", "description": "Grand Prairie | Mixed-Use | Total 361 | Built 306 | Future Lots 54 | Future Units not quantified | 9_parcels_with_year_built_since_2024; 2_parcels_with_incomplete_official_structure_records", "feature_role": "project_boundary", "legend_category": "Other Active Residential", "rank": null, "project_id": "DCAD-SUBD-05250-82dcf70e1f", "subdivision_number": "05250", "subdivision_name": "DALWORTH PARK", "city": "Grand Prairie", "housing_type": "Mixed-Use", "total_lots": 361, "built_lots": 306, "future_lots": 54, "future_units": null, "activity_status": "active_residential", "active_evidence": "9_parcels_with_year_built_since_2024; 2_parcels_with_incomplete_official_structure_records", "match_confidence": 0.99822, "review_status": "high_confidence_spatial_subset", "source_snapshot_date": "GIS parcel 2026-07-10; subdivision 2026-06-27; appraisal retrieved 2026-08-13 (2027 current)", "stroke": "#176B66", "stroke-width": 1, "stroke-opacity": 0.7, "fill": "#2A9D8F", "fill-opacity": 0.22}}, {"type": "Feature", "geometry": {"type": "Polygon", "coordinates": [[[-96.84076833259672, 32.95200688794171], [-96.84133811033658, 32.95197648983526], [-96.8430275695573, 32.95200762492337], [-96.84303918233952, 32.95239895477278], [-96.84317052425207, 32.95240191098653], [-96.84315087282353, 32.95361495690089], [-96.84258052698604, 32.95360236110258], [-96.84257027326196, 32.954234496472395], [-96.84200417693205, 32.95422199172964], [-96.84199192413206, 32.954262966476854], [-96.84012188422547, 32.95418039719673], [-96.84014951285234, 32.95203062623352], [-96.84076833259672, 32.95200688794171]]]}, "properties": {"title": "ADDISON GROVE | 55 Future Lots", "description": "Addison | Single-Family | Total 146 | Built 89 | Future Lots 55 | Future Units not quantified | 22_parcels_with_year_built_since_2024; 13_parcels_with_incomplete_official_structure_records", "feature_role": "project_boundary", "legend_category": "Other Active Residential", "rank": null, "project_id": "DCAD-SUBD-ROW333-cff15eb188", "subdivision_number": null, "subdivision_name": "ADDISON GROVE", "city": "Addison", "housing_type": "Single-Family", "total_lots": 146, "built_lots": 89, "future_lots": 55, "future_units": null, "activity_status": "active_residential", "active_evidence": "22_parcels_with_year_built_since_2024; 13_parcels_with_incomplete_official_structure_records", "match_confidence": 1.0, "review_status": "high_confidence_spatial_subset", "source_snapshot_date": "GIS parcel 2026-07-10; subdivision 2026-06-27; appraisal retrieved 2026-08-13 (2027 current)", "stroke": "#176B66", "stroke-width": 1, "stroke-opacity": 0.7, "fill": "#2A9D8F", "fill-opacity": 0.22}}, {"type": "Feature", "geometry": {"type": "Polygon", "coordinates": [[[-96.82709106114996, 32.585314689118455], [-96.82698947755568, 32.583957783944626], [-96.8264435471258, 32.58394426614916], [-96.82642135065035, 32.5825243824041], [-96.82649281402597, 32.58252434291611], [-96.82648803886326, 32.581560964965504], [-96.8311610567801, 32.581545747413585], [-96.83115633908604, 32.58000384644552], [-96.83407841116234, 32.58000217587771], [-96.83400972992604, 32.575327162056816], [-96.83491616451306, 32.575329758637814], [-96.83490100679342, 32.57615616425764], [-96.83540488915618, 32.576154508298615], [-96.83533386516285, 32.580012097991265], [-96.83590105871322, 32.58001218675967], [-96.83486360263349, 32.580873777315205], [-96.83444876401155, 32.581461335271285], [-96.83315487371445, 32.58205443215268], [-96.83280518832343, 32.582663628229014], [-96.83142337495275, 32.58298921044372], [-96.83087294474534, 32.58262846281864], [-96.83004749443344, 32.58271044009469], [-96.82931760522362, 32.58336618368859], [-96.82944195937598, 32.58355348832758], [-96.83062919141494, 32.584710398264825], [-96.8308467920927, 32.58499485349623], [-96.83066977540273, 32.585063743953064], [-96.83077619809508, 32.585414211288594], [-96.83077355491666, 32.58605170634836], [-96.82709795486184, 32.58612523545593], [-96.82709106114996, 32.585314689118455]]]}, "properties": {"title": "HIDDEN LAKES ESTATES | 56 Future Lots", "description": "DeSoto | Single-Family | Total 103 | Built 47 | Future Lots 56 | Future Units not quantified | 35_parcels_with_year_built_since_2024; 3_parcels_with_incomplete_official_structure_records", "feature_role": "project_boundary", "legend_category": "Other Active Residential", "rank": null, "project_id": "DCAD-SUBD-05215-5952d400a3", "subdivision_number": "05215", "subdivision_name": "HIDDEN LAKES ESTATES", "city": "DeSoto", "housing_type": "Single-Family", "total_lots": 103, "built_lots": 47, "future_lots": 56, "future_units": null, "activity_status": "active_residential", "active_evidence": "35_parcels_with_year_built_since_2024; 3_parcels_with_incomplete_official_structure_records", "match_confidence": 1.0, "review_status": "high_confidence_spatial_subset", "source_snapshot_date": "GIS parcel 2026-07-10; subdivision 2026-06-27; appraisal retrieved 2026-08-13 (2027 current)", "stroke": "#176B66", "stroke-width": 1, "stroke-opacity": 0.7, "fill": "#2A9D8F", "fill-opacity": 0.22}}, {"type": "Feature", "geometry": {"type": "Polygon", "coordinates": [[[-96.56615630411724, 32.736515657058106], [-96.56620781346817, 32.73721823085081], [-96.56623439958177, 32.73733117506764], [-96.56632942252776, 32.73738482796091], [-96.56547653518386, 32.73752821637536], [-96.56548718537299, 32.736924217623375], [-96.56579948212624, 32.736924419659445], [-96.56575256591842, 32.736346688346984], [-96.56590665954548, 32.73584333686745], [-96.56542543547208, 32.73560734290062], [-96.56458848522809, 32.73507914040368], [-96.56406044007038, 32.73466561541963], [-96.56513314421947, 32.73377859358281], [-96.56512363108315, 32.7336723697307], [-96.56487021161331, 32.73345858286494], [-96.5652177924384, 32.733114319892145], [-96.56530074415043, 32.73314701272026], [-96.56543023832923, 32.73303783105156], [-96.56545352585293, 32.73296766989834], [-96.56540999151026, 32.73289433322327], [-96.5654570095126, 32.732856844249824], [-96.56562147110434, 32.73288229447401], [-96.56591021185193, 32.732643799171505], [-96.56605986358687, 32.73291766815015], [-96.5661045734501, 32.733267031409106], [-96.56641924943384, 32.73318114329683], [-96.56656807761372, 32.73351349701733], [-96.56648406965442, 32.733536586539856], [-96.5665654848071, 32.73374973185336], [-96.56632155348026, 32.733816284862804], [-96.56670896978937, 32.73415739101971], [-96.56726511564, 32.73398829933709], [-96.56742706104019, 32.734316425583884], [-96.56737922205579, 32.73433096589458], [-96.56748629275111, 32.7345825942688], [-96.56805352228145, 32.73444232912448], [-96.56860615158459, 32.73409797396643], [-96.56873589800733, 32.73421976492534], [-96.56797422801048, 32.73469231879195], [-96.56708438159194, 32.734980367742295], [-96.56660614238702, 32.73528601945152], [-96.56639583752052, 32.73551616540744], [-96.56621039904739, 32.735859933441475], [-96.56613596589744, 32.73623246948229], [-96.56615630411724, 32.736515657058106]]]}, "properties": {"title": "SOLTERRA PH 1G | 57 Future Lots", "description": "Mesquite | Single-Family | Total 100 | Built 43 | Future Lots 57 | Future Units not quantified | 43_parcels_with_year_built_since_2024", "feature_role": "project_boundary", "legend_category": "Other Active Residential", "rank": null, "project_id": "DCAD-SUBD-19455-a3d6f9e30d", "subdivision_number": "19455", "subdivision_name": "SOLTERRA PH 1G", "city": "Mesquite", "housing_type": "Single-Family", "total_lots": 100, "built_lots": 43, "future_lots": 57, "future_units": null, "activity_status": "active_residential", "active_evidence": "43_parcels_with_year_built_since_2024", "match_confidence": 1.0, "review_status": "high_confidence_spatial_subset", "source_snapshot_date": "GIS parcel 2026-07-10; subdivision 2026-06-27; appraisal retrieved 2026-08-13 (2027 current)", "stroke": "#176B66", "stroke-width": 1, "stroke-opacity": 0.7, "fill": "#2A9D8F", "fill-opacity": 0.22}}, {"type": "Feature", "geometry": {"type": "Polygon", "coordinates": [[[-96.6029174948221, 32.9661085810175], [-96.60307316909925, 32.96616652866955], [-96.60381373509588, 32.966865895492965], [-96.60217373782812, 32.96791455116311], [-96.60232324869625, 32.96874442522036], [-96.60116974543102, 32.968874895589124], [-96.60118478779154, 32.96699123711868], [-96.60125538659389, 32.96684582702862], [-96.60145040014058, 32.96663532812203], [-96.60164841335741, 32.96652371326534], [-96.6029174948221, 32.9661085810175]]]}, "properties": {"title": "BUNKER HILL TOWNHOMES | 57 Future Lots", "description": "Sachse | Single-Family | Total 104 | Built 47 | Future Lots 57 | Future Units not quantified | 12_parcels_with_incomplete_official_structure_records", "feature_role": "project_boundary", "legend_category": "Other Active Residential", "rank": null, "project_id": "DCAD-SUBD-07531-64ff01d3ea", "subdivision_number": "07531", "subdivision_name": "BUNKER HILL TOWNHOMES", "city": "Sachse", "housing_type": "Single-Family", "total_lots": 104, "built_lots": 47, "future_lots": 57, "future_units": null, "activity_status": "active_residential", "active_evidence": "12_parcels_with_incomplete_official_structure_records", "match_confidence": 1.0, "review_status": "high_confidence_spatial_subset", "source_snapshot_date": "GIS parcel 2026-07-10; subdivision 2026-06-27; appraisal retrieved 2026-08-13 (2027 current)", "stroke": "#176B66", "stroke-width": 1, "stroke-opacity": 0.7, "fill": "#2A9D8F", "fill-opacity": 0.22}}, {"type": "Feature", "geometry": {"type": "Polygon", "coordinates": [[[-97.03686376488865, 32.683550768684576], [-97.03695347158057, 32.68323989086532], [-97.03695567279843, 32.681929828309485], [-97.03481475680682, 32.68191804128006], [-97.0348075218604, 32.68392260130425], [-97.03357568288551, 32.6839054273242], [-97.0336719443845, 32.67809566037263], [-97.03415529099472, 32.6788317178508], [-97.03397791656295, 32.67942055753051], [-97.03431267854236, 32.68012046885649], [-97.03484773645094, 32.68009672088629], [-97.03519625823263, 32.67943285451993], [-97.0354611413828, 32.67935237212868], [-97.03605523835685, 32.67961382468166], [-97.03765070993613, 32.67890664737181], [-97.03792850190148, 32.67890683594152], [-97.03812932143407, 32.67953092825302], [-97.03845722808101, 32.67976832289954], [-97.0386641704097, 32.67977114673956], [-97.03863699307277, 32.67915361643757], [-97.03895000151215, 32.678993212647995], [-97.03918713288313, 32.6793044922459], [-97.03923750586861, 32.68393543373359], [-97.03669713268476, 32.68394433844599], [-97.03681060375159, 32.68381494426045], [-97.03686376488865, 32.683550768684576]]]}, "properties": {"title": "THE PRESERVE AT FORUM | 58 Future Lots", "description": "City not provided | Single-Family | Total 81 | Built 23 | Future Lots 58 | Future Units 58 | 23_parcels_with_year_built_since_2024; 9_parcels_with_incomplete_official_structure_records", "feature_role": "project_boundary", "legend_category": "Other Active Residential", "rank": null, "project_id": "DCAD-SUBD-18953-85ee1551b4", "subdivision_number": "18953", "subdivision_name": "THE PRESERVE AT FORUM", "city": "City not provided", "housing_type": "Single-Family", "total_lots": 81, "built_lots": 23, "future_lots": 58, "future_units": 58, "activity_status": "active_residential", "active_evidence": "23_parcels_with_year_built_since_2024; 9_parcels_with_incomplete_official_structure_records", "match_confidence": 1.0, "review_status": "high_confidence_spatial_subset", "source_snapshot_date": "GIS parcel 2026-07-10; subdivision 2026-06-27; appraisal retrieved 2026-08-13 (2027 current)", "stroke": "#176B66", "stroke-width": 1, "stroke-opacity": 0.7, "fill": "#2A9D8F", "fill-opacity": 0.22}}, {"type": "Feature", "geometry": {"type": "MultiPolygon", "coordinates": [[[[-96.55057861242892, 32.71532304014815], [-96.550360795474, 32.71572724241261], [-96.55010797683265, 32.715925472050074], [-96.5500644601138, 32.71614854256759], [-96.54988908459535, 32.71639009685786], [-96.54939333789412, 32.71653954464437], [-96.5487898719903, 32.71603348238983], [-96.54878941169095, 32.71593558507995], [-96.54871174634566, 32.7158705107062], [-96.55097045682328, 32.71398397253756], [-96.55175315237503, 32.714280902948666], [-96.55157395302005, 32.71473157108102], [-96.55142712532188, 32.714791087496536], [-96.55136582917356, 32.71513180594652], [-96.55107897301068, 32.71529783820247], [-96.55073679607146, 32.7152260440677], [-96.55057861242892, 32.71532304014815]]], [[[-96.5486923600947, 32.719047390965805], [-96.54873007627971, 32.719198544213704], [-96.54865611351728, 32.71928821693369], [-96.54869899984585, 32.7195996896027], [-96.54883479263746, 32.71978372812183], [-96.5487535395775, 32.71978586264432], [-96.54876601409208, 32.720124975350664], [-96.54884726586674, 32.720122839420384], [-96.54880628439017, 32.72020780109163], [-96.54886470185691, 32.720395358706796], [-96.54840452119082, 32.72051280234108], [-96.54825544172913, 32.72015111045579], [-96.54800670413867, 32.7198116886129], [-96.54609524723446, 32.71813815210286], [-96.54845688301178, 32.71608345724974], [-96.54853722593836, 32.71615077458443], [-96.54865286734469, 32.716150300614224], [-96.54976823307071, 32.71706328041695], [-96.54920953272428, 32.71776857778645], [-96.54895153663884, 32.71838606310763], [-96.54847036392978, 32.71849182020056], [-96.5485889827146, 32.718977324349325], [-96.5486923600947, 32.719047390965805]]]]}, "properties": {"title": "RIDGE RANCH PH 8 | 62 Future Lots", "description": "Mesquite | Single-Family | Total 72 | Built 10 | Future Lots 62 | Future Units not quantified | 10_parcels_with_year_built_since_2024", "feature_role": "project_boundary", "legend_category": "Other Active Residential", "rank": null, "project_id": "DCAD-SUBD-16157-d18bd6f7ff", "subdivision_number": "16157", "subdivision_name": "RIDGE RANCH PH 8", "city": "Mesquite", "housing_type": "Single-Family", "total_lots": 72, "built_lots": 10, "future_lots": 62, "future_units": null, "activity_status": "active_residential", "active_evidence": "10_parcels_with_year_built_since_2024", "match_confidence": 1.0, "review_status": "high_confidence_spatial_subset", "source_snapshot_date": "GIS parcel 2026-07-10; subdivision 2026-06-27; appraisal retrieved 2026-08-13 (2027 current)", "stroke": "#176B66", "stroke-width": 1, "stroke-opacity": 0.7, "fill": "#2A9D8F", "fill-opacity": 0.22}}, {"type": "Feature", "geometry": {"type": "Polygon", "coordinates": [[[-96.55343524255785, 32.65953871617399], [-96.55224505548276, 32.66051298544071], [-96.55073152881516, 32.660181473946714], [-96.55043345139937, 32.66042725175673], [-96.55107146716401, 32.66095212164907], [-96.55110739795323, 32.66106151609301], [-96.55151001744818, 32.66111464811991], [-96.54956664847924, 32.66270535671786], [-96.54735851011644, 32.660764032627284], [-96.54751119624905, 32.66066041637765], [-96.54861911605809, 32.66163446788053], [-96.5488499037746, 32.6614446889792], [-96.54870114587668, 32.66123358073443], [-96.54932124630261, 32.66072602191261], [-96.54874822542533, 32.660152916502085], [-96.5486097550802, 32.659675649066], [-96.54820846858976, 32.65954503460868], [-96.55009513983953, 32.658001137281815], [-96.55343524255785, 32.65953871617399]]]}, "properties": {"title": "EDMONDS RANCH | 72 Future Lots", "description": "Seagoville | Single-Family | Total 76 | Built 4 | Future Lots 72 | Future Units not quantified | 4_parcels_with_year_built_since_2024; 4_parcels_with_incomplete_official_structure_records", "feature_role": "project_boundary", "legend_category": "Other Active Residential", "rank": null, "project_id": "DCAD-SUBD-18000-62217be4f8", "subdivision_number": "18000", "subdivision_name": "EDMONDS RANCH", "city": "Seagoville", "housing_type": "Single-Family", "total_lots": 76, "built_lots": 4, "future_lots": 72, "future_units": null, "activity_status": "active_residential", "active_evidence": "4_parcels_with_year_built_since_2024; 4_parcels_with_incomplete_official_structure_records", "match_confidence": 1.0, "review_status": "high_confidence_spatial_subset", "source_snapshot_date": "GIS parcel 2026-07-10; subdivision 2026-06-27; appraisal retrieved 2026-08-13 (2027 current)", "stroke": "#176B66", "stroke-width": 1, "stroke-opacity": 0.7, "fill": "#2A9D8F", "fill-opacity": 0.22}}, {"type": "Feature", "geometry": {"type": "Polygon", "coordinates": [[[-96.79324470954252, 32.628177036702176], [-96.7930182508783, 32.62784042862412], [-96.79130277078357, 32.628679565431774], [-96.79108900753941, 32.62838723950675], [-96.79055801412338, 32.628646966949916], [-96.79078732761393, 32.628982653973814], [-96.79021259515912, 32.629260011291386], [-96.79043797952846, 32.62959358711655], [-96.79042576431743, 32.62980295131514], [-96.79197190517853, 32.62989951770122], [-96.79236090110811, 32.63004953105661], [-96.79267795181035, 32.630292177242595], [-96.79200841973417, 32.63061856304587], [-96.79187773738678, 32.63042716762163], [-96.79176964824855, 32.63037227918489], [-96.79080041283054, 32.63033333235302], [-96.79059174731778, 32.63023623994668], [-96.79029725588653, 32.630441293433755], [-96.79020486846662, 32.63031120272231], [-96.78969024187442, 32.63031761771047], [-96.78687814965676, 32.631650961167246], [-96.78597706303087, 32.63033151900879], [-96.79534519465832, 32.62574898322548], [-96.79581213674383, 32.62709273197206], [-96.79384793708671, 32.628044509652696], [-96.79498335075274, 32.62972642878835], [-96.79445628827496, 32.62998178288891], [-96.79336796429254, 32.62828654073734], [-96.79324470954252, 32.628177036702176]]]}, "properties": {"title": "BOARDWALK PHASE 3B | 72 Future Lots", "description": "Lancaster | Single-Family | Total 77 | Built 5 | Future Lots 72 | Future Units not quantified | 5_parcels_with_year_built_since_2024", "feature_role": "project_boundary", "legend_category": "Other Active Residential", "rank": null, "project_id": "DCAD-SUBD-ROW2158-481b5ea9f5", "subdivision_number": null, "subdivision_name": "BOARDWALK PHASE 3B", "city": "Lancaster", "housing_type": "Single-Family", "total_lots": 77, "built_lots": 5, "future_lots": 72, "future_units": null, "activity_status": "active_residential", "active_evidence": "5_parcels_with_year_built_since_2024", "match_confidence": 0.999982, "review_status": "high_confidence_spatial_subset", "source_snapshot_date": "GIS parcel 2026-07-10; subdivision 2026-06-27; appraisal retrieved 2026-08-13 (2027 current)", "stroke": "#176B66", "stroke-width": 1, "stroke-opacity": 0.7, "fill": "#2A9D8F", "fill-opacity": 0.22}}, {"type": "Feature", "geometry": {"type": "Polygon", "coordinates": [[[-96.57210151687784, 32.734413475685784], [-96.57210790347243, 32.73407173309596], [-96.57171669169068, 32.7330811445155], [-96.57139993331192, 32.733117691515965], [-96.56975307958554, 32.73309699859956], [-96.56933056554162, 32.73316330880721], [-96.56920270168357, 32.733304822726325], [-96.56906677742936, 32.73323896783433], [-96.568699634285, 32.733533239935326], [-96.56885787075453, 32.73367752489942], [-96.56863931938454, 32.7338476847696], [-96.56779469402277, 32.73304597792328], [-96.56753320020756, 32.73268737697988], [-96.56737982518877, 32.73228657992159], [-96.56734332459489, 32.73186647071468], [-96.56758666079226, 32.73054662328966], [-96.56758599277701, 32.73024128544932], [-96.56742548663382, 32.729752394816934], [-96.56723990599845, 32.72949042877618], [-96.56699440388374, 32.729258988155536], [-96.56721849784208, 32.72907455009442], [-96.56712591207807, 32.72894817507932], [-96.56735743097855, 32.7285991251979], [-96.56852996702227, 32.727682729657], [-96.56882605586596, 32.7279719402039], [-96.56909562877243, 32.727753182053654], [-96.56944799355445, 32.72811341424967], [-96.56992600337395, 32.728778100353466], [-96.57033308398148, 32.72969247128588], [-96.57084898667765, 32.729514613899426], [-96.57107007602676, 32.73005447227273], [-96.57144003010515, 32.72994653565496], [-96.57176284892104, 32.730734779933194], [-96.57188823592716, 32.7306981966022], [-96.57195174364969, 32.73085326113218], [-96.5719165030584, 32.73089251327373], [-96.57247854143118, 32.732264830755916], [-96.57253497467612, 32.73227728291197], [-96.57259848303167, 32.73243234707093], [-96.57246102466061, 32.73247261068054], [-96.57306235382049, 32.73394080679347], [-96.57308374681593, 32.73413211886046], [-96.57338124458825, 32.734124962489275], [-96.57366311975473, 32.73420569160975], [-96.5735694876583, 32.734349407902904], [-96.57377282574714, 32.734426174355306], [-96.57398478098033, 32.73443754260707], [-96.57416431718258, 32.73487548530578], [-96.5732619073427, 32.735135845764894], [-96.57326891362337, 32.73428250097056], [-96.57270960854093, 32.734412916553424], [-96.57210151687784, 32.734413475685784]]]}, "properties": {"title": "SOLTERRA PH 1D | 76 Future Lots", "description": "Mesquite | Single-Family | Total 200 | Built 124 | Future Lots 76 | Future Units not quantified | 112_parcels_with_year_built_since_2024; 3_parcels_with_incomplete_official_structure_records", "feature_role": "project_boundary", "legend_category": "Other Active Residential", "rank": null, "project_id": "DCAD-SUBD-19455-a7ac88275c", "subdivision_number": "19455", "subdivision_name": "SOLTERRA PH 1D", "city": "Mesquite", "housing_type": "Single-Family", "total_lots": 200, "built_lots": 124, "future_lots": 76, "future_units": null, "activity_status": "active_residential", "active_evidence": "112_parcels_with_year_built_since_2024; 3_parcels_with_incomplete_official_structure_records", "match_confidence": 0.999897, "review_status": "high_confidence_spatial_subset", "source_snapshot_date": "GIS parcel 2026-07-10; subdivision 2026-06-27; appraisal retrieved 2026-08-13 (2027 current)", "stroke": "#176B66", "stroke-width": 1, "stroke-opacity": 0.7, "fill": "#2A9D8F", "fill-opacity": 0.22}}, {"type": "Feature", "geometry": {"type": "Polygon", "coordinates": [[[-96.66304206699405, 32.59344782248202], [-96.6631174933147, 32.59326172137506], [-96.66335778460093, 32.593146757077164], [-96.66402286366629, 32.593000781583214], [-96.66427010285172, 32.592867168952715], [-96.66502304573606, 32.593978168144766], [-96.6651017813257, 32.59397279766755], [-96.66518225512887, 32.594092199535176], [-96.66514844214335, 32.59410862073697], [-96.66550415013477, 32.59463304577898], [-96.66553795841249, 32.59461662303427], [-96.66561879994208, 32.59473580872754], [-96.66558499322896, 32.59475223289239], [-96.667141133551, 32.59699117046242], [-96.66425977960492, 32.59840913253914], [-96.66381911858036, 32.59804670838289], [-96.66280722983947, 32.59772189335652], [-96.66249601145407, 32.59734969397141], [-96.66220498960841, 32.59722953932503], [-96.66054287174644, 32.59551343367167], [-96.66043934390804, 32.59547555203718], [-96.66004173937539, 32.59553990957254], [-96.6593507176119, 32.59454484982809], [-96.66172889420852, 32.59337735182389], [-96.66227130412751, 32.59414696662216], [-96.66308268885447, 32.59350834219646], [-96.66304206699405, 32.59344782248202]]]}, "properties": {"title": "COTTONWOOD PH 1 | 81 Future Lots", "description": "Wilmer | Single-Family | Total 247 | Built 166 | Future Lots 81 | Future Units not quantified | 166_parcels_with_year_built_since_2024; 17_parcels_with_incomplete_official_structure_records", "feature_role": "project_boundary", "legend_category": "Other Active Residential", "rank": null, "project_id": "DCAD-SUBD-00225-c9c603e334", "subdivision_number": "00225", "subdivision_name": "COTTONWOOD PH 1", "city": "Wilmer", "housing_type": "Single-Family", "total_lots": 247, "built_lots": 166, "future_lots": 81, "future_units": null, "activity_status": "active_residential", "active_evidence": "166_parcels_with_year_built_since_2024; 17_parcels_with_incomplete_official_structure_records", "match_confidence": 1.0, "review_status": "high_confidence_spatial_subset", "source_snapshot_date": "GIS parcel 2026-07-10; subdivision 2026-06-27; appraisal retrieved 2026-08-13 (2027 current)", "stroke": "#176B66", "stroke-width": 1, "stroke-opacity": 0.7, "fill": "#2A9D8F", "fill-opacity": 0.22}}, {"type": "Feature", "geometry": {"type": "Polygon", "coordinates": [[[-96.55485624013077, 32.846802456365324], [-96.55377991057675, 32.84687350653259], [-96.55329238532987, 32.846662377507165], [-96.55329550445155, 32.846790440921986], [-96.55313026372559, 32.84676382515691], [-96.55298216356191, 32.8468117590798], [-96.55274179998958, 32.84674272678901], [-96.5526572497126, 32.84683527889454], [-96.55275358939156, 32.847079021669416], [-96.55267732463778, 32.84724155484576], [-96.55254572899219, 32.84712275664699], [-96.55228160223596, 32.84713477295969], [-96.55232482937194, 32.84728318273581], [-96.55223141999693, 32.8473726680168], [-96.55215397016633, 32.84733572176297], [-96.55180127546693, 32.84755500731899], [-96.5508601379287, 32.847453656384346], [-96.55080594799377, 32.84811909167408], [-96.55062097708807, 32.84811097489462], [-96.55063128051235, 32.84687807085241], [-96.5512040941777, 32.8440838622592], [-96.55130738942825, 32.84421700122205], [-96.55205218678705, 32.84432579433986], [-96.55215895079856, 32.843804957214445], [-96.5527155924042, 32.843778663760475], [-96.55344251145239, 32.84346589545748], [-96.5535035253279, 32.84350163402093], [-96.55366263475395, 32.84342643896294], [-96.55365843470035, 32.843363848442024], [-96.55469342061824, 32.84286480695763], [-96.55543865167394, 32.84236528903205], [-96.55550280264892, 32.84239230023075], [-96.55565326875826, 32.8423053509101], [-96.55563202567764, 32.84223493389013], [-96.55590386101075, 32.84203425429314], [-96.55607643021722, 32.841827512348615], [-96.55618507629418, 32.84159181694509], [-96.55622342994175, 32.841340986696494], [-96.55625924538536, 32.84134119840013], [-96.55621474000792, 32.846708718459844], [-96.55506718798507, 32.84674927973819], [-96.55490223208999, 32.846712333836244], [-96.55485624013077, 32.846802456365324]]]}, "properties": {"title": "FIRESIDE BY THE LAKE NO 4 | 86 Future Lots", "description": "No Town | Single-Family | Total 139 | Built 53 | Future Lots 86 | Future Units 86 | 53_parcels_with_year_built_since_2024; 7_parcels_with_incomplete_official_structure_records", "feature_role": "project_boundary", "legend_category": "Other Active Residential", "rank": null, "project_id": "DCAD-SUBD-05425-2717dd0d5c", "subdivision_number": "05425", "subdivision_name": "FIRESIDE BY THE LAKE NO 4", "city": "No Town", "housing_type": "Single-Family", "total_lots": 139, "built_lots": 53, "future_lots": 86, "future_units": 86, "activity_status": "active_residential", "active_evidence": "53_parcels_with_year_built_since_2024; 7_parcels_with_incomplete_official_structure_records", "match_confidence": 0.999992, "review_status": "high_confidence_spatial_subset", "source_snapshot_date": "GIS parcel 2026-07-10; subdivision 2026-06-27; appraisal retrieved 2026-08-13 (2027 current)", "stroke": "#176B66", "stroke-width": 1, "stroke-opacity": 0.7, "fill": "#2A9D8F", "fill-opacity": 0.22}}, {"type": "Feature", "geometry": {"type": "Polygon", "coordinates": [[[-96.71639369100906, 32.78968327853673], [-96.71707232587126, 32.789682750039155], [-96.71707080973154, 32.79247255179253], [-96.71624537203931, 32.7923618801189], [-96.71615617588569, 32.79283647186292], [-96.7157865566426, 32.79278691283411], [-96.71588187615296, 32.79227974679204], [-96.71534888868743, 32.79220828124231], [-96.71554905414604, 32.79066628135271], [-96.71471076254124, 32.79066479432425], [-96.71471009561114, 32.78911088544921], [-96.7163930655223, 32.78910958989365], [-96.71639369100906, 32.78968327853673]]]}, "properties": {"title": "SERENO OAKS AT BUCKNER TER | 100 Future Lots", "description": "Dallas | Single-Family | Total 141 | Built 41 | Future Lots 100 | Future Units 100 | 41_parcels_with_year_built_since_2024; 9_parcels_with_incomplete_official_structure_records", "feature_role": "project_boundary", "legend_category": "Other Active Residential", "rank": null, "project_id": "DCAD-SUBD-ROW21873-7686c5da5c", "subdivision_number": null, "subdivision_name": "SERENO OAKS AT BUCKNER TER", "city": "Dallas", "housing_type": "Single-Family", "total_lots": 141, "built_lots": 41, "future_lots": 100, "future_units": 100, "activity_status": "active_residential", "active_evidence": "41_parcels_with_year_built_since_2024; 9_parcels_with_incomplete_official_structure_records", "match_confidence": 1.0, "review_status": "high_confidence_spatial_subset", "source_snapshot_date": "GIS parcel 2026-07-10; subdivision 2026-06-27; appraisal retrieved 2026-08-13 (2027 current)", "stroke": "#176B66", "stroke-width": 1, "stroke-opacity": 0.7, "fill": "#2A9D8F", "fill-opacity": 0.22}}, {"type": "Feature", "geometry": {"type": "Polygon", "coordinates": [[[-96.5661264213491, 32.716871532403864], [-96.56596715049263, 32.71646812641234], [-96.56547795930972, 32.716841592711106], [-96.56503051759731, 32.71744912991994], [-96.56444459765524, 32.717151788060605], [-96.56402869840082, 32.71686927012633], [-96.56366438181303, 32.71653975954824], [-96.56336069577937, 32.71617262277976], [-96.5630791582261, 32.71597093031578], [-96.56363536878781, 32.715413435666534], [-96.56369000886555, 32.715337955891236], [-96.56363343328326, 32.71531087836456], [-96.56365964906558, 32.71526056943748], [-96.56372147004154, 32.71527758547409], [-96.56375838828772, 32.714998570435846], [-96.56365623705364, 32.7147137831467], [-96.56381301437433, 32.714668110902224], [-96.56387553553448, 32.71473711851154], [-96.56417679396374, 32.71464935499958], [-96.56416175476322, 32.71459558803281], [-96.56422323591282, 32.71457767803864], [-96.56425057108014, 32.71462786188968], [-96.56455182714275, 32.71454009744265], [-96.56455078824854, 32.714453178667625], [-96.56470756464914, 32.71440750529393], [-96.56477047554662, 32.71447723056227], [-96.56510862133915, 32.71437871945091], [-96.5648914536102, 32.71384597259569], [-96.56572146203293, 32.7136041613514], [-96.56569497686185, 32.713539192055144], [-96.56585175106058, 32.713493517235484], [-96.56591427297793, 32.7135625238237], [-96.56621552540821, 32.71347475536338], [-96.56620048514239, 32.713420990013816], [-96.56626196509764, 32.71340307763566], [-96.56628930105543, 32.71345326104163], [-96.56659055274446, 32.713365491671574], [-96.56658951021338, 32.71327857425661], [-96.56674628349201, 32.71323289830774], [-96.5670694009305, 32.714025515180666], [-96.56746902091963, 32.71390908343689], [-96.5676075972278, 32.714232134791175], [-96.5676690774308, 32.71421422309184], [-96.56772310838386, 32.71434675878249], [-96.56762474088103, 32.7143754180942], [-96.56794787028647, 32.71516803400497], [-96.5674222084962, 32.71532118705677], [-96.56744865183501, 32.71538629276018], [-96.56707976499013, 32.71549376733469], [-96.5674982501892, 32.716520284560374], [-96.56691842661685, 32.71655724873484], [-96.56616012273102, 32.716917381778856], [-96.5661264213491, 32.716871532403864]]]}, "properties": {"title": "SOLTERRA SOUTH PH 3B | 110 Future Lots", "description": "Mesquite | Single-Family | Total 121 | Built 11 | Future Lots 110 | Future Units not quantified | 11_parcels_with_year_built_since_2024; 8_parcels_with_incomplete_official_structure_records", "feature_role": "project_boundary", "legend_category": "Other Active Residential", "rank": null, "project_id": "DCAD-SUBD-ROW22619-3a68a51c09", "subdivision_number": null, "subdivision_name": "SOLTERRA SOUTH PH 3B", "city": "Mesquite", "housing_type": "Single-Family", "total_lots": 121, "built_lots": 11, "future_lots": 110, "future_units": null, "activity_status": "active_residential", "active_evidence": "11_parcels_with_year_built_since_2024; 8_parcels_with_incomplete_official_structure_records", "match_confidence": 0.999518, "review_status": "high_confidence_spatial_subset", "source_snapshot_date": "GIS parcel 2026-07-10; subdivision 2026-06-27; appraisal retrieved 2026-08-13 (2027 current)", "stroke": "#176B66", "stroke-width": 1, "stroke-opacity": 0.7, "fill": "#2A9D8F", "fill-opacity": 0.22}}, {"type": "Feature", "geometry": {"type": "Polygon", "coordinates": [[[-96.58120162310892, 32.71459485288744], [-96.58088080015395, 32.714316829289956], [-96.58163600351162, 32.713691323440486], [-96.58189770646403, 32.713916983866994], [-96.5822266347729, 32.713644342091115], [-96.58288585126729, 32.71421509685395], [-96.58328377115853, 32.714208399750326], [-96.58410307247202, 32.71466489018818], [-96.58414091006456, 32.71461881826739], [-96.58451839553399, 32.714851854212355], [-96.58460843557965, 32.71513620800147], [-96.58465610518817, 32.71512392810123], [-96.58470858377342, 32.71525394129211], [-96.58475411677041, 32.71560255880449], [-96.58505367007703, 32.71548833596019], [-96.58525112616606, 32.71535038332009], [-96.58551339496913, 32.71557548240125], [-96.58562313549898, 32.71548412097579], [-96.58664936845132, 32.71636489247364], [-96.58628443490315, 32.71664969527142], [-96.58590269471792, 32.716867708289584], [-96.5854851965437, 32.71703234811034], [-96.58504229709447, 32.71713953051315], [-96.58458498336114, 32.71718659661181], [-96.58412459999857, 32.71717237882908], [-96.58367256782934, 32.71709722986824], [-96.58272230179493, 32.71684430414525], [-96.58223218228376, 32.71679308575055], [-96.58173844916918, 32.71680216881273], [-96.58125142928735, 32.71687136335194], [-96.58078130910197, 32.71699922210459], [-96.58019768935758, 32.71725616356793], [-96.57980424721912, 32.71750849249505], [-96.57851810546191, 32.71639712813493], [-96.5806940775983, 32.71461095820475], [-96.58095580997725, 32.714835198339436], [-96.58120162310892, 32.71459485288744]]]}, "properties": {"title": "ARCADIA TRAILS PH TWO | 112 Future Lots", "description": "Balch Springs | Single-Family | Total 153 | Built 41 | Future Lots 112 | Future Units 112 | 41_parcels_with_year_built_since_2024; 6_parcels_with_incomplete_official_structure_records", "feature_role": "project_boundary", "legend_category": "Other Active Residential", "rank": null, "project_id": "DCAD-SUBD-00133-4924aa936c", "subdivision_number": "00133", "subdivision_name": "ARCADIA TRAILS PH TWO", "city": "Balch Springs", "housing_type": "Single-Family", "total_lots": 153, "built_lots": 41, "future_lots": 112, "future_units": 112, "activity_status": "active_residential", "active_evidence": "41_parcels_with_year_built_since_2024; 6_parcels_with_incomplete_official_structure_records", "match_confidence": 0.999983, "review_status": "high_confidence_spatial_subset", "source_snapshot_date": "GIS parcel 2026-07-10; subdivision 2026-06-27; appraisal retrieved 2026-08-13 (2027 current)", "stroke": "#176B66", "stroke-width": 1, "stroke-opacity": 0.7, "fill": "#2A9D8F", "fill-opacity": 0.22}}, {"type": "Feature", "geometry": {"type": "Polygon", "coordinates": [[[-96.55100462370856, 32.68183815516813], [-96.5506449417685, 32.681572656829296], [-96.5495392819176, 32.68059136618856], [-96.5490534478358, 32.6809841563285], [-96.54894955459544, 32.68089007072413], [-96.54995369696965, 32.68005642185979], [-96.54947832090461, 32.67964577815223], [-96.55035385232824, 32.678911449754885], [-96.54955806557919, 32.67822525530695], [-96.55410354531507, 32.67686446155475], [-96.5544760769327, 32.67735117095554], [-96.5544924524806, 32.67764223744158], [-96.55491186869216, 32.67797523266574], [-96.55465371044495, 32.678242244868656], [-96.55481191494681, 32.67833867322627], [-96.55452118737867, 32.67875475338114], [-96.55423657277606, 32.67936506084996], [-96.55405423639833, 32.679306572359685], [-96.55375690836132, 32.67994319997794], [-96.55331867650936, 32.68046775069184], [-96.55296372912869, 32.680674210580676], [-96.55215482252007, 32.68091929744583], [-96.5518807386746, 32.6810421399409], [-96.55162388418564, 32.68122298259264], [-96.55123282989592, 32.68163402654954], [-96.55101722180413, 32.681771277300285], [-96.55100462370856, 32.68183815516813]]]}, "properties": {"title": "#5 STONEHAVEN PH 5 | 114 Future Lots", "description": "Seagoville | Single-Family | Total 125 | Built 11 | Future Lots 114 | Future Units 114 | 11_parcels_with_year_built_since_2024; 11_parcels_with_incomplete_official_structure_records", "feature_role": "project_boundary", "legend_category": "Top 5 Active Residential", "rank": 5, "project_id": "DCAD-SUBD-04984-5d0ded0970", "subdivision_number": "04984", "subdivision_name": "STONEHAVEN PH 5", "city": "Seagoville", "housing_type": "Single-Family", "total_lots": 125, "built_lots": 11, "future_lots": 114, "future_units": 114, "activity_status": "active_residential", "active_evidence": "11_parcels_with_year_built_since_2024; 11_parcels_with_incomplete_official_structure_records", "match_confidence": 1.0, "review_status": "high_confidence_spatial_subset", "source_snapshot_date": "GIS parcel 2026-07-10; subdivision 2026-06-27; appraisal retrieved 2026-08-13 (2027 current)", "stroke": "#8B1E2B", "stroke-width": 3, "stroke-opacity": 1.0, "fill": "#E63946", "fill-opacity": 0.58}}, {"type": "Feature", "geometry": {"type": "Polygon", "coordinates": [[[-96.52325624911924, 32.9692561421596], [-96.52331781857526, 32.969270490762014], [-96.52326708067646, 32.96958683553028], [-96.52332962409582, 32.9699016748138], [-96.52369975980818, 32.970549414477965], [-96.52341942797507, 32.970692144792054], [-96.51725317194581, 32.97116161816394], [-96.51735209891353, 32.966742530669585], [-96.51994723285804, 32.96571917271675], [-96.52007181292007, 32.965101642479475], [-96.51992126848393, 32.96484484921362], [-96.51992934513636, 32.96475376154198], [-96.52012786917489, 32.96457748886513], [-96.51995102780269, 32.96450923770584], [-96.52019267384621, 32.964277993248295], [-96.52049888166171, 32.96431359514858], [-96.52031764058509, 32.964599980485545], [-96.52035631740058, 32.96491439320169], [-96.5207779442639, 32.96525857734267], [-96.52125076913909, 32.966311971436724], [-96.52181411651193, 32.96690006081924], [-96.52343889449672, 32.96821162685196], [-96.52351910416323, 32.968506324324466], [-96.52372862742857, 32.968801039617844], [-96.52325624911924, 32.9692561421596]]]}, "properties": {"title": "#4 TRAILS AT COTTONWOOD CREEK PH 1 | 116 Future Lots", "description": "Rowlett | Single-Family | Total 225 | Built 109 | Future Lots 116 | Future Units not quantified | 109_parcels_with_year_built_since_2024; 4_parcels_with_incomplete_official_structure_records", "feature_role": "project_boundary", "legend_category": "Top 5 Active Residential", "rank": 4, "project_id": "DCAD-SUBD-02261-c35790b172", "subdivision_number": "02261", "subdivision_name": "TRAILS AT COTTONWOOD CREEK PH 1", "city": "Rowlett", "housing_type": "Single-Family", "total_lots": 225, "built_lots": 109, "future_lots": 116, "future_units": null, "activity_status": "active_residential", "active_evidence": "109_parcels_with_year_built_since_2024; 4_parcels_with_incomplete_official_structure_records", "match_confidence": 1.0, "review_status": "high_confidence_spatial_subset", "source_snapshot_date": "GIS parcel 2026-07-10; subdivision 2026-06-27; appraisal retrieved 2026-08-13 (2027 current)", "stroke": "#8B1E2B", "stroke-width": 3, "stroke-opacity": 1.0, "fill": "#E63946", "fill-opacity": 0.58}}, {"type": "Feature", "geometry": {"type": "Polygon", "coordinates": [[[-96.54231220758717, 32.66054727945716], [-96.54283097433371, 32.66102112695328], [-96.54330762942588, 32.660634592000385], [-96.54336994830106, 32.66048525662346], [-96.5433660523383, 32.660236451808316], [-96.54404996023214, 32.66034736686334], [-96.54437081249984, 32.660622321757494], [-96.5445688790291, 32.66045963626513], [-96.54530800080168, 32.66109987189787], [-96.54411396502971, 32.662056098594874], [-96.54450840775756, 32.66240017164122], [-96.54303181473223, 32.663611254075256], [-96.54228912667644, 32.662964793285475], [-96.5408829842559, 32.66409225897627], [-96.53961725542472, 32.662989848598066], [-96.53760955816244, 32.664637099187935], [-96.53644611632254, 32.66361977480767], [-96.53891576554793, 32.66162863033097], [-96.53925053735942, 32.66191703536956], [-96.54125045920848, 32.66026343872583], [-96.54138229025718, 32.660632944574076], [-96.5413519731192, 32.66065884937594], [-96.54146539702114, 32.66075703875828], [-96.54153779025377, 32.66070322616207], [-96.54180334647565, 32.66093443592874], [-96.54204808725098, 32.66074795075955], [-96.54199758878033, 32.66069916395501], [-96.54231220758717, 32.66054727945716]]]}, "properties": {"title": "#3 COTTONWOOD CREEK | 158 Future Lots", "description": "Seagoville | Single-Family | Total 181 | Built 23 | Future Lots 158 | Future Units 158 | 23_parcels_with_year_built_since_2024; 1_parcels_with_incomplete_official_structure_records", "feature_role": "project_boundary", "legend_category": "Top 5 Active Residential", "rank": 3, "project_id": "DCAD-SUBD-01047-366a6a4eb2", "subdivision_number": "01047", "subdivision_name": "COTTONWOOD CREEK", "city": "Seagoville", "housing_type": "Single-Family", "total_lots": 181, "built_lots": 23, "future_lots": 158, "future_units": 158, "activity_status": "active_residential", "active_evidence": "23_parcels_with_year_built_since_2024; 1_parcels_with_incomplete_official_structure_records", "match_confidence": 0.99991, "review_status": "high_confidence_spatial_subset", "source_snapshot_date": "GIS parcel 2026-07-10; subdivision 2026-06-27; appraisal retrieved 2026-08-13 (2027 current)", "stroke": "#8B1E2B", "stroke-width": 3, "stroke-opacity": 1.0, "fill": "#E63946", "fill-opacity": 0.58}}, {"type": "Feature", "geometry": {"type": "Polygon", "coordinates": [[[-96.8996219011921, 32.549879317203825], [-96.89962294247808, 32.54981637672565], [-96.90264758197732, 32.54982531255318], [-96.90265008310072, 32.55040065256959], [-96.90592205634167, 32.55040741522239], [-96.90592519709688, 32.55104905297934], [-96.90659744533674, 32.5510505133794], [-96.90656957398862, 32.55017646357228], [-96.90632672306018, 32.54985301493374], [-96.90586502763577, 32.54985278588941], [-96.90586579340375, 32.54931161110808], [-96.90809299012575, 32.5493169894276], [-96.9081074469769, 32.55214274660573], [-96.90760741191295, 32.55191294611285], [-96.90719567579531, 32.55248666140811], [-96.90671201455633, 32.55187219138478], [-96.90660894800088, 32.5515749503994], [-96.90659262702067, 32.5513274291755], [-96.90639795203785, 32.55132248409178], [-96.9063967723767, 32.55141517056123], [-96.9064371562975, 32.55169071379755], [-96.90654180998256, 32.551953844293855], [-96.90689390058132, 32.552376786750216], [-96.90724821295144, 32.55259696236461], [-96.90721006265561, 32.55251760970052], [-96.907499974392, 32.55263381818549], [-96.90802532164024, 32.55270956774213], [-96.90802541881514, 32.55276454225868], [-96.90810979753789, 32.55276367066354], [-96.90811357033674, 32.55323127914621], [-96.90665287608287, 32.55323439350287], [-96.90666770764548, 32.55265781406726], [-96.90400427686279, 32.55266749507755], [-96.90400850693605, 32.55362870394584], [-96.89963196197205, 32.553639688389076], [-96.8996219011921, 32.549879317203825]]]}, "properties": {"title": "#2 ADDISON HILLS | 168 Future Lots", "description": "Cedar Hill | Single-Family | Total 253 | Built 85 | Future Lots 168 | Future Units 168 | 85_parcels_with_year_built_since_2024; 18_parcels_with_incomplete_official_structure_records", "feature_role": "project_boundary", "legend_category": "Top 5 Active Residential", "rank": 2, "project_id": "DCAD-SUBD-00113-d2b54dc855", "subdivision_number": "00113", "subdivision_name": "ADDISON HILLS", "city": "Cedar Hill", "housing_type": "Single-Family", "total_lots": 253, "built_lots": 85, "future_lots": 168, "future_units": 168, "activity_status": "active_residential", "active_evidence": "85_parcels_with_year_built_since_2024; 18_parcels_with_incomplete_official_structure_records", "match_confidence": 0.99982, "review_status": "high_confidence_spatial_subset", "source_snapshot_date": "GIS parcel 2026-07-10; subdivision 2026-06-27; appraisal retrieved 2026-08-13 (2027 current)", "stroke": "#8B1E2B", "stroke-width": 3, "stroke-opacity": 1.0, "fill": "#E63946", "fill-opacity": 0.58}}, {"type": "Feature", "geometry": {"type": "Polygon", "coordinates": [[[-96.72690200237035, 32.646673392321084], [-96.72635887456624, 32.64587981479851], [-96.7229208271069, 32.64756745803416], [-96.7229634128911, 32.64684894415131], [-96.7238613888159, 32.645405946467186], [-96.72419408095755, 32.645150253875855], [-96.72450233943258, 32.64433454788326], [-96.72346221094212, 32.6440452630335], [-96.7233534599181, 32.644091113182476], [-96.72571589495145, 32.6410455676133], [-96.72609030460497, 32.6412539326857], [-96.72623443114489, 32.64101868418714], [-96.72702861041353, 32.64153803356183], [-96.72754001851222, 32.64198812110817], [-96.72758943229069, 32.641963900040594], [-96.72767132776492, 32.64208288105382], [-96.72764032594084, 32.642098222711454], [-96.72821275417381, 32.642820072717], [-96.72781566207016, 32.643048453784324], [-96.72808010230406, 32.643425768561556], [-96.72825796651911, 32.64358149449121], [-96.7283671032629, 32.643557697865866], [-96.72844900124663, 32.6436766783593], [-96.72843526361099, 32.64373060751572], [-96.72879754123397, 32.644237924166276], [-96.72893616444746, 32.64420175590604], [-96.7290180637864, 32.64432073602144], [-96.72891248792152, 32.644404845288], [-96.72927306115709, 32.64492866675671], [-96.7297455493469, 32.644728440585205], [-96.72984113730939, 32.64484820087439], [-96.7301947996426, 32.64470670088707], [-96.72985741080028, 32.64487198756274], [-96.73107984205292, 32.64665842241734], [-96.731418246491, 32.646494821061914], [-96.73121834501025, 32.64662443680269], [-96.73151704137754, 32.647056019958434], [-96.72825409393833, 32.64864889345006], [-96.72690200237035, 32.646673392321084]]]}, "properties": {"title": "#1 SOUTHAVEN PH A | 188 Future Lots", "description": "Hutchins | Single-Family | Total 297 | Built 109 | Future Lots 188 | Future Units not quantified | 109_parcels_with_year_built_since_2024; 18_parcels_with_incomplete_official_structure_records", "feature_role": "project_boundary", "legend_category": "Top 5 Active Residential", "rank": 1, "project_id": "DCAD-SUBD-02325-6115a15b72", "subdivision_number": "02325", "subdivision_name": "SOUTHAVEN PH A", "city": "Hutchins", "housing_type": "Single-Family", "total_lots": 297, "built_lots": 109, "future_lots": 188, "future_units": null, "activity_status": "active_residential", "active_evidence": "109_parcels_with_year_built_since_2024; 18_parcels_with_incomplete_official_structure_records", "match_confidence": 1.0, "review_status": "high_confidence_spatial_subset", "source_snapshot_date": "GIS parcel 2026-07-10; subdivision 2026-06-27; appraisal retrieved 2026-08-13 (2027 current)", "stroke": "#8B1E2B", "stroke-width": 3, "stroke-opacity": 1.0, "fill": "#E63946", "fill-opacity": 0.58}}, {"type": "Feature", "geometry": {"type": "Point", "coordinates": [-96.7267613, 32.6448377]}, "properties": {"title": "#1 SOUTHAVEN PH A | 188 Future Lots", "description": "Hutchins | Single-Family | Total 297 | Built 109 | Future Lots 188 | Future Units not quantified | 109_parcels_with_year_built_since_2024; 18_parcels_with_incomplete_official_structure_records", "feature_role": "top5_rank_marker", "legend_category": "Top 5 Rank Marker", "rank": 1, "project_id": "DCAD-SUBD-02325-6115a15b72", "subdivision_number": "02325", "subdivision_name": "SOUTHAVEN PH A", "city": "Hutchins", "housing_type": "Single-Family", "total_lots": 297, "built_lots": 109, "future_lots": 188, "future_units": null, "activity_status": "active_residential", "active_evidence": "109_parcels_with_year_built_since_2024; 18_parcels_with_incomplete_official_structure_records", "match_confidence": 1.0, "review_status": "high_confidence_spatial_subset", "source_snapshot_date": "GIS parcel 2026-07-10; subdivision 2026-06-27; appraisal retrieved 2026-08-13 (2027 current)", "marker-color": "#E63946", "marker-size": "large", "marker-symbol": "1"}}, {"type": "Feature", "geometry": {"type": "Point", "coordinates": [-96.9030138, 32.5514675]}, "properties": {"title": "#2 ADDISON HILLS | 168 Future Lots", "description": "Cedar Hill | Single-Family | Total 253 | Built 85 | Future Lots 168 | Future Units 168 | 85_parcels_with_year_built_since_2024; 18_parcels_with_incomplete_official_structure_records", "feature_role": "top5_rank_marker", "legend_category": "Top 5 Rank Marker", "rank": 2, "project_id": "DCAD-SUBD-00113-d2b54dc855", "subdivision_number": "00113", "subdivision_name": "ADDISON HILLS", "city": "Cedar Hill", "housing_type": "Single-Family", "total_lots": 253, "built_lots": 85, "future_lots": 168, "future_units": 168, "activity_status": "active_residential", "active_evidence": "85_parcels_with_year_built_since_2024; 18_parcels_with_incomplete_official_structure_records", "match_confidence": 0.99982, "review_status": "high_confidence_spatial_subset", "source_snapshot_date": "GIS parcel 2026-07-10; subdivision 2026-06-27; appraisal retrieved 2026-08-13 (2027 current)", "marker-color": "#E63946", "marker-size": "large", "marker-symbol": "2"}}, {"type": "Feature", "geometry": {"type": "Point", "coordinates": [-96.5411408, 32.662486]}, "properties": {"title": "#3 COTTONWOOD CREEK | 158 Future Lots", "description": "Seagoville | Single-Family | Total 181 | Built 23 | Future Lots 158 | Future Units 158 | 23_parcels_with_year_built_since_2024; 1_parcels_with_incomplete_official_structure_records", "feature_role": "top5_rank_marker", "legend_category": "Top 5 Rank Marker", "rank": 3, "project_id": "DCAD-SUBD-01047-366a6a4eb2", "subdivision_number": "01047", "subdivision_name": "COTTONWOOD CREEK", "city": "Seagoville", "housing_type": "Single-Family", "total_lots": 181, "built_lots": 23, "future_lots": 158, "future_units": 158, "activity_status": "active_residential", "active_evidence": "23_parcels_with_year_built_since_2024; 1_parcels_with_incomplete_official_structure_records", "match_confidence": 0.99991, "review_status": "high_confidence_spatial_subset", "source_snapshot_date": "GIS parcel 2026-07-10; subdivision 2026-06-27; appraisal retrieved 2026-08-13 (2027 current)", "marker-color": "#E63946", "marker-size": "large", "marker-symbol": "3"}}, {"type": "Feature", "geometry": {"type": "Point", "coordinates": [-96.5198475, 32.9673272]}, "properties": {"title": "#4 TRAILS AT COTTONWOOD CREEK PH 1 | 116 Future Lots", "description": "Rowlett | Single-Family | Total 225 | Built 109 | Future Lots 116 | Future Units not quantified | 109_parcels_with_year_built_since_2024; 4_parcels_with_incomplete_official_structure_records", "feature_role": "top5_rank_marker", "legend_category": "Top 5 Rank Marker", "rank": 4, "project_id": "DCAD-SUBD-02261-c35790b172", "subdivision_number": "02261", "subdivision_name": "TRAILS AT COTTONWOOD CREEK PH 1", "city": "Rowlett", "housing_type": "Single-Family", "total_lots": 225, "built_lots": 109, "future_lots": 116, "future_units": null, "activity_status": "active_residential", "active_evidence": "109_parcels_with_year_built_since_2024; 4_parcels_with_incomplete_official_structure_records", "match_confidence": 1.0, "review_status": "high_confidence_spatial_subset", "source_snapshot_date": "GIS parcel 2026-07-10; subdivision 2026-06-27; appraisal retrieved 2026-08-13 (2027 current)", "marker-color": "#E63946", "marker-size": "large", "marker-symbol": "4"}}, {"type": "Feature", "geometry": {"type": "Point", "coordinates": [-96.5519371, 32.6793445]}, "properties": {"title": "#5 STONEHAVEN PH 5 | 114 Future Lots", "description": "Seagoville | Single-Family | Total 125 | Built 11 | Future Lots 114 | Future Units 114 | 11_parcels_with_year_built_since_2024; 11_parcels_with_incomplete_official_structure_records", "feature_role": "top5_rank_marker", "legend_category": "Top 5 Rank Marker", "rank": 5, "project_id": "DCAD-SUBD-04984-5d0ded0970", "subdivision_number": "04984", "subdivision_name": "STONEHAVEN PH 5", "city": "Seagoville", "housing_type": "Single-Family", "total_lots": 125, "built_lots": 11, "future_lots": 114, "future_units": 114, "activity_status": "active_residential", "active_evidence": "11_parcels_with_year_built_since_2024; 11_parcels_with_incomplete_official_structure_records", "match_confidence": 1.0, "review_status": "high_confidence_spatial_subset", "source_snapshot_date": "GIS parcel 2026-07-10; subdivision 2026-06-27; appraisal retrieved 2026-08-13 (2027 current)", "marker-color": "#E63946", "marker-size": "large", "marker-symbol": "5"}}]}